Timestamp,Score,البريد الإلكتروني,السؤال 1: في قسم الطوارئ، يصل مريضان في حالة حرجة بعد حادث كبير، وكلاهما يحتاج إلى جهاز التنفس الصناعي الوحيد المتوفر للبقاء على قيد الحياة. يجب على الطبيب اتخاذ قرار فوري. ما المعضلة الأخلاقية الأساسية التي يجب حلها؟,السؤال 2: على الرغم من الحملات الإعلامية المستمرة التي تشجع على التبرع بالأعضاء بعد الوفاة لإنقاذ حياة الكثيرين، لا يزال عدد المسجلين في قوائم التبرع منخفضًا جدًا في المجتمع. ما الفرض الرئيسي الذي قد يفسر هذه الظاهرة؟,السؤال 3: يريد فريق بحثي أن يختبر بشكل علمي الفرضية القائلة بأن 'المعتقدات الدينية هي السبب الرئيسي لرفض التبرع بالأعضاء'. للوصول إلى نتيجة دقيقة، أي الطرق البحثية التالية هي الأفضل؟,السؤال 4: يقوم باحث طبي بجمع عينات من الطلاب لإجراء دراسة، ويخبرهم أنها لفحص عام، لكنه في الحقيقة يستخدمها لبحث جيني دون علمهم أو موافقتهم الصريحة. ما هو الانتهاك الأخلاقي الرئيسي هنا؟,السؤال 5: بعد أن أثبتت الدراسات أن 'المعتقدات الدينية الخاطئة' هي عائق كبير أمام التبرع بالأعضاء، ما هو الحل الأكثر فعالية وإيجابية الذي يمكن أن تتبناه الدولة؟,السؤال 6: تصل إلى المستشفى الحكومي أسرة فقيرة لديها طفل يحتاج لعملية جراحية دقيقة وعاجلة لإنقاذ حياته، لكن تكاليف العملية والمستلزمات الطبية تفوق قدرتهم المادية بكثير. ما المشكلة الجوهرية التي يكشفها هذا الموقف؟,السؤال 7: يعلن مركز أبحاث عن تجربة لعلاج جديد، ورغم حاجة الكثير من المرضى إليه، إلا أن نسبة قليلة جدًا توافق على الاشتراك. يحاول الباحثون فهم سبب هذا الرفض. ما الفرض الأكثر احتمالاً لتفسير سلوك المرضى؟,السؤال 8: يفترض باحث أن 'الخوف من الآثار الجانبية' هو السبب الرئيسي لرفض المرضى المشاركة في التجارب السريرية. كيف يمكن لهذا الباحث اختبار صحة فرضيته بشكل فعال؟,السؤال 9: تلاحظ السلطات الصحية انتشار 'سماسرة' يقومون بإقناع الفقراء ببيع أعضائهم للأثرياء، مكونين شبكة غير قانونية للإتجار بالأعضاء البشرية. ما الفرض الأقوى الذي يفسر جذور هذه الظاهرة؟,السؤال 10: بعد أن تأكد الباحثون أن 'الخوف من الآثار الجانبية' هو سبب رفض المرضى للمشاركة في التجارب، ما هو الحل الأمثل لتشجيعهم على المشاركة في التجارب الضرورية والآمنة؟,السؤال 11: مريضة في مرحلة متأخرة من مرض عضال، تعاني من آلام شديدة لا تستجيب للمسكنات، ولا يوجد أمل طبي في الشفاء. تطلب المريضة بوعي كامل من طبيبها إيقاف جميع أشكال العلاج. ما المشكلة الأخلاقية التي يواجهها الطبيب؟,السؤال 12: يواجه الأطباء صعوبة في إقناع بعض العائلات بفكرة 'موت الدماغ' كمعيار رسمي للوفاة، وتصر العائلات على استمرار الأجهزة الداعمة رغم تأكيد الأطباء موت الدماغ. ما الفرض الذي يفسر موقف العائلات؟,السؤال 13: تريد منظمة دولية إثبات الفرضية القائلة بأن 'الفقر الشديد' هو المحرك الرئيسي لظاهرة الإتجار بالأعضاء في دولة معينة. ما هي أفضل طريقة منهجية لاختبار هذه الفرضية؟,السؤال 14: يعتقد فريق من الأطباء أن 'المعتقدات الدينية' هي السبب وراء رفض العائلات لفكرة موت الدماغ. لاختبار صحة هذه الفرضية، ما هو الإجراء البحثي الأنسب الذي يمكنهم القيام به؟,السؤال 15: إذا ثبت أن الفقر وضعف القوانين هما السببان الرئيسيان لانتشار 'الإتجار بالأعضاء'، فما هو الحل الجذري الذي يجب على الدولة تطبيقه لمواجهة هذه المشكلة؟,السؤال 16: يعلن شخص عن رغبته في بيع إحدى كليتيه لشخص غريب لا يعرفه مقابل مبلغ مالي كبير، وذلك بسبب مروره بضائقة مالية شديدة. ما المشكلة الأخلاقية الأساسية في هذا الموقف؟,السؤال 17: أظهر استبيان أن العديد من المرضى يخرجون من عيادة الطبيب دون فهم كامل لحالتهم أو لخطة العلاج، ويشعرون أن الطبيب لم يمنحهم الوقت الكافي. ما السبب المحتمل الذي يفسر هذا السلوك من جانب الأطباء؟,السؤال 18: تفترض إدارة مستشفى أن 'ضغط العمل' هو السبب الذي يمنع الأطباء من شرح الإجراءات الطبية بوضوح للمرضى. كيف يمكن للإدارة اختبار صحة هذه الفرضية؟,السؤال 19: لمواجهة مشكلة رفض بعض العائلات لفكرة 'موت الدماغ' كمعيار للوفاة، ما هو الحل الأنسب الذي يجب أن تتبعه المستشفيات؟,السؤال 20: لحل مشكلة 'نقص التواصل' بين الأطباء والمرضى الناتجة عن ضغط العمل، ما هو الإجراء الأكثر استدامة وفعالية الذي يمكن أن تتبناه إدارة المستشفى؟,السؤال 21: لاحظت طبيبة حديثة أن أحد الأطباء الكبار في القسم يقوم أحيانًا بإجراء عمليات جراحية للمرضى دون أن يشرح لهم المخاطر بشكل كامل، ويكتفي بموافقتهم السريعة. ما المشكلة الجوهرية في سلوك الطبيب الكبير؟,السؤال 22: في دولة أصبح فيها 'الموت الرحيم' قانونيًا بشروط محددة، لا يزال العديد من الأطباء يرفضون تمامًا تنفيذه حتى لو طلب المريض ذلك وكان مستوفيًا للشروط. ما الفرض الذي يفسر موقف هؤلاء الأطباء؟,السؤال 23: يريد باحث في الأخلاقيات الطبية التحقق من فرضية أن 'الالتزام الأخلاقي الشخصي' هو ما يدفع الأطباء لرفض الموت الرحيم (حتى لو كان قانونيًا). ما هي أفضل طريقة لاختبار ذلك؟,السؤال 24: في موقف يطلب فيه مريض مؤهل 'للموت الرحيم' إنهاء حياته، بينما يرفض الطبيب ذلك 'لالتزامه الأخلاقي'. ما هو التصرف الصحيح لحل هذا التعارض؟,السؤال 25: إذا أرادت دولة زيادة أعداد المتبرعين بالأعضاء بشكل كبير لمعالجة 'نقص الوعي'، فما هي الاستراتيجية الأكثر شمولية التي يجب اتباعها؟,السؤال 26: في مستشفى حكومي مزدحم، يلاحظ أحد الممرضين أن المدير الإداري يتدخل أحيانًا لتقديم المرضى الذين لديهم 'وساطة' أو معرفة شخصية على حساب مرضى آخرين قد تكون حالتهم أشد خطورة. ما المشكلة الأخلاقية هنا؟,السؤال 27: تلاحظ جمعية زراعة الأعضاء أن أعداد المتبرعين بالأعضاء بعد الوفاة منخفضة جدًا مقارنة بالدول الأخرى، على الرغم من الحاجة الماسة لها. ما الفرض المنطقي الذي يفسر هذا الانخفاض؟,السؤال 28: تفترض حملة توعية صحية أن 'الخوف من نتيجة الفحص' هو الحاجز النفسي الأكبر الذي يمنع الناس من إجراء الفحوصات الدورية. لإثبات صحة هذه الفرضية وتركيز جهود الحملة عليها، ما أفضل دليل يمكن جمعه؟,السؤال 29: لضمان 'العدالة' في توزيع الرعاية الصحية في مستشفى حكومي يعاني من 'الوساطة'، ما هو الحل الأكثر فعالية الذي يجب تطبيقه فورًا؟,السؤال 30: لحل مشكلة 'انتهاك الموافقة المستنيرة' في الأبحاث الطبية على الطلاب، ما هو الإجراء التصحيحي الأهم الذي يجب على الجامعة اتخاذه؟
2/21/2026 19:07:41,17 / 30,kawthar.galal35@gmail.com,نقص التمويل الحكومي المخصص للمستشفيات,عدم معرفة الأغلبية بالطريقة الصحيحة للتسجيل في قوائم التبرع,إجراء دراسة مسحية تقارن معدلات الموافقة لدى مجموعات بخلفيات دينية مختلفة,انتهاك مبدأ الموافقة المستنيرة وخداع المشاركين,إصدار قانون يجبر جميع المواطنين على التبرع بأعضائهم,انعدام العدالة في توزيع الموارد الصحية مما يمنع البعض من حقه في الرعاية,الخوف من الأعراض الجانبية غير المعروفة أو من كونهم 'فئران تجارب',سؤال الصيادلة في المستشفى عن رأيهم في التجارب,انتشار الفقر الشديد بالتزامن مع ضعف الرقابة القانونية,تقديم مبالغ مالية ضخمة للمشاركين لجذبهم,اعتراض أسرة المريضة على قرارها بسبب تعلقهم بها,تعارض فكرة موت الدماغ مع معتقداتهم الدينية أو أملهم في حدوث معجزة,مراجعة قوائم الطعام وأسعار السلع الأساسية في الأسواق,قياس ضغط الدم ومعدل نبضات قلب أفراد العائلة,تشديد العقوبات القانونية على السماسرة بالتزامن مع توفير برامج دعم اقتصادي للفقراء,نقص الأطباء المتخصصين في جراحات زراعة الأعضاء,ارتفاع أعداد المرضى بشكل يفوق قدرة الأطباء,مراقبة جداول عمل الأطباء وحساب متوسط الوقت المخصص لكل مريض ومقارنته بمستوى رضا المرضى,إطلاق حملات توعية عامة وشرح المعايير الطبية بدقة مع تقديم دعم نفسي للعائلات,عقد ورش عمل لتدريب الأطباء على مهارات التواصل الفعال وتخصيص وقت كافٍ للشرح,التنافس المهني بين الأطباء داخل القسم,الخوف من المسؤولية القانونية رغم أن الإجراء قانوني,إجراء استبيان مجهول الهوية يقدم سيناريوهات أخلاقية للأطباء ويسألهم عن قيمهم,إجراء حوار شامل مع المريض، وإذا استمر التعارض، يتم تحويل رعاية المريض لطبيب آخر يقبل الإجراء,إطلاق حملات توعية وطنية شاملة في الإعلام والمدارس ودور العبادة,انتهاك صارخ لمبدأ العدالة والمساواة في تقديم الرعاية الصحية,كراهية عامة لفكرة المستشفيات والعمليات الجراحية,إجراء استبيان يسأل الناس مباشرة عن ترتيب مخاوفهم كأسباب لعدم إجراء الفحص,تطبيق نظام 'فرز طبي' واضح يعتمد فقط على الحاجة الطبية وخطورة الحالة,وضع سياسات صارمة وإنشاء 'لجنة أخلاقيات بحث' تراجع كل الأبحاث وتضمن موافقة واضحة
2/21/2026 19:07:50,22 / 30,fatima.saeed.q@gmail.com,ضرورة وضع معايير أخلاقية ومنصفة لتحديد أولوية الحصول على الموارد,عدم معرفة الأغلبية بالطريقة الصحيحة للتسجيل في قوائم التبرع,إجراء دراسة مسحية تقارن معدلات الموافقة لدى مجموعات بخلفيات دينية مختلفة,انتهاك مبدأ الموافقة المستنيرة وخداع المشاركين,إصدار قانون يجبر جميع المواطنين على التبرع بأعضائهم,انعدام العدالة في توزيع الموارد الصحية مما يمنع البعض من حقه في الرعاية,الخوف من الأعراض الجانبية غير المعروفة أو من كونهم 'فئران تجارب',إجراء فحوصات دم للمرضى لقياس مستوى القلق لديهم,نقص الوعي التعليمي العام بمخاطر هذه العمليات,تطبيق 'الموافقة المستنيرة' بصرامة، وشرح الفوائد والمخاطر بشفافية كاملة,التعارض بين احترام استقلالية المريضة وواجب الطبيب الأخلاقي في الحفاظ على الحياة,تعارض فكرة موت الدماغ مع معتقداتهم الدينية أو أملهم في حدوث معجزة,زيارة المناطق السياحية في هذه الدولة وملاحظة الزوار,قياس ضغط الدم ومعدل نبضات قلب أفراد العائلة,تشديد العقوبات القانونية على السماسرة بالتزامن مع توفير برامج دعم اقتصادي للفقراء,الصراع بين حاجة الشخص للمال وخطر تحويل جسد الإنسان إلى سلعة تُباع وتُشترى,ضغط العمل الشديد ونظام المواعيد الذي يخصص وقتاً قصيراً لكل مريض,زيادة عدد المستشفيات في المدينة لملاحظة الفرق,إطلاق حملات توعية عامة وشرح المعايير الطبية بدقة مع تقديم دعم نفسي للعائلات,عقد ورش عمل لتدريب الأطباء على مهارات التواصل الفعال وتخصيص وقت كافٍ للشرح,انتهاك المعايير الأخلاقية الطبية وحق المريض الأساسي في الموافقة المستنيرة,تعارض هذا الإجراء مع قَسَم أبقراط ومعتقداتهم الأخلاقية والدينية العميقة,إجراء استبيان مجهول الهوية يقدم سيناريوهات أخلاقية للأطباء ويسألهم عن قيمهم,إجراء حوار شامل مع المريض، وإذا استمر التعارض، يتم تحويل رعاية المريض لطبيب آخر يقبل الإجراء,إطلاق حملات توعية وطنية شاملة في الإعلام والمدارس ودور العبادة,قلة عدد الأطباء والممرضين مقارنة بعدد المرضى,نقص الوعي العام بأهمية التبرع وانتشار مفاهيم خاطئة حوله,إجراء استبيان يسأل الناس مباشرة عن ترتيب مخاوفهم كأسباب لعدم إجراء الفحص,تطبيق نظام 'فرز طبي' واضح يعتمد فقط على الحاجة الطبية وخطورة الحالة,وضع سياسات صارمة وإنشاء 'لجنة أخلاقيات بحث' تراجع كل الأبحاث وتضمن موافقة واضحة
2/21/2026 19:07:58,7 / 30,amal.farouk58@gmail.com,عدم وجود عدد كافٍ من الأطباء في قسم الطوارئ,الخوف العام من زيارة المستشفيات والتعامل مع الأطباء,سؤال الأطباء عن انطباعاتهم الشخصية حول المرضى,انتهاك مبدأ الموافقة المستنيرة وخداع المشاركين,إصدار قانون يجبر جميع المواطنين على التبرع بأعضائهم,انعدام العدالة في توزيع الموارد الصحية مما يمنع البعض من حقه في الرعاية,ارتفاع التكلفة المالية للاشتراك في هذه التجارب,سؤال الصيادلة في المستشفى عن رأيهم في التجارب,زيادة عدد المستشفيات الخاصة التي تجري عمليات الزرع,تقديم مبالغ مالية ضخمة للمشاركين لجذبهم,التكلفة المالية العالية للأدوية المسكنة,تعارض فكرة موت الدماغ مع معتقداتهم الدينية أو أملهم في حدوث معجزة,مراجعة قوائم الطعام وأسعار السلع الأساسية في الأسواق,إجراء مقابلات منظمة مع العائلات الرافضة ودراسة خلفياتهم الثقافية والدينية,تشديد العقوبات القانونية على السماسرة بالتزامن مع توفير برامج دعم اقتصادي للفقراء,رفض أسرة المتبرع لهذا القرار خوفًا على صحته,ضغط العمل الشديد ونظام المواعيد الذي يخصص وقتاً قصيراً لكل مريض,زيادة عدد المستشفيات في المدينة لملاحظة الفرق,إلغاء معيار موت الدماغ والعودة لمعيار توقف القلب فقط,منع المرضى من طرح الأسئلة لتوفير وقت الطبيب,ارتفاع عدد العمليات الجراحية التي يجريها القسم,عدم توفر المعدات والأدوية اللازمة لتنفيذه,إجراء استبيان مجهول الهوية يقدم سيناريوهات أخلاقية للأطباء ويسألهم عن قيمهم,أن يتجاهل الطبيب رغبة المريض تمامًا ويستمر في العلاج,رفع التكلفة المالية لعمليات زراعة الأعضاء,ارتفاع أعداد المرضى الوافدين إلى المستشفى يوميًا,كراهية عامة لفكرة المستشفيات والعمليات الجراحية,زيادة عدد المستشفيات التي تقدم الفحوصات وملاحظة الإقبال,توزيع الأسرة والخدمات بنظام القرعة العشوائية,تجاهل الموضوع طالما لم يصب أحد بأذى
2/21/2026 19:12:43,15 / 30,esraa.hussein33@gmail.com,ضرورة وضع معايير أخلاقية ومنصفة لتحديد أولوية الحصول على الموارد,وجود معتقدات دينية أو ثقافية راسخة تمنع المساس بالجسد بعد الوفاة,سؤال الأطباء عن انطباعاتهم الشخصية حول المرضى,انتهاك مبدأ الموافقة المستنيرة وخداع المشاركين,منع وسائل الإعلام من مناقشة هذا الموضوع,انعدام العدالة في توزيع الموارد الصحية مما يمنع البعض من حقه في الرعاية,الخوف من الأعراض الجانبية غير المعروفة أو من كونهم 'فئران تجارب',إجراء مقابلات معمقة واستبيانات مجهولة الهوية مع المرضى الرافضين لسؤالهم عن أسباب رفضهم,نقص الوعي التعليمي العام بمخاطر هذه العمليات,تقديم مبالغ مالية ضخمة للمشاركين لجذبهم,التعارض بين احترام استقلالية المريضة وواجب الطبيب الأخلاقي في الحفاظ على الحياة,الخوف من مطالبة المستشفى بدفع فواتير باهظة,مراجعة قوائم الطعام وأسعار السلع الأساسية في الأسواق,قياس ضغط الدم ومعدل نبضات قلب أفراد العائلة,تشديد العقوبات القانونية على السماسرة بالتزامن مع توفير برامج دعم اقتصادي للفقراء,رفض أسرة المتبرع لهذا القرار خوفًا على صحته,ضغط العمل الشديد ونظام المواعيد الذي يخصص وقتاً قصيراً لكل مريض,رفع أسعار الكشف الطبي في العيادات الخارجية,إلغاء معيار موت الدماغ والعودة لمعيار توقف القلب فقط,تقليل عدد المرضى المسموح بهم لكل طبيب بشكل دائم,انتهاك المعايير الأخلاقية الطبية وحق المريض الأساسي في الموافقة المستنيرة,تعارض هذا الإجراء مع قَسَم أبقراط ومعتقداتهم الأخلاقية والدينية العميقة,إجراء استبيان مجهول الهوية يقدم سيناريوهات أخلاقية للأطباء ويسألهم عن قيمهم,أن يتجاهل الطبيب رغبة المريض تمامًا ويستمر في العلاج,إطلاق حملات توعية وطنية شاملة في الإعلام والمدارس ودور العبادة,نقص الأسِرَّة المتاحة في المستشفى لاستقبال المرضى,كراهية عامة لفكرة المستشفيات والعمليات الجراحية,زيادة عدد المستشفيات التي تقدم الفحوصات وملاحظة الإقبال,تطبيق نظام 'فرز طبي' واضح يعتمد فقط على الحاجة الطبية وخطورة الحالة,وضع سياسات صارمة وإنشاء 'لجنة أخلاقيات بحث' تراجع كل الأبحاث وتضمن موافقة واضحة
2/21/2026 19:12:53,21 / 30,rasha.anwar.m@gmail.com,ضرورة وضع معايير أخلاقية ومنصفة لتحديد أولوية الحصول على الموارد,وجود معتقدات دينية أو ثقافية راسخة تمنع المساس بالجسد بعد الوفاة,مراجعة قوانين التبرع بالأعضاء في الدول المجاورة,انتهاك مبدأ الموافقة المستنيرة وخداع المشاركين,إطلاق حملات توعية بالتعاون مع رجال الدين الموثوقين لتوضيح الموقف الديني الصحيح,انعدام العدالة في توزيع الموارد الصحية مما يمنع البعض من حقه في الرعاية,الخوف من الأعراض الجانبية غير المعروفة أو من كونهم 'فئران تجارب',قراءة المقالات الطبية المنشورة عن الدواء الجديد,انتشار الفقر الشديد بالتزامن مع ضعف الرقابة القانونية,تقديم مبالغ مالية ضخمة للمشاركين لجذبهم,التعارض بين احترام استقلالية المريضة وواجب الطبيب الأخلاقي في الحفاظ على الحياة,تعارض فكرة موت الدماغ مع معتقداتهم الدينية أو أملهم في حدوث معجزة,مراجعة قوائم الطعام وأسعار السلع الأساسية في الأسواق,قياس ضغط الدم ومعدل نبضات قلب أفراد العائلة,تشديد العقوبات القانونية على السماسرة بالتزامن مع توفير برامج دعم اقتصادي للفقراء,الصراع بين حاجة الشخص للمال وخطر تحويل جسد الإنسان إلى سلعة تُباع وتُشترى,ضغط العمل الشديد ونظام المواعيد الذي يخصص وقتاً قصيراً لكل مريض,مراقبة جداول عمل الأطباء وحساب متوسط الوقت المخصص لكل مريض ومقارنته بمستوى رضا المرضى,إطلاق حملات توعية عامة وشرح المعايير الطبية بدقة مع تقديم دعم نفسي للعائلات,عقد ورش عمل لتدريب الأطباء على مهارات التواصل الفعال وتخصيص وقت كافٍ للشرح,نقص الوقت المتاح للأطباء بسبب ضغط العمل,الخوف من المسؤولية القانونية رغم أن الإجراء قانوني,إجراء استبيان مجهول الهوية يقدم سيناريوهات أخلاقية للأطباء ويسألهم عن قيمهم,إجراء حوار شامل مع المريض، وإذا استمر التعارض، يتم تحويل رعاية المريض لطبيب آخر يقبل الإجراء,إطلاق حملات توعية وطنية شاملة في الإعلام والمدارس ودور العبادة,نقص الأسِرَّة المتاحة في المستشفى لاستقبال المرضى,ارتفاع المستوى الصحي العام في المجتمع وقلة الحاجة للزرع,إجراء استبيان يسأل الناس مباشرة عن ترتيب مخاوفهم كأسباب لعدم إجراء الفحص,تطبيق نظام 'فرز طبي' واضح يعتمد فقط على الحاجة الطبية وخطورة الحالة,وضع سياسات صارمة وإنشاء 'لجنة أخلاقيات بحث' تراجع كل الأبحاث وتضمن موافقة واضحة
2/21/2026 19:13:03,21 / 30,rasha.ashraf9@gmail.com,ضرورة وضع معايير أخلاقية ومنصفة لتحديد أولوية الحصول على الموارد,وجود معتقدات دينية أو ثقافية راسخة تمنع المساس بالجسد بعد الوفاة,إجراء دراسة مسحية تقارن معدلات الموافقة لدى مجموعات بخلفيات دينية مختلفة,انتهاك مبدأ الموافقة المستنيرة وخداع المشاركين,إطلاق حملات توعية بالتعاون مع رجال الدين الموثوقين لتوضيح الموقف الديني الصحيح,انعدام العدالة في توزيع الموارد الصحية مما يمنع البعض من حقه في الرعاية,الخوف من الأعراض الجانبية غير المعروفة أو من كونهم 'فئران تجارب',قراءة المقالات الطبية المنشورة عن الدواء الجديد,انتشار الفقر الشديد بالتزامن مع ضعف الرقابة القانونية,إجبار المرضى الذين ليس لديهم خيار آخر على المشاركة,التعارض بين احترام استقلالية المريضة وواجب الطبيب الأخلاقي في الحفاظ على الحياة,تعارض فكرة موت الدماغ مع معتقداتهم الدينية أو أملهم في حدوث معجزة,إجراء دراسة ميدانية لتحليل الوضع الاقتصادي والاجتماعي لضحايا بيع الأعضاء,قياس ضغط الدم ومعدل نبضات قلب أفراد العائلة,تشديد العقوبات القانونية على السماسرة بالتزامن مع توفير برامج دعم اقتصادي للفقراء,الصراع بين حاجة الشخص للمال وخطر تحويل جسد الإنسان إلى سلعة تُباع وتُشترى,شعور الأطباء بالملل من تكرار نفس الشرح,زيادة عدد المستشفيات في المدينة لملاحظة الفرق,إطلاق حملات توعية عامة وشرح المعايير الطبية بدقة مع تقديم دعم نفسي للعائلات,عقد ورش عمل لتدريب الأطباء على مهارات التواصل الفعال وتخصيص وقت كافٍ للشرح,ارتفاع عدد العمليات الجراحية التي يجريها القسم,تعارض هذا الإجراء مع قَسَم أبقراط ومعتقداتهم الأخلاقية والدينية العميقة,إجراء استبيان مجهول الهوية يقدم سيناريوهات أخلاقية للأطباء ويسألهم عن قيمهم,إجراء حوار شامل مع المريض، وإذا استمر التعارض، يتم تحويل رعاية المريض لطبيب آخر يقبل الإجراء,إطلاق حملات توعية وطنية شاملة في الإعلام والمدارس ودور العبادة,نقص الأسِرَّة المتاحة في المستشفى لاستقبال المرضى,كراهية عامة لفكرة المستشفيات والعمليات الجراحية,زيادة عدد المستشفيات التي تقدم الفحوصات وملاحظة الإقبال,تطبيق نظام 'فرز طبي' واضح يعتمد فقط على الحاجة الطبية وخطورة الحالة,وضع سياسات صارمة وإنشاء 'لجنة أخلاقيات بحث' تراجع كل الأبحاث وتضمن موافقة واضحة
2/21/2026 19:17:42,14 / 30,rana.mohamed.k3@gmail.com,ضرورة وضع معايير أخلاقية ومنصفة لتحديد أولوية الحصول على الموارد,عدم معرفة الأغلبية بالطريقة الصحيحة للتسجيل في قوائم التبرع,مراجعة قوانين التبرع بالأعضاء في الدول المجاورة,انتهاك مبدأ الموافقة المستنيرة وخداع المشاركين,إصدار قانون يجبر جميع المواطنين على التبرع بأعضائهم,انعدام العدالة في توزيع الموارد الصحية مما يمنع البعض من حقه في الرعاية,الخوف من الأعراض الجانبية غير المعروفة أو من كونهم 'فئران تجارب',قراءة المقالات الطبية المنشورة عن الدواء الجديد,نقص الوعي التعليمي العام بمخاطر هذه العمليات,تقديم مبالغ مالية ضخمة للمشاركين لجذبهم,التعارض بين احترام استقلالية المريضة وواجب الطبيب الأخلاقي في الحفاظ على الحياة,تعارض فكرة موت الدماغ مع معتقداتهم الدينية أو أملهم في حدوث معجزة,إجراء دراسة ميدانية لتحليل الوضع الاقتصادي والاجتماعي لضحايا بيع الأعضاء,قياس ضغط الدم ومعدل نبضات قلب أفراد العائلة,تشديد العقوبات القانونية على السماسرة بالتزامن مع توفير برامج دعم اقتصادي للفقراء,نقص الأطباء المتخصصين في جراحات زراعة الأعضاء,اعتقاد الأطباء أن المرضى يرفضون الاستماع للنصائح,زيادة عدد المستشفيات في المدينة لملاحظة الفرق,منع وسائل الإعلام من التحدث عن حالات موت الدماغ,تقليل عدد المرضى المسموح بهم لكل طبيب بشكل دائم,ارتفاع عدد العمليات الجراحية التي يجريها القسم,الخوف من المسؤولية القانونية رغم أن الإجراء قانوني,سؤال المرضى عن رأيهم في الأطباء الرافضين,إجراء حوار شامل مع المريض، وإذا استمر التعارض، يتم تحويل رعاية المريض لطبيب آخر يقبل الإجراء,إطلاق حملات توعية وطنية شاملة في الإعلام والمدارس ودور العبادة,ارتفاع أعداد المرضى الوافدين إلى المستشفى يوميًا,نقص الوعي العام بأهمية التبرع وانتشار مفاهيم خاطئة حوله,إجراء استبيان يسأل الناس مباشرة عن ترتيب مخاوفهم كأسباب لعدم إجراء الفحص,تطبيق نظام 'فرز طبي' واضح يعتمد فقط على الحاجة الطبية وخطورة الحالة,وضع سياسات صارمة وإنشاء 'لجنة أخلاقيات بحث' تراجع كل الأبحاث وتضمن موافقة واضحة
2/21/2026 19:17:54,20 / 30,hanan.waleed.s@gmail.com,ضرورة وضع معايير أخلاقية ومنصفة لتحديد أولوية الحصول على الموارد,وجود معتقدات دينية أو ثقافية راسخة تمنع المساس بالجسد بعد الوفاة,سؤال الأطباء عن انطباعاتهم الشخصية حول المرضى,انتهاك مبدأ الموافقة المستنيرة وخداع المشاركين,إصدار قانون يجبر جميع المواطنين على التبرع بأعضائهم,انعدام العدالة في توزيع الموارد الصحية مما يمنع البعض من حقه في الرعاية,الخوف من الأعراض الجانبية غير المعروفة أو من كونهم 'فئران تجارب',سؤال الصيادلة في المستشفى عن رأيهم في التجارب,انتشار الفقر الشديد بالتزامن مع ضعف الرقابة القانونية,تقديم مبالغ مالية ضخمة للمشاركين لجذبهم,التعارض بين احترام استقلالية المريضة وواجب الطبيب الأخلاقي في الحفاظ على الحياة,عدم فهمهم للمصطلحات الطبية المعقدة التي يستخدمها الأطباء,مراجعة قوائم الطعام وأسعار السلع الأساسية في الأسواق,سؤال طاقم الممرضين عن انطباعاتهم حول العائلات,تشديد العقوبات القانونية على السماسرة بالتزامن مع توفير برامج دعم اقتصادي للفقراء,الصراع بين حاجة الشخص للمال وخطر تحويل جسد الإنسان إلى سلعة تُباع وتُشترى,ضغط العمل الشديد ونظام المواعيد الذي يخصص وقتاً قصيراً لكل مريض,مراقبة جداول عمل الأطباء وحساب متوسط الوقت المخصص لكل مريض ومقارنته بمستوى رضا المرضى,إطلاق حملات توعية عامة وشرح المعايير الطبية بدقة مع تقديم دعم نفسي للعائلات,عقد ورش عمل لتدريب الأطباء على مهارات التواصل الفعال وتخصيص وقت كافٍ للشرح,انتهاك المعايير الأخلاقية الطبية وحق المريض الأساسي في الموافقة المستنيرة,تعارض هذا الإجراء مع قَسَم أبقراط ومعتقداتهم الأخلاقية والدينية العميقة,إجراء استبيان مجهول الهوية يقدم سيناريوهات أخلاقية للأطباء ويسألهم عن قيمهم,أن يتجاهل الطبيب رغبة المريض تمامًا ويستمر في العلاج,إطلاق حملات توعية وطنية شاملة في الإعلام والمدارس ودور العبادة,ارتفاع أعداد المرضى الوافدين إلى المستشفى يوميًا,نقص الوعي العام بأهمية التبرع وانتشار مفاهيم خاطئة حوله,تحليل المقالات الصحفية التي تتحدث عن خطورة الأمراض,تطبيق نظام 'فرز طبي' واضح يعتمد فقط على الحاجة الطبية وخطورة الحالة,وضع سياسات صارمة وإنشاء 'لجنة أخلاقيات بحث' تراجع كل الأبحاث وتضمن موافقة واضحة
2/21/2026 19:18:06,17 / 30,suzan.hany.m@gmail.com,ضرورة وضع معايير أخلاقية ومنصفة لتحديد أولوية الحصول على الموارد,عدم معرفة الأغلبية بالطريقة الصحيحة للتسجيل في قوائم التبرع,مراجعة قوانين التبرع بالأعضاء في الدول المجاورة,انتهاك مبدأ الموافقة المستنيرة وخداع المشاركين,منع وسائل الإعلام من مناقشة هذا الموضوع,انعدام العدالة في توزيع الموارد الصحية مما يمنع البعض من حقه في الرعاية,الخوف من الأعراض الجانبية غير المعروفة أو من كونهم 'فئران تجارب',إجراء مقابلات معمقة واستبيانات مجهولة الهوية مع المرضى الرافضين لسؤالهم عن أسباب رفضهم,نقص الوعي التعليمي العام بمخاطر هذه العمليات,إخفاء المخاطر المحتملة والتركيز على الفوائد فقط,التعارض بين احترام استقلالية المريضة وواجب الطبيب الأخلاقي في الحفاظ على الحياة,عدم فهمهم للمصطلحات الطبية المعقدة التي يستخدمها الأطباء,مراجعة قوائم الطعام وأسعار السلع الأساسية في الأسواق,سؤال طاقم الممرضين عن انطباعاتهم حول العائلات,تشديد العقوبات القانونية على السماسرة بالتزامن مع توفير برامج دعم اقتصادي للفقراء,الصراع بين حاجة الشخص للمال وخطر تحويل جسد الإنسان إلى سلعة تُباع وتُشترى,ارتفاع أعداد المرضى بشكل يفوق قدرة الأطباء,مراقبة جداول عمل الأطباء وحساب متوسط الوقت المخصص لكل مريض ومقارنته بمستوى رضا المرضى,إلغاء معيار موت الدماغ والعودة لمعيار توقف القلب فقط,عقد ورش عمل لتدريب الأطباء على مهارات التواصل الفعال وتخصيص وقت كافٍ للشرح,ارتفاع عدد العمليات الجراحية التي يجريها القسم,قلة خبرتهم الطبية في كيفية تنفيذ هذا الإجراء,إجراء استبيان مجهول الهوية يقدم سيناريوهات أخلاقية للأطباء ويسألهم عن قيمهم,إجراء حوار شامل مع المريض، وإذا استمر التعارض، يتم تحويل رعاية المريض لطبيب آخر يقبل الإجراء,إطلاق حملات توعية وطنية شاملة في الإعلام والمدارس ودور العبادة,انتهاك صارخ لمبدأ العدالة والمساواة في تقديم الرعاية الصحية,نقص الوعي العام بأهمية التبرع وانتشار مفاهيم خاطئة حوله,زيادة عدد المستشفيات التي تقدم الفحوصات وملاحظة الإقبال,تطبيق نظام 'فرز طبي' واضح يعتمد فقط على الحاجة الطبية وخطورة الحالة,وضع سياسات صارمة وإنشاء 'لجنة أخلاقيات بحث' تراجع كل الأبحاث وتضمن موافقة واضحة
2/21/2026 19:22:40,19 / 30,nayera.sami.k@gmail.com,ضرورة وضع معايير أخلاقية ومنصفة لتحديد أولوية الحصول على الموارد,وجود معتقدات دينية أو ثقافية راسخة تمنع المساس بالجسد بعد الوفاة,سؤال الأطباء عن انطباعاتهم الشخصية حول المرضى,انتهاك مبدأ الموافقة المستنيرة وخداع المشاركين,إصدار قانون يجبر جميع المواطنين على التبرع بأعضائهم,انعدام العدالة في توزيع الموارد الصحية مما يمنع البعض من حقه في الرعاية,الخوف من الأعراض الجانبية غير المعروفة أو من كونهم 'فئران تجارب',سؤال الصيادلة في المستشفى عن رأيهم في التجارب,انتشار الفقر الشديد بالتزامن مع ضعف الرقابة القانونية,تقديم مبالغ مالية ضخمة للمشاركين لجذبهم,التعارض بين احترام استقلالية المريضة وواجب الطبيب الأخلاقي في الحفاظ على الحياة,تعارض فكرة موت الدماغ مع معتقداتهم الدينية أو أملهم في حدوث معجزة,زيارة المناطق السياحية في هذه الدولة وملاحظة الزوار,سؤال طاقم الممرضين عن انطباعاتهم حول العائلات,تشديد العقوبات القانونية على السماسرة بالتزامن مع توفير برامج دعم اقتصادي للفقراء,الصراع بين حاجة الشخص للمال وخطر تحويل جسد الإنسان إلى سلعة تُباع وتُشترى,ضغط العمل الشديد ونظام المواعيد الذي يخصص وقتاً قصيراً لكل مريض,زيادة عدد المستشفيات في المدينة لملاحظة الفرق,إطلاق حملات توعية عامة وشرح المعايير الطبية بدقة مع تقديم دعم نفسي للعائلات,عقد ورش عمل لتدريب الأطباء على مهارات التواصل الفعال وتخصيص وقت كافٍ للشرح,ارتفاع عدد العمليات الجراحية التي يجريها القسم,تعارض هذا الإجراء مع قَسَم أبقراط ومعتقداتهم الأخلاقية والدينية العميقة,إجراء استبيان مجهول الهوية يقدم سيناريوهات أخلاقية للأطباء ويسألهم عن قيمهم,إجراء حوار شامل مع المريض، وإذا استمر التعارض، يتم تحويل رعاية المريض لطبيب آخر يقبل الإجراء,إطلاق حملات توعية وطنية شاملة في الإعلام والمدارس ودور العبادة,انتهاك صارخ لمبدأ العدالة والمساواة في تقديم الرعاية الصحية,ارتفاع المستوى الصحي العام في المجتمع وقلة الحاجة للزرع,زيادة عدد المستشفيات التي تقدم الفحوصات وملاحظة الإقبال,إعطاء الأولوية للمرضى الأغنياء القادرين على الدفع,وضع سياسات صارمة وإنشاء 'لجنة أخلاقيات بحث' تراجع كل الأبحاث وتضمن موافقة واضحة
2/21/2026 19:22:49,13 / 30,yasmin.khaled77@gmail.com,ضرورة وضع معايير أخلاقية ومنصفة لتحديد أولوية الحصول على الموارد,وجود معتقدات دينية أو ثقافية راسخة تمنع المساس بالجسد بعد الوفاة,سؤال الأطباء عن انطباعاتهم الشخصية حول المرضى,انتهاك مبدأ الموافقة المستنيرة وخداع المشاركين,إصدار قانون يجبر جميع المواطنين على التبرع بأعضائهم,انعدام العدالة في توزيع الموارد الصحية مما يمنع البعض من حقه في الرعاية,الخوف من الأعراض الجانبية غير المعروفة أو من كونهم 'فئران تجارب',إجراء فحوصات دم للمرضى لقياس مستوى القلق لديهم,انتشار الفقر الشديد بالتزامن مع ضعف الرقابة القانونية,إجبار المرضى الذين ليس لديهم خيار آخر على المشاركة,التعارض بين احترام استقلالية المريضة وواجب الطبيب الأخلاقي في الحفاظ على الحياة,عدم فهمهم للمصطلحات الطبية المعقدة التي يستخدمها الأطباء,مراجعة قوائم الطعام وأسعار السلع الأساسية في الأسواق,إجراء مقابلات منظمة مع العائلات الرافضة ودراسة خلفياتهم الثقافية والدينية,تشديد العقوبات القانونية على السماسرة بالتزامن مع توفير برامج دعم اقتصادي للفقراء,الصراع بين حاجة الشخص للمال وخطر تحويل جسد الإنسان إلى سلعة تُباع وتُشترى,ضغط العمل الشديد ونظام المواعيد الذي يخصص وقتاً قصيراً لكل مريض,رفع أسعار الكشف الطبي في العيادات الخارجية,إلغاء معيار موت الدماغ والعودة لمعيار توقف القلب فقط,تقليل عدد المرضى المسموح بهم لكل طبيب بشكل دائم,ارتفاع عدد العمليات الجراحية التي يجريها القسم,الخوف من المسؤولية القانونية رغم أن الإجراء قانوني,مراجعة الفواتير المالية للمرضى في المراحل النهائية,أن يتجاهل الطبيب رغبة المريض تمامًا ويستمر في العلاج,إطلاق حملات توعية وطنية شاملة في الإعلام والمدارس ودور العبادة,ارتفاع أعداد المرضى الوافدين إلى المستشفى يوميًا,ارتفاع المستوى الصحي العام في المجتمع وقلة الحاجة للزرع,مقارنة عدد الفحوصات التي تتم للأمراض البسيطة مقابل الخطيرة,إعطاء الأولوية للمرضى الأغنياء القادرين على الدفع,وضع سياسات صارمة وإنشاء 'لجنة أخلاقيات بحث' تراجع كل الأبحاث وتضمن موافقة واضحة
2/21/2026 19:22:59,19 / 30,salwa.mamdouh.t@gmail.com,ضرورة وضع معايير أخلاقية ومنصفة لتحديد أولوية الحصول على الموارد,عدم معرفة الأغلبية بالطريقة الصحيحة للتسجيل في قوائم التبرع,سؤال الأطباء عن انطباعاتهم الشخصية حول المرضى,انتهاك مبدأ الموافقة المستنيرة وخداع المشاركين,إطلاق حملات توعية بالتعاون مع رجال الدين الموثوقين لتوضيح الموقف الديني الصحيح,انعدام العدالة في توزيع الموارد الصحية مما يمنع البعض من حقه في الرعاية,الخوف من الأعراض الجانبية غير المعروفة أو من كونهم 'فئران تجارب',إجراء فحوصات دم للمرضى لقياس مستوى القلق لديهم,انتشار الفقر الشديد بالتزامن مع ضعف الرقابة القانونية,تقديم مبالغ مالية ضخمة للمشاركين لجذبهم,التعارض بين احترام استقلالية المريضة وواجب الطبيب الأخلاقي في الحفاظ على الحياة,تعارض فكرة موت الدماغ مع معتقداتهم الدينية أو أملهم في حدوث معجزة,إجراء دراسة ميدانية لتحليل الوضع الاقتصادي والاجتماعي لضحايا بيع الأعضاء,مراجعة الميزانية السنوية لقسم العناية المركزة,رفع الأسعار الرسمية لعمليات زراعة الأعضاء,الصراع بين حاجة الشخص للمال وخطر تحويل جسد الإنسان إلى سلعة تُباع وتُشترى,ضغط العمل الشديد ونظام المواعيد الذي يخصص وقتاً قصيراً لكل مريض,زيادة عدد المستشفيات في المدينة لملاحظة الفرق,إطلاق حملات توعية عامة وشرح المعايير الطبية بدقة مع تقديم دعم نفسي للعائلات,عقد ورش عمل لتدريب الأطباء على مهارات التواصل الفعال وتخصيص وقت كافٍ للشرح,ارتفاع عدد العمليات الجراحية التي يجريها القسم,الخوف من المسؤولية القانونية رغم أن الإجراء قانوني,إجراء استبيان مجهول الهوية يقدم سيناريوهات أخلاقية للأطباء ويسألهم عن قيمهم,إجراء حوار شامل مع المريض، وإذا استمر التعارض، يتم تحويل رعاية المريض لطبيب آخر يقبل الإجراء,إطلاق حملات توعية وطنية شاملة في الإعلام والمدارس ودور العبادة,انتهاك صارخ لمبدأ العدالة والمساواة في تقديم الرعاية الصحية,نقص الوعي العام بأهمية التبرع وانتشار مفاهيم خاطئة حوله,زيادة عدد المستشفيات التي تقدم الفحوصات وملاحظة الإقبال,تطبيق نظام 'فرز طبي' واضح يعتمد فقط على الحاجة الطبية وخطورة الحالة,تجاهل الموضوع طالما لم يصب أحد بأذى
2/21/2026 19:27:41,25 / 30,nadine.essam.l@gmail.com,ضرورة وضع معايير أخلاقية ومنصفة لتحديد أولوية الحصول على الموارد,وجود معتقدات دينية أو ثقافية راسخة تمنع المساس بالجسد بعد الوفاة,مراجعة قوانين التبرع بالأعضاء في الدول المجاورة,انتهاك مبدأ الموافقة المستنيرة وخداع المشاركين,إطلاق حملات توعية بالتعاون مع رجال الدين الموثوقين لتوضيح الموقف الديني الصحيح,انعدام العدالة في توزيع الموارد الصحية مما يمنع البعض من حقه في الرعاية,الخوف من الأعراض الجانبية غير المعروفة أو من كونهم 'فئران تجارب',إجراء مقابلات معمقة واستبيانات مجهولة الهوية مع المرضى الرافضين لسؤالهم عن أسباب رفضهم,انتشار الفقر الشديد بالتزامن مع ضعف الرقابة القانونية,تطبيق 'الموافقة المستنيرة' بصرامة، وشرح الفوائد والمخاطر بشفافية كاملة,التعارض بين احترام استقلالية المريضة وواجب الطبيب الأخلاقي في الحفاظ على الحياة,تعارض فكرة موت الدماغ مع معتقداتهم الدينية أو أملهم في حدوث معجزة,مراجعة قوائم الطعام وأسعار السلع الأساسية في الأسواق,مراجعة الميزانية السنوية لقسم العناية المركزة,تشديد العقوبات القانونية على السماسرة بالتزامن مع توفير برامج دعم اقتصادي للفقراء,الصراع بين حاجة الشخص للمال وخطر تحويل جسد الإنسان إلى سلعة تُباع وتُشترى,ضغط العمل الشديد ونظام المواعيد الذي يخصص وقتاً قصيراً لكل مريض,زيادة عدد المستشفيات في المدينة لملاحظة الفرق,إطلاق حملات توعية عامة وشرح المعايير الطبية بدقة مع تقديم دعم نفسي للعائلات,عقد ورش عمل لتدريب الأطباء على مهارات التواصل الفعال وتخصيص وقت كافٍ للشرح,انتهاك المعايير الأخلاقية الطبية وحق المريض الأساسي في الموافقة المستنيرة,قلة خبرتهم الطبية في كيفية تنفيذ هذا الإجراء,إجراء استبيان مجهول الهوية يقدم سيناريوهات أخلاقية للأطباء ويسألهم عن قيمهم,إجراء حوار شامل مع المريض، وإذا استمر التعارض، يتم تحويل رعاية المريض لطبيب آخر يقبل الإجراء,إطلاق حملات توعية وطنية شاملة في الإعلام والمدارس ودور العبادة,انتهاك صارخ لمبدأ العدالة والمساواة في تقديم الرعاية الصحية,نقص الوعي العام بأهمية التبرع وانتشار مفاهيم خاطئة حوله,إجراء استبيان يسأل الناس مباشرة عن ترتيب مخاوفهم كأسباب لعدم إجراء الفحص,تطبيق نظام 'فرز طبي' واضح يعتمد فقط على الحاجة الطبية وخطورة الحالة,وضع سياسات صارمة وإنشاء 'لجنة أخلاقيات بحث' تراجع كل الأبحاث وتضمن موافقة واضحة
2/21/2026 19:27:51,15 / 30,sara.mahmoud91@gmail.com,الخوف من قيام أهل أحد المريضين بمقاضاة المستشفى,وجود معتقدات دينية أو ثقافية راسخة تمنع المساس بالجسد بعد الوفاة,سؤال الأطباء عن انطباعاتهم الشخصية حول المرضى,انتهاك مبدأ الموافقة المستنيرة وخداع المشاركين,إصدار قانون يجبر جميع المواطنين على التبرع بأعضائهم,انعدام العدالة في توزيع الموارد الصحية مما يمنع البعض من حقه في الرعاية,الخوف من الأعراض الجانبية غير المعروفة أو من كونهم 'فئران تجارب',إجراء مقابلات معمقة واستبيانات مجهولة الهوية مع المرضى الرافضين لسؤالهم عن أسباب رفضهم,نقص الوعي التعليمي العام بمخاطر هذه العمليات,تطبيق 'الموافقة المستنيرة' بصرامة، وشرح الفوائد والمخاطر بشفافية كاملة,التعارض بين احترام استقلالية المريضة وواجب الطبيب الأخلاقي في الحفاظ على الحياة,تعارض فكرة موت الدماغ مع معتقداتهم الدينية أو أملهم في حدوث معجزة,إجراء دراسة ميدانية لتحليل الوضع الاقتصادي والاجتماعي لضحايا بيع الأعضاء,قياس ضغط الدم ومعدل نبضات قلب أفراد العائلة,تشديد العقوبات القانونية على السماسرة بالتزامن مع توفير برامج دعم اقتصادي للفقراء,رفض أسرة المتبرع لهذا القرار خوفًا على صحته,ضغط العمل الشديد ونظام المواعيد الذي يخصص وقتاً قصيراً لكل مريض,زيادة عدد المستشفيات في المدينة لملاحظة الفرق,إطلاق حملات توعية عامة وشرح المعايير الطبية بدقة مع تقديم دعم نفسي للعائلات,تقليل عدد المرضى المسموح بهم لكل طبيب بشكل دائم,ارتفاع عدد العمليات الجراحية التي يجريها القسم,عدم توفر المعدات والأدوية اللازمة لتنفيذه,إجراء استبيان مجهول الهوية يقدم سيناريوهات أخلاقية للأطباء ويسألهم عن قيمهم,أن يتجاهل الطبيب رغبة المريض تمامًا ويستمر في العلاج,إطلاق حملات توعية وطنية شاملة في الإعلام والمدارس ودور العبادة,ارتفاع أعداد المرضى الوافدين إلى المستشفى يوميًا,كراهية عامة لفكرة المستشفيات والعمليات الجراحية,زيادة عدد المستشفيات التي تقدم الفحوصات وملاحظة الإقبال,إعطاء الأولوية للمرضى الأغنياء القادرين على الدفع,وضع سياسات صارمة وإنشاء 'لجنة أخلاقيات بحث' تراجع كل الأبحاث وتضمن موافقة واضحة
2/21/2026 19:28:02,9 / 30,doha.abdelnaser@gmail.com,نقص التمويل الحكومي المخصص للمستشفيات,عدم معرفة الأغلبية بالطريقة الصحيحة للتسجيل في قوائم التبرع,سؤال الأطباء عن انطباعاتهم الشخصية حول المرضى,انتهاك مبدأ الموافقة المستنيرة وخداع المشاركين,إصدار قانون يجبر جميع المواطنين على التبرع بأعضائهم,انعدام العدالة في توزيع الموارد الصحية مما يمنع البعض من حقه في الرعاية,ارتفاع التكلفة المالية للاشتراك في هذه التجارب,قراءة المقالات الطبية المنشورة عن الدواء الجديد,نقص الوعي التعليمي العام بمخاطر هذه العمليات,تقديم مبالغ مالية ضخمة للمشاركين لجذبهم,التعارض بين احترام استقلالية المريضة وواجب الطبيب الأخلاقي في الحفاظ على الحياة,عدم فهمهم للمصطلحات الطبية المعقدة التي يستخدمها الأطباء,زيارة المناطق السياحية في هذه الدولة وملاحظة الزوار,إجراء مقابلات منظمة مع العائلات الرافضة ودراسة خلفياتهم الثقافية والدينية,تشديد العقوبات القانونية على السماسرة بالتزامن مع توفير برامج دعم اقتصادي للفقراء,رفض أسرة المتبرع لهذا القرار خوفًا على صحته,ضغط العمل الشديد ونظام المواعيد الذي يخصص وقتاً قصيراً لكل مريض,مراقبة جداول عمل الأطباء وحساب متوسط الوقت المخصص لكل مريض ومقارنته بمستوى رضا المرضى,إلغاء معيار موت الدماغ والعودة لمعيار توقف القلب فقط,عقد ورش عمل لتدريب الأطباء على مهارات التواصل الفعال وتخصيص وقت كافٍ للشرح,التنافس المهني بين الأطباء داخل القسم,قلة خبرتهم الطبية في كيفية تنفيذ هذا الإجراء,مراجعة الفواتير المالية للمرضى في المراحل النهائية,إجبار المريض على الاستمرار في العلاج ضد رغبته,إطلاق حملات توعية وطنية شاملة في الإعلام والمدارس ودور العبادة,ارتفاع أعداد المرضى الوافدين إلى المستشفى يوميًا,كراهية عامة لفكرة المستشفيات والعمليات الجراحية,مقارنة عدد الفحوصات التي تتم للأمراض البسيطة مقابل الخطيرة,إعطاء الأولوية للمرضى الأغنياء القادرين على الدفع,تجاهل الموضوع طالما لم يصب أحد بأذى
2/21/2026 19:32:42,16 / 30,ebtesam.awad60@gmail.com,ضرورة وضع معايير أخلاقية ومنصفة لتحديد أولوية الحصول على الموارد,عدم معرفة الأغلبية بالطريقة الصحيحة للتسجيل في قوائم التبرع,سؤال الأطباء عن انطباعاتهم الشخصية حول المرضى,انتهاك مبدأ الموافقة المستنيرة وخداع المشاركين,إصدار قانون يجبر جميع المواطنين على التبرع بأعضائهم,انعدام العدالة في توزيع الموارد الصحية مما يمنع البعض من حقه في الرعاية,الخوف من الأعراض الجانبية غير المعروفة أو من كونهم 'فئران تجارب',إجراء فحوصات دم للمرضى لقياس مستوى القلق لديهم,انتشار الفقر الشديد بالتزامن مع ضعف الرقابة القانونية,إخفاء المخاطر المحتملة والتركيز على الفوائد فقط,نقص الأدوية المسكنة الفعالة في المستشفى,تعارض فكرة موت الدماغ مع معتقداتهم الدينية أو أملهم في حدوث معجزة,مراجعة قوائم الطعام وأسعار السلع الأساسية في الأسواق,مراجعة الميزانية السنوية لقسم العناية المركزة,تشديد العقوبات القانونية على السماسرة بالتزامن مع توفير برامج دعم اقتصادي للفقراء,الصراع بين حاجة الشخص للمال وخطر تحويل جسد الإنسان إلى سلعة تُباع وتُشترى,ضغط العمل الشديد ونظام المواعيد الذي يخصص وقتاً قصيراً لكل مريض,مراقبة جداول عمل الأطباء وحساب متوسط الوقت المخصص لكل مريض ومقارنته بمستوى رضا المرضى,إلغاء معيار موت الدماغ والعودة لمعيار توقف القلب فقط,منع المرضى من طرح الأسئلة لتوفير وقت الطبيب,التنافس المهني بين الأطباء داخل القسم,تعارض هذا الإجراء مع قَسَم أبقراط ومعتقداتهم الأخلاقية والدينية العميقة,سؤال المرضى عن رأيهم في الأطباء الرافضين,إجراء حوار شامل مع المريض، وإذا استمر التعارض، يتم تحويل رعاية المريض لطبيب آخر يقبل الإجراء,إطلاق حملات توعية وطنية شاملة في الإعلام والمدارس ودور العبادة,انتهاك صارخ لمبدأ العدالة والمساواة في تقديم الرعاية الصحية,كراهية عامة لفكرة المستشفيات والعمليات الجراحية,زيادة عدد المستشفيات التي تقدم الفحوصات وملاحظة الإقبال,تطبيق نظام 'فرز طبي' واضح يعتمد فقط على الحاجة الطبية وخطورة الحالة,وضع سياسات صارمة وإنشاء 'لجنة أخلاقيات بحث' تراجع كل الأبحاث وتضمن موافقة واضحة
2/21/2026 19:32:52,9 / 30,nourhan.ahmed84@gmail.com,الخوف من قيام أهل أحد المريضين بمقاضاة المستشفى,عدم معرفة الأغلبية بالطريقة الصحيحة للتسجيل في قوائم التبرع,مراجعة قوانين التبرع بالأعضاء في الدول المجاورة,انتهاك مبدأ الموافقة المستنيرة وخداع المشاركين,إصدار قانون يجبر جميع المواطنين على التبرع بأعضائهم,انعدام العدالة في توزيع الموارد الصحية مما يمنع البعض من حقه في الرعاية,الخوف من الأعراض الجانبية غير المعروفة أو من كونهم 'فئران تجارب',سؤال الصيادلة في المستشفى عن رأيهم في التجارب,انتشار الفقر الشديد بالتزامن مع ضعف الرقابة القانونية,تقديم مبالغ مالية ضخمة للمشاركين لجذبهم,اعتراض أسرة المريضة على قرارها بسبب تعلقهم بها,ارتفاع تكاليف المستشفى ورغبتهم في إنهائها سريعًا,مراجعة قوائم الطعام وأسعار السلع الأساسية في الأسواق,إجراء مقابلات منظمة مع العائلات الرافضة ودراسة خلفياتهم الثقافية والدينية,تشديد العقوبات القانونية على السماسرة بالتزامن مع توفير برامج دعم اقتصادي للفقراء,الصراع بين حاجة الشخص للمال وخطر تحويل جسد الإنسان إلى سلعة تُباع وتُشترى,ضغط العمل الشديد ونظام المواعيد الذي يخصص وقتاً قصيراً لكل مريض,زيادة عدد المستشفيات في المدينة لملاحظة الفرق,إلغاء معيار موت الدماغ والعودة لمعيار توقف القلب فقط,تقليل عدد المرضى المسموح بهم لكل طبيب بشكل دائم,ارتفاع عدد العمليات الجراحية التي يجريها القسم,عدم توفر المعدات والأدوية اللازمة لتنفيذه,سؤال المرضى عن رأيهم في الأطباء الرافضين,إجبار المريض على الاستمرار في العلاج ضد رغبته,إطلاق حملات توعية وطنية شاملة في الإعلام والمدارس ودور العبادة,قلة عدد الأطباء والممرضين مقارنة بعدد المرضى,كراهية عامة لفكرة المستشفيات والعمليات الجراحية,تحليل المقالات الصحفية التي تتحدث عن خطورة الأمراض,إعطاء الأولوية للمرضى الأغنياء القادرين على الدفع,تجاهل الموضوع طالما لم يصب أحد بأذى
2/21/2026 19:33:02,23 / 30,azza.talaat.b@gmail.com,ضرورة وضع معايير أخلاقية ومنصفة لتحديد أولوية الحصول على الموارد,وجود معتقدات دينية أو ثقافية راسخة تمنع المساس بالجسد بعد الوفاة,سؤال الأطباء عن انطباعاتهم الشخصية حول المرضى,قلة عدد الطلاب المشاركين في البحث,إطلاق حملات توعية بالتعاون مع رجال الدين الموثوقين لتوضيح الموقف الديني الصحيح,انعدام العدالة في توزيع الموارد الصحية مما يمنع البعض من حقه في الرعاية,الخوف من الأعراض الجانبية غير المعروفة أو من كونهم 'فئران تجارب',إجراء فحوصات دم للمرضى لقياس مستوى القلق لديهم,انتشار الفقر الشديد بالتزامن مع ضعف الرقابة القانونية,تقديم مبالغ مالية ضخمة للمشاركين لجذبهم,التعارض بين احترام استقلالية المريضة وواجب الطبيب الأخلاقي في الحفاظ على الحياة,تعارض فكرة موت الدماغ مع معتقداتهم الدينية أو أملهم في حدوث معجزة,مراجعة قوائم الطعام وأسعار السلع الأساسية في الأسواق,قياس ضغط الدم ومعدل نبضات قلب أفراد العائلة,تشديد العقوبات القانونية على السماسرة بالتزامن مع توفير برامج دعم اقتصادي للفقراء,الصراع بين حاجة الشخص للمال وخطر تحويل جسد الإنسان إلى سلعة تُباع وتُشترى,ضغط العمل الشديد ونظام المواعيد الذي يخصص وقتاً قصيراً لكل مريض,زيادة عدد المستشفيات في المدينة لملاحظة الفرق,إطلاق حملات توعية عامة وشرح المعايير الطبية بدقة مع تقديم دعم نفسي للعائلات,عقد ورش عمل لتدريب الأطباء على مهارات التواصل الفعال وتخصيص وقت كافٍ للشرح,انتهاك المعايير الأخلاقية الطبية وحق المريض الأساسي في الموافقة المستنيرة,تعارض هذا الإجراء مع قَسَم أبقراط ومعتقداتهم الأخلاقية والدينية العميقة,إجراء استبيان مجهول الهوية يقدم سيناريوهات أخلاقية للأطباء ويسألهم عن قيمهم,إجراء حوار شامل مع المريض، وإذا استمر التعارض، يتم تحويل رعاية المريض لطبيب آخر يقبل الإجراء,إطلاق حملات توعية وطنية شاملة في الإعلام والمدارس ودور العبادة,انتهاك صارخ لمبدأ العدالة والمساواة في تقديم الرعاية الصحية,نقص الوعي العام بأهمية التبرع وانتشار مفاهيم خاطئة حوله,إجراء استبيان يسأل الناس مباشرة عن ترتيب مخاوفهم كأسباب لعدم إجراء الفحص,تطبيق نظام 'فرز طبي' واضح يعتمد فقط على الحاجة الطبية وخطورة الحالة,وضع سياسات صارمة وإنشاء 'لجنة أخلاقيات بحث' تراجع كل الأبحاث وتضمن موافقة واضحة
2/21/2026 19:37:46,18 / 30,nour.emad42@gmail.com,ضرورة وضع معايير أخلاقية ومنصفة لتحديد أولوية الحصول على الموارد,عدم معرفة الأغلبية بالطريقة الصحيحة للتسجيل في قوائم التبرع,سؤال الأطباء عن انطباعاتهم الشخصية حول المرضى,انتهاك مبدأ الموافقة المستنيرة وخداع المشاركين,منع وسائل الإعلام من مناقشة هذا الموضوع,انعدام العدالة في توزيع الموارد الصحية مما يمنع البعض من حقه في الرعاية,الخوف من الأعراض الجانبية غير المعروفة أو من كونهم 'فئران تجارب',قراءة المقالات الطبية المنشورة عن الدواء الجديد,نقص الوعي التعليمي العام بمخاطر هذه العمليات,تقديم مبالغ مالية ضخمة للمشاركين لجذبهم,التعارض بين احترام استقلالية المريضة وواجب الطبيب الأخلاقي في الحفاظ على الحياة,تعارض فكرة موت الدماغ مع معتقداتهم الدينية أو أملهم في حدوث معجزة,مراجعة قوائم الطعام وأسعار السلع الأساسية في الأسواق,قياس ضغط الدم ومعدل نبضات قلب أفراد العائلة,تشديد العقوبات القانونية على السماسرة بالتزامن مع توفير برامج دعم اقتصادي للفقراء,الصراع بين حاجة الشخص للمال وخطر تحويل جسد الإنسان إلى سلعة تُباع وتُشترى,ضغط العمل الشديد ونظام المواعيد الذي يخصص وقتاً قصيراً لكل مريض,مراقبة جداول عمل الأطباء وحساب متوسط الوقت المخصص لكل مريض ومقارنته بمستوى رضا المرضى,إطلاق حملات توعية عامة وشرح المعايير الطبية بدقة مع تقديم دعم نفسي للعائلات,عقد ورش عمل لتدريب الأطباء على مهارات التواصل الفعال وتخصيص وقت كافٍ للشرح,ارتفاع عدد العمليات الجراحية التي يجريها القسم,قلة خبرتهم الطبية في كيفية تنفيذ هذا الإجراء,إجراء استبيان مجهول الهوية يقدم سيناريوهات أخلاقية للأطباء ويسألهم عن قيمهم,إجراء حوار شامل مع المريض، وإذا استمر التعارض، يتم تحويل رعاية المريض لطبيب آخر يقبل الإجراء,إطلاق حملات توعية وطنية شاملة في الإعلام والمدارس ودور العبادة,انتهاك صارخ لمبدأ العدالة والمساواة في تقديم الرعاية الصحية,نقص الوعي العام بأهمية التبرع وانتشار مفاهيم خاطئة حوله,زيادة عدد المستشفيات التي تقدم الفحوصات وملاحظة الإقبال,تطبيق نظام 'فرز طبي' واضح يعتمد فقط على الحاجة الطبية وخطورة الحالة,الاكتفاء بالحصول على موافقة شفوية غير موثقة
2/21/2026 19:38:01,14 / 30,zeinab.abdallah6@gmail.com,ضرورة وضع معايير أخلاقية ومنصفة لتحديد أولوية الحصول على الموارد,وجود معتقدات دينية أو ثقافية راسخة تمنع المساس بالجسد بعد الوفاة,إجراء دراسة مسحية تقارن معدلات الموافقة لدى مجموعات بخلفيات دينية مختلفة,انتهاك مبدأ الموافقة المستنيرة وخداع المشاركين,إصدار قانون يجبر جميع المواطنين على التبرع بأعضائهم,انعدام العدالة في توزيع الموارد الصحية مما يمنع البعض من حقه في الرعاية,الخوف من الأعراض الجانبية غير المعروفة أو من كونهم 'فئران تجارب',سؤال الصيادلة في المستشفى عن رأيهم في التجارب,انتشار الفقر الشديد بالتزامن مع ضعف الرقابة القانونية,تقديم مبالغ مالية ضخمة للمشاركين لجذبهم,التعارض بين احترام استقلالية المريضة وواجب الطبيب الأخلاقي في الحفاظ على الحياة,عدم فهمهم للمصطلحات الطبية المعقدة التي يستخدمها الأطباء,سؤال الأثرياء الذين قاموا بشراء الأعضاء عن دوافعهم,قياس ضغط الدم ومعدل نبضات قلب أفراد العائلة,تشديد العقوبات القانونية على السماسرة بالتزامن مع توفير برامج دعم اقتصادي للفقراء,الصراع بين حاجة الشخص للمال وخطر تحويل جسد الإنسان إلى سلعة تُباع وتُشترى,ضغط العمل الشديد ونظام المواعيد الذي يخصص وقتاً قصيراً لكل مريض,مراقبة جداول عمل الأطباء وحساب متوسط الوقت المخصص لكل مريض ومقارنته بمستوى رضا المرضى,منع وسائل الإعلام من التحدث عن حالات موت الدماغ,تقليل عدد المرضى المسموح بهم لكل طبيب بشكل دائم,ارتفاع عدد العمليات الجراحية التي يجريها القسم,تعارض هذا الإجراء مع قَسَم أبقراط ومعتقداتهم الأخلاقية والدينية العميقة,سؤال المرضى عن رأيهم في الأطباء الرافضين,إجبار المريض على الاستمرار في العلاج ضد رغبته,رفع التكلفة المالية لعمليات زراعة الأعضاء,نقص الأسِرَّة المتاحة في المستشفى لاستقبال المرضى,كراهية عامة لفكرة المستشفيات والعمليات الجراحية,زيادة عدد المستشفيات التي تقدم الفحوصات وملاحظة الإقبال,تطبيق نظام 'فرز طبي' واضح يعتمد فقط على الحاجة الطبية وخطورة الحالة,السماح بإجراء التجارب دون موافقة لتسريع وتيرة العلم
2/21/2026 19:38:17,17 / 30,azza.sayed.m7@gmail.com,ضرورة وضع معايير أخلاقية ومنصفة لتحديد أولوية الحصول على الموارد,الخوف العام من زيارة المستشفيات والتعامل مع الأطباء,سؤال الأطباء عن انطباعاتهم الشخصية حول المرضى,انتهاك مبدأ الموافقة المستنيرة وخداع المشاركين,إطلاق حملات توعية بالتعاون مع رجال الدين الموثوقين لتوضيح الموقف الديني الصحيح,انعدام العدالة في توزيع الموارد الصحية مما يمنع البعض من حقه في الرعاية,الخوف من الأعراض الجانبية غير المعروفة أو من كونهم 'فئران تجارب',سؤال الصيادلة في المستشفى عن رأيهم في التجارب,انتشار الفقر الشديد بالتزامن مع ضعف الرقابة القانونية,إخفاء المخاطر المحتملة والتركيز على الفوائد فقط,التكلفة المالية العالية للأدوية المسكنة,تعارض فكرة موت الدماغ مع معتقداتهم الدينية أو أملهم في حدوث معجزة,مراجعة قوائم الطعام وأسعار السلع الأساسية في الأسواق,إجراء مقابلات منظمة مع العائلات الرافضة ودراسة خلفياتهم الثقافية والدينية,تشديد العقوبات القانونية على السماسرة بالتزامن مع توفير برامج دعم اقتصادي للفقراء,التكلفة الطبية المرتفعة لعمليات زراعة الكلى,ضغط العمل الشديد ونظام المواعيد الذي يخصص وقتاً قصيراً لكل مريض,رفع أسعار الكشف الطبي في العيادات الخارجية,إطلاق حملات توعية عامة وشرح المعايير الطبية بدقة مع تقديم دعم نفسي للعائلات,تقليل عدد المرضى المسموح بهم لكل طبيب بشكل دائم,انتهاك المعايير الأخلاقية الطبية وحق المريض الأساسي في الموافقة المستنيرة,الخوف من المسؤولية القانونية رغم أن الإجراء قانوني,إجراء استبيان مجهول الهوية يقدم سيناريوهات أخلاقية للأطباء ويسألهم عن قيمهم,أن يتجاهل الطبيب رغبة المريض تمامًا ويستمر في العلاج,إطلاق حملات توعية وطنية شاملة في الإعلام والمدارس ودور العبادة,انتهاك صارخ لمبدأ العدالة والمساواة في تقديم الرعاية الصحية,كراهية عامة لفكرة المستشفيات والعمليات الجراحية,مقارنة عدد الفحوصات التي تتم للأمراض البسيطة مقابل الخطيرة,تطبيق نظام 'فرز طبي' واضح يعتمد فقط على الحاجة الطبية وخطورة الحالة,وضع سياسات صارمة وإنشاء 'لجنة أخلاقيات بحث' تراجع كل الأبحاث وتضمن موافقة واضحة
2/21/2026 19:42:41,25 / 30,walaa.hassan.k@gmail.com,ضرورة وضع معايير أخلاقية ومنصفة لتحديد أولوية الحصول على الموارد,الاعتقاد بأن الأطباء لا يهتمون بالمرضى بشكل كافٍ,إجراء دراسة مسحية تقارن معدلات الموافقة لدى مجموعات بخلفيات دينية مختلفة,انتهاك مبدأ الموافقة المستنيرة وخداع المشاركين,إطلاق حملات توعية بالتعاون مع رجال الدين الموثوقين لتوضيح الموقف الديني الصحيح,انعدام العدالة في توزيع الموارد الصحية مما يمنع البعض من حقه في الرعاية,الخوف من الأعراض الجانبية غير المعروفة أو من كونهم 'فئران تجارب',إجراء فحوصات دم للمرضى لقياس مستوى القلق لديهم,انتشار الفقر الشديد بالتزامن مع ضعف الرقابة القانونية,تطبيق 'الموافقة المستنيرة' بصرامة، وشرح الفوائد والمخاطر بشفافية كاملة,التعارض بين احترام استقلالية المريضة وواجب الطبيب الأخلاقي في الحفاظ على الحياة,تعارض فكرة موت الدماغ مع معتقداتهم الدينية أو أملهم في حدوث معجزة,إجراء دراسة ميدانية لتحليل الوضع الاقتصادي والاجتماعي لضحايا بيع الأعضاء,سؤال طاقم الممرضين عن انطباعاتهم حول العائلات,تشديد العقوبات القانونية على السماسرة بالتزامن مع توفير برامج دعم اقتصادي للفقراء,الصراع بين حاجة الشخص للمال وخطر تحويل جسد الإنسان إلى سلعة تُباع وتُشترى,ضغط العمل الشديد ونظام المواعيد الذي يخصص وقتاً قصيراً لكل مريض,رفع أسعار الكشف الطبي في العيادات الخارجية,إطلاق حملات توعية عامة وشرح المعايير الطبية بدقة مع تقديم دعم نفسي للعائلات,عقد ورش عمل لتدريب الأطباء على مهارات التواصل الفعال وتخصيص وقت كافٍ للشرح,انتهاك المعايير الأخلاقية الطبية وحق المريض الأساسي في الموافقة المستنيرة,تعارض هذا الإجراء مع قَسَم أبقراط ومعتقداتهم الأخلاقية والدينية العميقة,إجراء استبيان مجهول الهوية يقدم سيناريوهات أخلاقية للأطباء ويسألهم عن قيمهم,إجراء حوار شامل مع المريض، وإذا استمر التعارض، يتم تحويل رعاية المريض لطبيب آخر يقبل الإجراء,إطلاق حملات توعية وطنية شاملة في الإعلام والمدارس ودور العبادة,انتهاك صارخ لمبدأ العدالة والمساواة في تقديم الرعاية الصحية,ارتفاع المستوى الصحي العام في المجتمع وقلة الحاجة للزرع,إجراء استبيان يسأل الناس مباشرة عن ترتيب مخاوفهم كأسباب لعدم إجراء الفحص,تطبيق نظام 'فرز طبي' واضح يعتمد فقط على الحاجة الطبية وخطورة الحالة,وضع سياسات صارمة وإنشاء 'لجنة أخلاقيات بحث' تراجع كل الأبحاث وتضمن موافقة واضحة
2/21/2026 19:42:52,12 / 30,mariam.hassan55@gmail.com,الخوف من قيام أهل أحد المريضين بمقاضاة المستشفى,وجود معتقدات دينية أو ثقافية راسخة تمنع المساس بالجسد بعد الوفاة,سؤال الأطباء عن انطباعاتهم الشخصية حول المرضى,انتهاك مبدأ الموافقة المستنيرة وخداع المشاركين,إطلاق حملات توعية بالتعاون مع رجال الدين الموثوقين لتوضيح الموقف الديني الصحيح,انعدام العدالة في توزيع الموارد الصحية مما يمنع البعض من حقه في الرعاية,الخوف من الأعراض الجانبية غير المعروفة أو من كونهم 'فئران تجارب',إجراء فحوصات دم للمرضى لقياس مستوى القلق لديهم,نقص الوعي التعليمي العام بمخاطر هذه العمليات,تطبيق 'الموافقة المستنيرة' بصرامة، وشرح الفوائد والمخاطر بشفافية كاملة,نقص الأدوية المسكنة الفعالة في المستشفى,عدم فهمهم للمصطلحات الطبية المعقدة التي يستخدمها الأطباء,مراجعة قوائم الطعام وأسعار السلع الأساسية في الأسواق,قياس ضغط الدم ومعدل نبضات قلب أفراد العائلة,تشديد العقوبات القانونية على السماسرة بالتزامن مع توفير برامج دعم اقتصادي للفقراء,رفض أسرة المتبرع لهذا القرار خوفًا على صحته,ارتفاع أعداد المرضى بشكل يفوق قدرة الأطباء,تقليل عدد المرضى المسموح به لكل طبيب بشكل مؤقت,إجبار العائلات بالقانون على قبول التشخيص وفصل الأجهزة,منع المرضى من طرح الأسئلة لتوفير وقت الطبيب,ارتفاع عدد العمليات الجراحية التي يجريها القسم,تعارض هذا الإجراء مع قَسَم أبقراط ومعتقداتهم الأخلاقية والدينية العميقة,مراجعة الفواتير المالية للمرضى في المراحل النهائية,أن يتجاهل الطبيب رغبة المريض تمامًا ويستمر في العلاج,إطلاق حملات توعية وطنية شاملة في الإعلام والمدارس ودور العبادة,نقص الأسِرَّة المتاحة في المستشفى لاستقبال المرضى,نقص الوعي العام بأهمية التبرع وانتشار مفاهيم خاطئة حوله,إجراء استبيان يسأل الناس مباشرة عن ترتيب مخاوفهم كأسباب لعدم إجراء الفحص,إعطاء الأولوية للمرضى الأغنياء القادرين على الدفع,وضع سياسات صارمة وإنشاء 'لجنة أخلاقيات بحث' تراجع كل الأبحاث وتضمن موافقة واضحة
2/21/2026 19:43:02,17 / 30,alaa.tharwat.n@gmail.com,ضرورة وضع معايير أخلاقية ومنصفة لتحديد أولوية الحصول على الموارد,عدم معرفة الأغلبية بالطريقة الصحيحة للتسجيل في قوائم التبرع,تحليل المحتوى الإعلامي حول التبرع بالأعضاء في الصحف,انتهاك مبدأ الموافقة المستنيرة وخداع المشاركين,منع وسائل الإعلام من مناقشة هذا الموضوع,انعدام العدالة في توزيع الموارد الصحية مما يمنع البعض من حقه في الرعاية,الخوف من الأعراض الجانبية غير المعروفة أو من كونهم 'فئران تجارب',إجراء مقابلات معمقة واستبيانات مجهولة الهوية مع المرضى الرافضين لسؤالهم عن أسباب رفضهم,زيادة عدد المستشفيات الخاصة التي تجري عمليات الزرع,تقديم مبالغ مالية ضخمة للمشاركين لجذبهم,اعتراض أسرة المريضة على قرارها بسبب تعلقهم بها,عدم فهمهم للمصطلحات الطبية المعقدة التي يستخدمها الأطباء,مراجعة قوائم الطعام وأسعار السلع الأساسية في الأسواق,إجراء مقابلات منظمة مع العائلات الرافضة ودراسة خلفياتهم الثقافية والدينية,تشديد العقوبات القانونية على السماسرة بالتزامن مع توفير برامج دعم اقتصادي للفقراء,الصراع بين حاجة الشخص للمال وخطر تحويل جسد الإنسان إلى سلعة تُباع وتُشترى,ضغط العمل الشديد ونظام المواعيد الذي يخصص وقتاً قصيراً لكل مريض,زيادة عدد المستشفيات في المدينة لملاحظة الفرق,إطلاق حملات توعية عامة وشرح المعايير الطبية بدقة مع تقديم دعم نفسي للعائلات,تقليل عدد المرضى المسموح بهم لكل طبيب بشكل دائم,التنافس المهني بين الأطباء داخل القسم,الخوف من المسؤولية القانونية رغم أن الإجراء قانوني,إجراء استبيان مجهول الهوية يقدم سيناريوهات أخلاقية للأطباء ويسألهم عن قيمهم,إجراء حوار شامل مع المريض، وإذا استمر التعارض، يتم تحويل رعاية المريض لطبيب آخر يقبل الإجراء,إطلاق حملات توعية وطنية شاملة في الإعلام والمدارس ودور العبادة,انتهاك صارخ لمبدأ العدالة والمساواة في تقديم الرعاية الصحية,نقص الوعي العام بأهمية التبرع وانتشار مفاهيم خاطئة حوله,زيادة عدد المستشفيات التي تقدم الفحوصات وملاحظة الإقبال,تطبيق نظام 'فرز طبي' واضح يعتمد فقط على الحاجة الطبية وخطورة الحالة,وضع سياسات صارمة وإنشاء 'لجنة أخلاقيات بحث' تراجع كل الأبحاث وتضمن موافقة واضحة
2/22/2026 9:12:40,14 / 30,farah.zakaria26@gmail.com,ضرورة وضع معايير أخلاقية ومنصفة لتحديد أولوية الحصول على الموارد,عدم معرفة الأغلبية بالطريقة الصحيحة للتسجيل في قوائم التبرع,سؤال الأطباء عن انطباعاتهم الشخصية حول المرضى,انتهاك مبدأ الموافقة المستنيرة وخداع المشاركين,إغلاق جميع مراكز زراعة الأعضاء لتجنب الجدل,انعدام العدالة في توزيع الموارد الصحية مما يمنع البعض من حقه في الرعاية,الخوف من الأعراض الجانبية غير المعروفة أو من كونهم 'فئران تجارب',إجراء مقابلات معمقة واستبيانات مجهولة الهوية مع المرضى الرافضين لسؤالهم عن أسباب رفضهم,رغبة بعض الأشخاص في خوض المغامرات الخطرة,إجبار المرضى الذين ليس لديهم خيار آخر على المشاركة,اعتراض أسرة المريضة على قرارها بسبب تعلقهم بها,عدم فهمهم للمصطلحات الطبية المعقدة التي يستخدمها الأطباء,زيارة المناطق السياحية في هذه الدولة وملاحظة الزوار,قياس ضغط الدم ومعدل نبضات قلب أفراد العائلة,تشديد العقوبات القانونية على السماسرة بالتزامن مع توفير برامج دعم اقتصادي للفقراء,الصراع بين حاجة الشخص للمال وخطر تحويل جسد الإنسان إلى سلعة تُباع وتُشترى,شعور الأطباء بالملل من تكرار نفس الشرح,زيادة عدد المستشفيات في المدينة لملاحظة الفرق,إطلاق حملات توعية عامة وشرح المعايير الطبية بدقة مع تقديم دعم نفسي للعائلات,تقليل عدد المرضى المسموح بهم لكل طبيب بشكل دائم,انتهاك المعايير الأخلاقية الطبية وحق المريض الأساسي في الموافقة المستنيرة,تعارض هذا الإجراء مع قَسَم أبقراط ومعتقداتهم الأخلاقية والدينية العميقة,إجراء استبيان مجهول الهوية يقدم سيناريوهات أخلاقية للأطباء ويسألهم عن قيمهم,إجراء حوار شامل مع المريض، وإذا استمر التعارض، يتم تحويل رعاية المريض لطبيب آخر يقبل الإجراء,إطلاق حملات توعية وطنية شاملة في الإعلام والمدارس ودور العبادة,ارتفاع أعداد المرضى الوافدين إلى المستشفى يوميًا,ارتفاع المستوى الصحي العام في المجتمع وقلة الحاجة للزرع,زيادة عدد المستشفيات التي تقدم الفحوصات وملاحظة الإقبال,إعطاء الأولوية للمرضى الأغنياء القادرين على الدفع,وضع سياسات صارمة وإنشاء 'لجنة أخلاقيات بحث' تراجع كل الأبحاث وتضمن موافقة واضحة
2/22/2026 9:47:56,20 / 30,lobna.hamdan.k@gmail.com,ضرورة وضع معايير أخلاقية ومنصفة لتحديد أولوية الحصول على الموارد,وجود معتقدات دينية أو ثقافية راسخة تمنع المساس بالجسد بعد الوفاة,مراجعة قوانين التبرع بالأعضاء في الدول المجاورة,انتهاك مبدأ الموافقة المستنيرة وخداع المشاركين,إصدار قانون يجبر جميع المواطنين على التبرع بأعضائهم,انعدام العدالة في توزيع الموارد الصحية مما يمنع البعض من حقه في الرعاية,الخوف من الأعراض الجانبية غير المعروفة أو من كونهم 'فئران تجارب',إجراء فحوصات دم للمرضى لقياس مستوى القلق لديهم,انتشار الفقر الشديد بالتزامن مع ضعف الرقابة القانونية,تطبيق 'الموافقة المستنيرة' بصرامة، وشرح الفوائد والمخاطر بشفافية كاملة,التعارض بين احترام استقلالية المريضة وواجب الطبيب الأخلاقي في الحفاظ على الحياة,تعارض فكرة موت الدماغ مع معتقداتهم الدينية أو أملهم في حدوث معجزة,سؤال الأثرياء الذين قاموا بشراء الأعضاء عن دوافعهم,قياس ضغط الدم ومعدل نبضات قلب أفراد العائلة,تشديد العقوبات القانونية على السماسرة بالتزامن مع توفير برامج دعم اقتصادي للفقراء,الصراع بين حاجة الشخص للمال وخطر تحويل جسد الإنسان إلى سلعة تُباع وتُشترى,ضغط العمل الشديد ونظام المواعيد الذي يخصص وقتاً قصيراً لكل مريض,رفع أسعار الكشف الطبي في العيادات الخارجية,إلغاء معيار موت الدماغ والعودة لمعيار توقف القلب فقط,عقد ورش عمل لتدريب الأطباء على مهارات التواصل الفعال وتخصيص وقت كافٍ للشرح,ارتفاع عدد العمليات الجراحية التي يجريها القسم,قلة خبرتهم الطبية في كيفية تنفيذ هذا الإجراء,إجراء استبيان مجهول الهوية يقدم سيناريوهات أخلاقية للأطباء ويسألهم عن قيمهم,إجراء حوار شامل مع المريض، وإذا استمر التعارض، يتم تحويل رعاية المريض لطبيب آخر يقبل الإجراء,إطلاق حملات توعية وطنية شاملة في الإعلام والمدارس ودور العبادة,انتهاك صارخ لمبدأ العدالة والمساواة في تقديم الرعاية الصحية,نقص الوعي العام بأهمية التبرع وانتشار مفاهيم خاطئة حوله,مقارنة عدد الفحوصات التي تتم للأمراض البسيطة مقابل الخطيرة,تطبيق نظام 'فرز طبي' واضح يعتمد فقط على الحاجة الطبية وخطورة الحالة,وضع سياسات صارمة وإنشاء 'لجنة أخلاقيات بحث' تراجع كل الأبحاث وتضمن موافقة واضحة
2/22/2026 9:52:45,15 / 30,rawan.kamal18@gmail.com,ضرورة وضع معايير أخلاقية ومنصفة لتحديد أولوية الحصول على الموارد,وجود معتقدات دينية أو ثقافية راسخة تمنع المساس بالجسد بعد الوفاة,سؤال الأطباء عن انطباعاتهم الشخصية حول المرضى,انتهاك مبدأ الموافقة المستنيرة وخداع المشاركين,إصدار قانون يجبر جميع المواطنين على التبرع بأعضائهم,انعدام العدالة في توزيع الموارد الصحية مما يمنع البعض من حقه في الرعاية,الخوف من الأعراض الجانبية غير المعروفة أو من كونهم 'فئران تجارب',إجراء مقابلات معمقة واستبيانات مجهولة الهوية مع المرضى الرافضين لسؤالهم عن أسباب رفضهم,انتشار الفقر الشديد بالتزامن مع ضعف الرقابة القانونية,تطبيق 'الموافقة المستنيرة' بصرامة، وشرح الفوائد والمخاطر بشفافية كاملة,التكلفة المالية العالية للأدوية المسكنة,تعارض فكرة موت الدماغ مع معتقداتهم الدينية أو أملهم في حدوث معجزة,مراجعة قوائم الطعام وأسعار السلع الأساسية في الأسواق,قياس ضغط الدم ومعدل نبضات قلب أفراد العائلة,تشديد العقوبات القانونية على السماسرة بالتزامن مع توفير برامج دعم اقتصادي للفقراء,التكلفة الطبية المرتفعة لعمليات زراعة الكلى,ضغط العمل الشديد ونظام المواعيد الذي يخصص وقتاً قصيراً لكل مريض,زيادة عدد المستشفيات في المدينة لملاحظة الفرق,إجبار العائلات بالقانون على قبول التشخيص وفصل الأجهزة,تقليل عدد المرضى المسموح بهم لكل طبيب بشكل دائم,ارتفاع عدد العمليات الجراحية التي يجريها القسم,تعارض هذا الإجراء مع قَسَم أبقراط ومعتقداتهم الأخلاقية والدينية العميقة,سؤال المرضى عن رأيهم في الأطباء الرافضين,إجراء حوار شامل مع المريض، وإذا استمر التعارض، يتم تحويل رعاية المريض لطبيب آخر يقبل الإجراء,إجبار المواطنين بالقانون على أن يصبحوا متبرعين,انتهاك صارخ لمبدأ العدالة والمساواة في تقديم الرعاية الصحية,كراهية عامة لفكرة المستشفيات والعمليات الجراحية,تحليل المقالات الصحفية التي تتحدث عن خطورة الأمراض,إعطاء الأولوية للمرضى الأغنياء القادرين على الدفع,وضع سياسات صارمة وإنشاء 'لجنة أخلاقيات بحث' تراجع كل الأبحاث وتضمن موافقة واضحة
2/22/2026 9:57:44,12 / 30,soraya.karam20@gmail.com,ضرورة وضع معايير أخلاقية ومنصفة لتحديد أولوية الحصول على الموارد,عدم معرفة الأغلبية بالطريقة الصحيحة للتسجيل في قوائم التبرع,تحليل المحتوى الإعلامي حول التبرع بالأعضاء في الصحف,انتهاك مبدأ الموافقة المستنيرة وخداع المشاركين,إصدار قانون يجبر جميع المواطنين على التبرع بأعضائهم,انعدام العدالة في توزيع الموارد الصحية مما يمنع البعض من حقه في الرعاية,الخوف من الأعراض الجانبية غير المعروفة أو من كونهم 'فئران تجارب',إجراء فحوصات دم للمرضى لقياس مستوى القلق لديهم,رغبة بعض الأشخاص في خوض المغامرات الخطرة,تقديم مبالغ مالية ضخمة للمشاركين لجذبهم,التكلفة المالية العالية للأدوية المسكنة,تعارض فكرة موت الدماغ مع معتقداتهم الدينية أو أملهم في حدوث معجزة,زيارة المناطق السياحية في هذه الدولة وملاحظة الزوار,مراجعة الميزانية السنوية لقسم العناية المركزة,تشديد العقوبات القانونية على السماسرة بالتزامن مع توفير برامج دعم اقتصادي للفقراء,الصراع بين حاجة الشخص للمال وخطر تحويل جسد الإنسان إلى سلعة تُباع وتُشترى,ضغط العمل الشديد ونظام المواعيد الذي يخصص وقتاً قصيراً لكل مريض,زيادة عدد المستشفيات في المدينة لملاحظة الفرق,إلغاء معيار موت الدماغ والعودة لمعيار توقف القلب فقط,عقد ورش عمل لتدريب الأطباء على مهارات التواصل الفعال وتخصيص وقت كافٍ للشرح,نقص الوقت المتاح للأطباء بسبب ضغط العمل,تعارض هذا الإجراء مع قَسَم أبقراط ومعتقداتهم الأخلاقية والدينية العميقة,مراجعة الفواتير المالية للمرضى في المراحل النهائية,أن يتجاهل الطبيب رغبة المريض تمامًا ويستمر في العلاج,إطلاق حملات توعية وطنية شاملة في الإعلام والمدارس ودور العبادة,انتهاك صارخ لمبدأ العدالة والمساواة في تقديم الرعاية الصحية,كثرة عدد الأطباء المتخصصين في زراعة الأعضاء,زيادة عدد المستشفيات التي تقدم الفحوصات وملاحظة الإقبال,إعطاء الأولوية للمرضى الأغنياء القادرين على الدفع,تجاهل الموضوع طالما لم يصب أحد بأذى
2/22/2026 10:32:43,15 / 30,nada.ramadan.h@gmail.com,ضرورة وضع معايير أخلاقية ومنصفة لتحديد أولوية الحصول على الموارد,وجود معتقدات دينية أو ثقافية راسخة تمنع المساس بالجسد بعد الوفاة,سؤال الأطباء عن انطباعاتهم الشخصية حول المرضى,انتهاك مبدأ الموافقة المستنيرة وخداع المشاركين,إغلاق جميع مراكز زراعة الأعضاء لتجنب الجدل,انعدام العدالة في توزيع الموارد الصحية مما يمنع البعض من حقه في الرعاية,الخوف من الأعراض الجانبية غير المعروفة أو من كونهم 'فئران تجارب',إجراء فحوصات دم للمرضى لقياس مستوى القلق لديهم,نقص الوعي التعليمي العام بمخاطر هذه العمليات,تقديم مبالغ مالية ضخمة للمشاركين لجذبهم,التكلفة المالية العالية للأدوية المسكنة,تعارض فكرة موت الدماغ مع معتقداتهم الدينية أو أملهم في حدوث معجزة,مراجعة قوائم الطعام وأسعار السلع الأساسية في الأسواق,قياس ضغط الدم ومعدل نبضات قلب أفراد العائلة,تشديد العقوبات القانونية على السماسرة بالتزامن مع توفير برامج دعم اقتصادي للفقراء,رفض أسرة المتبرع لهذا القرار خوفًا على صحته,ضغط العمل الشديد ونظام المواعيد الذي يخصص وقتاً قصيراً لكل مريض,رفع أسعار الكشف الطبي في العيادات الخارجية,إطلاق حملات توعية عامة وشرح المعايير الطبية بدقة مع تقديم دعم نفسي للعائلات,تقليل عدد المرضى المسموح بهم لكل طبيب بشكل دائم,ارتفاع عدد العمليات الجراحية التي يجريها القسم,الخوف من المسؤولية القانونية رغم أن الإجراء قانوني,إجراء استبيان مجهول الهوية يقدم سيناريوهات أخلاقية للأطباء ويسألهم عن قيمهم,إجراء حوار شامل مع المريض، وإذا استمر التعارض، يتم تحويل رعاية المريض لطبيب آخر يقبل الإجراء,إغلاق مراكز زراعة الأعضاء لتقليل الطلب,انتهاك صارخ لمبدأ العدالة والمساواة في تقديم الرعاية الصحية,نقص الوعي العام بأهمية التبرع وانتشار مفاهيم خاطئة حوله,إجراء استبيان يسأل الناس مباشرة عن ترتيب مخاوفهم كأسباب لعدم إجراء الفحص,إعطاء الأولوية للمرضى الأغنياء القادرين على الدفع,وضع سياسات صارمة وإنشاء 'لجنة أخلاقيات بحث' تراجع كل الأبحاث وتضمن موافقة واضحة
2/22/2026 11:17:43,14 / 30,abeer.khaled44@gmail.com,ضرورة وضع معايير أخلاقية ومنصفة لتحديد أولوية الحصول على الموارد,الخوف العام من زيارة المستشفيات والتعامل مع الأطباء,تحليل المحتوى الإعلامي حول التبرع بالأعضاء في الصحف,انتهاك مبدأ الموافقة المستنيرة وخداع المشاركين,إصدار قانون يجبر جميع المواطنين على التبرع بأعضائهم,انعدام العدالة في توزيع الموارد الصحية مما يمنع البعض من حقه في الرعاية,الخوف من الأعراض الجانبية غير المعروفة أو من كونهم 'فئران تجارب',سؤال الصيادلة في المستشفى عن رأيهم في التجارب,نقص الوعي التعليمي العام بمخاطر هذه العمليات,إخفاء المخاطر المحتملة والتركيز على الفوائد فقط,التعارض بين احترام استقلالية المريضة وواجب الطبيب الأخلاقي في الحفاظ على الحياة,تعارض فكرة موت الدماغ مع معتقداتهم الدينية أو أملهم في حدوث معجزة,مراجعة قوائم الطعام وأسعار السلع الأساسية في الأسواق,قياس ضغط الدم ومعدل نبضات قلب أفراد العائلة,تشديد العقوبات القانونية على السماسرة بالتزامن مع توفير برامج دعم اقتصادي للفقراء,رفض أسرة المتبرع لهذا القرار خوفًا على صحته,اعتقاد الأطباء أن المرضى يرفضون الاستماع للنصائح,زيادة عدد المستشفيات في المدينة لملاحظة الفرق,إلغاء معيار موت الدماغ والعودة لمعيار توقف القلب فقط,تقليل عدد المرضى المسموح بهم لكل طبيب بشكل دائم,ارتفاع عدد العمليات الجراحية التي يجريها القسم,عدم توفر المعدات والأدوية اللازمة لتنفيذه,إجراء استبيان مجهول الهوية يقدم سيناريوهات أخلاقية للأطباء ويسألهم عن قيمهم,إجراء حوار شامل مع المريض، وإذا استمر التعارض، يتم تحويل رعاية المريض لطبيب آخر يقبل الإجراء,إطلاق حملات توعية وطنية شاملة في الإعلام والمدارس ودور العبادة,انتهاك صارخ لمبدأ العدالة والمساواة في تقديم الرعاية الصحية,نقص الوعي العام بأهمية التبرع وانتشار مفاهيم خاطئة حوله,زيادة عدد المستشفيات التي تقدم الفحوصات وملاحظة الإقبال,تطبيق نظام 'فرز طبي' واضح يعتمد فقط على الحاجة الطبية وخطورة الحالة,وضع سياسات صارمة وإنشاء 'لجنة أخلاقيات بحث' تراجع كل الأبحاث وتضمن موافقة واضحة
2/22/2026 12:02:44,21 / 30,doaa.ramadan.y@gmail.com,ضرورة وضع معايير أخلاقية ومنصفة لتحديد أولوية الحصول على الموارد,وجود معتقدات دينية أو ثقافية راسخة تمنع المساس بالجسد بعد الوفاة,مراجعة قوانين التبرع بالأعضاء في الدول المجاورة,انتهاك مبدأ الموافقة المستنيرة وخداع المشاركين,منع وسائل الإعلام من مناقشة هذا الموضوع,انعدام العدالة في توزيع الموارد الصحية مما يمنع البعض من حقه في الرعاية,الخوف من الأعراض الجانبية غير المعروفة أو من كونهم 'فئران تجارب',إجراء مقابلات معمقة واستبيانات مجهولة الهوية مع المرضى الرافضين لسؤالهم عن أسباب رفضهم,انتشار الفقر الشديد بالتزامن مع ضعف الرقابة القانونية,تطبيق 'الموافقة المستنيرة' بصرامة، وشرح الفوائد والمخاطر بشفافية كاملة,التعارض بين احترام استقلالية المريضة وواجب الطبيب الأخلاقي في الحفاظ على الحياة,تعارض فكرة موت الدماغ مع معتقداتهم الدينية أو أملهم في حدوث معجزة,سؤال الأثرياء الذين قاموا بشراء الأعضاء عن دوافعهم,سؤال طاقم الممرضين عن انطباعاتهم حول العائلات,تشديد العقوبات القانونية على السماسرة بالتزامن مع توفير برامج دعم اقتصادي للفقراء,رفض أسرة المتبرع لهذا القرار خوفًا على صحته,ضغط العمل الشديد ونظام المواعيد الذي يخصص وقتاً قصيراً لكل مريض,زيادة عدد المستشفيات في المدينة لملاحظة الفرق,إلغاء معيار موت الدماغ والعودة لمعيار توقف القلب فقط,عقد ورش عمل لتدريب الأطباء على مهارات التواصل الفعال وتخصيص وقت كافٍ للشرح,انتهاك المعايير الأخلاقية الطبية وحق المريض الأساسي في الموافقة المستنيرة,تعارض هذا الإجراء مع قَسَم أبقراط ومعتقداتهم الأخلاقية والدينية العميقة,إجراء استبيان مجهول الهوية يقدم سيناريوهات أخلاقية للأطباء ويسألهم عن قيمهم,إجراء حوار شامل مع المريض، وإذا استمر التعارض، يتم تحويل رعاية المريض لطبيب آخر يقبل الإجراء,إطلاق حملات توعية وطنية شاملة في الإعلام والمدارس ودور العبادة,قلة عدد الأطباء والممرضين مقارنة بعدد المرضى,نقص الوعي العام بأهمية التبرع وانتشار مفاهيم خاطئة حوله,زيادة عدد المستشفيات التي تقدم الفحوصات وملاحظة الإقبال,تطبيق نظام 'فرز طبي' واضح يعتمد فقط على الحاجة الطبية وخطورة الحالة,وضع سياسات صارمة وإنشاء 'لجنة أخلاقيات بحث' تراجع كل الأبحاث وتضمن موافقة واضحة
2/22/2026 12:07:40,14 / 30,arwa.medhat.a@gmail.com,عدم وجود عدد كافٍ من الأطباء في قسم الطوارئ,وجود معتقدات دينية أو ثقافية راسخة تمنع المساس بالجسد بعد الوفاة,إجراء دراسة مسحية تقارن معدلات الموافقة لدى مجموعات بخلفيات دينية مختلفة,انتهاك مبدأ الموافقة المستنيرة وخداع المشاركين,إطلاق حملات توعية بالتعاون مع رجال الدين الموثوقين لتوضيح الموقف الديني الصحيح,انعدام العدالة في توزيع الموارد الصحية مما يمنع البعض من حقه في الرعاية,الخوف من الأعراض الجانبية غير المعروفة أو من كونهم 'فئران تجارب',إجراء مقابلات معمقة واستبيانات مجهولة الهوية مع المرضى الرافضين لسؤالهم عن أسباب رفضهم,نقص الوعي التعليمي العام بمخاطر هذه العمليات,تقديم مبالغ مالية ضخمة للمشاركين لجذبهم,اعتراض أسرة المريضة على قرارها بسبب تعلقهم بها,عدم فهمهم للمصطلحات الطبية المعقدة التي يستخدمها الأطباء,إجراء دراسة ميدانية لتحليل الوضع الاقتصادي والاجتماعي لضحايا بيع الأعضاء,إجراء مقابلات منظمة مع العائلات الرافضة ودراسة خلفياتهم الثقافية والدينية,تشديد العقوبات القانونية على السماسرة بالتزامن مع توفير برامج دعم اقتصادي للفقراء,رفض أسرة المتبرع لهذا القرار خوفًا على صحته,ارتفاع أعداد المرضى بشكل يفوق قدرة الأطباء,زيادة عدد المستشفيات في المدينة لملاحظة الفرق,منع وسائل الإعلام من التحدث عن حالات موت الدماغ,رفع أجور الأطباء فقط دون تغيير نظام العمل,نقص الوقت المتاح للأطباء بسبب ضغط العمل,قلة خبرتهم الطبية في كيفية تنفيذ هذا الإجراء,إجراء استبيان مجهول الهوية يقدم سيناريوهات أخلاقية للأطباء ويسألهم عن قيمهم,أن يتجاهل الطبيب رغبة المريض تمامًا ويستمر في العلاج,إطلاق حملات توعية وطنية شاملة في الإعلام والمدارس ودور العبادة,نقص الأسِرَّة المتاحة في المستشفى لاستقبال المرضى,نقص الوعي العام بأهمية التبرع وانتشار مفاهيم خاطئة حوله,زيادة عدد المستشفيات التي تقدم الفحوصات وملاحظة الإقبال,إعطاء الأولوية للمرضى الأغنياء القادرين على الدفع,وضع سياسات صارمة وإنشاء 'لجنة أخلاقيات بحث' تراجع كل الأبحاث وتضمن موافقة واضحة
2/22/2026 12:12:44,20 / 30,taghreed.lotfy41@gmail.com,ضرورة وضع معايير أخلاقية ومنصفة لتحديد أولوية الحصول على الموارد,الخوف العام من زيارة المستشفيات والتعامل مع الأطباء,إجراء دراسة مسحية تقارن معدلات الموافقة لدى مجموعات بخلفيات دينية مختلفة,انتهاك مبدأ الموافقة المستنيرة وخداع المشاركين,إطلاق حملات توعية بالتعاون مع رجال الدين الموثوقين لتوضيح الموقف الديني الصحيح,انعدام العدالة في توزيع الموارد الصحية مما يمنع البعض من حقه في الرعاية,الخوف من الأعراض الجانبية غير المعروفة أو من كونهم 'فئران تجارب',إجراء فحوصات دم للمرضى لقياس مستوى القلق لديهم,انتشار الفقر الشديد بالتزامن مع ضعف الرقابة القانونية,تقديم مبالغ مالية ضخمة للمشاركين لجذبهم,التعارض بين احترام استقلالية المريضة وواجب الطبيب الأخلاقي في الحفاظ على الحياة,تعارض فكرة موت الدماغ مع معتقداتهم الدينية أو أملهم في حدوث معجزة,مراجعة قوائم الطعام وأسعار السلع الأساسية في الأسواق,سؤال طاقم الممرضين عن انطباعاتهم حول العائلات,تشديد العقوبات القانونية على السماسرة بالتزامن مع توفير برامج دعم اقتصادي للفقراء,نقص الأطباء المتخصصين في جراحات زراعة الأعضاء,ضغط العمل الشديد ونظام المواعيد الذي يخصص وقتاً قصيراً لكل مريض,مراقبة جداول عمل الأطباء وحساب متوسط الوقت المخصص لكل مريض ومقارنته بمستوى رضا المرضى,منع وسائل الإعلام من التحدث عن حالات موت الدماغ,عقد ورش عمل لتدريب الأطباء على مهارات التواصل الفعال وتخصيص وقت كافٍ للشرح,ارتفاع عدد العمليات الجراحية التي يجريها القسم,قلة خبرتهم الطبية في كيفية تنفيذ هذا الإجراء,إجراء استبيان مجهول الهوية يقدم سيناريوهات أخلاقية للأطباء ويسألهم عن قيمهم,إجراء حوار شامل مع المريض، وإذا استمر التعارض، يتم تحويل رعاية المريض لطبيب آخر يقبل الإجراء,إطلاق حملات توعية وطنية شاملة في الإعلام والمدارس ودور العبادة,انتهاك صارخ لمبدأ العدالة والمساواة في تقديم الرعاية الصحية,نقص الوعي العام بأهمية التبرع وانتشار مفاهيم خاطئة حوله,زيادة عدد المستشفيات التي تقدم الفحوصات وملاحظة الإقبال,تطبيق نظام 'فرز طبي' واضح يعتمد فقط على الحاجة الطبية وخطورة الحالة,وضع سياسات صارمة وإنشاء 'لجنة أخلاقيات بحث' تراجع كل الأبحاث وتضمن موافقة واضحة
2/22/2026 12:12:55,14 / 30,hagar.abdelaziz3@gmail.com,نقص التمويل الحكومي المخصص للمستشفيات,الخوف العام من زيارة المستشفيات والتعامل مع الأطباء,تحليل المحتوى الإعلامي حول التبرع بالأعضاء في الصحف,انتهاك مبدأ الموافقة المستنيرة وخداع المشاركين,إصدار قانون يجبر جميع المواطنين على التبرع بأعضائهم,انعدام العدالة في توزيع الموارد الصحية مما يمنع البعض من حقه في الرعاية,الخوف من الأعراض الجانبية غير المعروفة أو من كونهم 'فئران تجارب',إجراء فحوصات دم للمرضى لقياس مستوى القلق لديهم,نقص الوعي التعليمي العام بمخاطر هذه العمليات,تطبيق 'الموافقة المستنيرة' بصرامة، وشرح الفوائد والمخاطر بشفافية كاملة,اعتراض أسرة المريضة على قرارها بسبب تعلقهم بها,تعارض فكرة موت الدماغ مع معتقداتهم الدينية أو أملهم في حدوث معجزة,سؤال الأثرياء الذين قاموا بشراء الأعضاء عن دوافعهم,قياس ضغط الدم ومعدل نبضات قلب أفراد العائلة,تشديد العقوبات القانونية على السماسرة بالتزامن مع توفير برامج دعم اقتصادي للفقراء,الصراع بين حاجة الشخص للمال وخطر تحويل جسد الإنسان إلى سلعة تُباع وتُشترى,ضغط العمل الشديد ونظام المواعيد الذي يخصص وقتاً قصيراً لكل مريض,مراقبة جداول عمل الأطباء وحساب متوسط الوقت المخصص لكل مريض ومقارنته بمستوى رضا المرضى,إلغاء معيار موت الدماغ والعودة لمعيار توقف القلب فقط,تقليل عدد المرضى المسموح بهم لكل طبيب بشكل دائم,انتهاك المعايير الأخلاقية الطبية وحق المريض الأساسي في الموافقة المستنيرة,تعارض هذا الإجراء مع قَسَم أبقراط ومعتقداتهم الأخلاقية والدينية العميقة,سؤال المرضى عن رأيهم في الأطباء الرافضين,أن يتجاهل الطبيب رغبة المريض تمامًا ويستمر في العلاج,إطلاق حملات توعية وطنية شاملة في الإعلام والمدارس ودور العبادة,ارتفاع أعداد المرضى الوافدين إلى المستشفى يوميًا,نقص الوعي العام بأهمية التبرع وانتشار مفاهيم خاطئة حوله,زيادة عدد المستشفيات التي تقدم الفحوصات وملاحظة الإقبال,رفض علاج المرضى الفقراء لتخفيف الضغط,وضع سياسات صارمة وإنشاء 'لجنة أخلاقيات بحث' تراجع كل الأبحاث وتضمن موافقة واضحة
2/22/2026 12:37:41,17 / 30,mona.gamal.a@gmail.com,ضرورة وضع معايير أخلاقية ومنصفة لتحديد أولوية الحصول على الموارد,عدم معرفة الأغلبية بالطريقة الصحيحة للتسجيل في قوائم التبرع,سؤال الأطباء عن انطباعاتهم الشخصية حول المرضى,انتهاك مبدأ الموافقة المستنيرة وخداع المشاركين,إطلاق حملات توعية بالتعاون مع رجال الدين الموثوقين لتوضيح الموقف الديني الصحيح,انعدام العدالة في توزيع الموارد الصحية مما يمنع البعض من حقه في الرعاية,الخوف من الأعراض الجانبية غير المعروفة أو من كونهم 'فئران تجارب',إجراء مقابلات معمقة واستبيانات مجهولة الهوية مع المرضى الرافضين لسؤالهم عن أسباب رفضهم,نقص الوعي التعليمي العام بمخاطر هذه العمليات,تقديم مبالغ مالية ضخمة للمشاركين لجذبهم,التكلفة المالية العالية للأدوية المسكنة,تعارض فكرة موت الدماغ مع معتقداتهم الدينية أو أملهم في حدوث معجزة,مراجعة قوائم الطعام وأسعار السلع الأساسية في الأسواق,إجراء مقابلات منظمة مع العائلات الرافضة ودراسة خلفياتهم الثقافية والدينية,تشديد العقوبات القانونية على السماسرة بالتزامن مع توفير برامج دعم اقتصادي للفقراء,الصراع بين حاجة الشخص للمال وخطر تحويل جسد الإنسان إلى سلعة تُباع وتُشترى,ضغط العمل الشديد ونظام المواعيد الذي يخصص وقتاً قصيراً لكل مريض,رفع أسعار الكشف الطبي في العيادات الخارجية,إطلاق حملات توعية عامة وشرح المعايير الطبية بدقة مع تقديم دعم نفسي للعائلات,تقليل عدد المرضى المسموح بهم لكل طبيب بشكل دائم,انتهاك المعايير الأخلاقية الطبية وحق المريض الأساسي في الموافقة المستنيرة,قلة خبرتهم الطبية في كيفية تنفيذ هذا الإجراء,قياس معدل نبضات قلب الأطباء عند مناقشة الموضوع,إجراء حوار شامل مع المريض، وإذا استمر التعارض، يتم تحويل رعاية المريض لطبيب آخر يقبل الإجراء,إطلاق حملات توعية وطنية شاملة في الإعلام والمدارس ودور العبادة,ارتفاع أعداد المرضى الوافدين إلى المستشفى يوميًا,نقص الوعي العام بأهمية التبرع وانتشار مفاهيم خاطئة حوله,زيادة عدد المستشفيات التي تقدم الفحوصات وملاحظة الإقبال,إعطاء الأولوية للمرضى الأغنياء القادرين على الدفع,وضع سياسات صارمة وإنشاء 'لجنة أخلاقيات بحث' تراجع كل الأبحاث وتضمن موافقة واضحة
2/22/2026 12:52:41,18 / 30,safaa.atef.h@gmail.com,ضرورة وضع معايير أخلاقية ومنصفة لتحديد أولوية الحصول على الموارد,عدم معرفة الأغلبية بالطريقة الصحيحة للتسجيل في قوائم التبرع,سؤال الأطباء عن انطباعاتهم الشخصية حول المرضى,انتهاك مبدأ الموافقة المستنيرة وخداع المشاركين,إغلاق جميع مراكز زراعة الأعضاء لتجنب الجدل,انعدام العدالة في توزيع الموارد الصحية مما يمنع البعض من حقه في الرعاية,الكسل العام وعدم الرغبة في بذل مجهود للمشاركة,سؤال الصيادلة في المستشفى عن رأيهم في التجارب,نقص الوعي التعليمي العام بمخاطر هذه العمليات,تقديم مبالغ مالية ضخمة للمشاركين لجذبهم,التعارض بين احترام استقلالية المريضة وواجب الطبيب الأخلاقي في الحفاظ على الحياة,تعارض فكرة موت الدماغ مع معتقداتهم الدينية أو أملهم في حدوث معجزة,مراجعة قوائم الطعام وأسعار السلع الأساسية في الأسواق,مراجعة الميزانية السنوية لقسم العناية المركزة,تشديد العقوبات القانونية على السماسرة بالتزامن مع توفير برامج دعم اقتصادي للفقراء,الصراع بين حاجة الشخص للمال وخطر تحويل جسد الإنسان إلى سلعة تُباع وتُشترى,ضغط العمل الشديد ونظام المواعيد الذي يخصص وقتاً قصيراً لكل مريض,مراقبة جداول عمل الأطباء وحساب متوسط الوقت المخصص لكل مريض ومقارنته بمستوى رضا المرضى,إجبار العائلات بالقانون على قبول التشخيص وفصل الأجهزة,عقد ورش عمل لتدريب الأطباء على مهارات التواصل الفعال وتخصيص وقت كافٍ للشرح,نقص الوقت المتاح للأطباء بسبب ضغط العمل,تعارض هذا الإجراء مع قَسَم أبقراط ومعتقداتهم الأخلاقية والدينية العميقة,إجراء استبيان مجهول الهوية يقدم سيناريوهات أخلاقية للأطباء ويسألهم عن قيمهم,إجراء حوار شامل مع المريض، وإذا استمر التعارض، يتم تحويل رعاية المريض لطبيب آخر يقبل الإجراء,إطلاق حملات توعية وطنية شاملة في الإعلام والمدارس ودور العبادة,نقص الأسِرَّة المتاحة في المستشفى لاستقبال المرضى,نقص الوعي العام بأهمية التبرع وانتشار مفاهيم خاطئة حوله,إجراء استبيان يسأل الناس مباشرة عن ترتيب مخاوفهم كأسباب لعدم إجراء الفحص,تطبيق نظام 'فرز طبي' واضح يعتمد فقط على الحاجة الطبية وخطورة الحالة,وضع سياسات صارمة وإنشاء 'لجنة أخلاقيات بحث' تراجع كل الأبحاث وتضمن موافقة واضحة
2/22/2026 13:37:42,16 / 30,shimaa.tarek19@gmail.com,ضرورة وضع معايير أخلاقية ومنصفة لتحديد أولوية الحصول على الموارد,عدم معرفة الأغلبية بالطريقة الصحيحة للتسجيل في قوائم التبرع,سؤال الأطباء عن انطباعاتهم الشخصية حول المرضى,انتهاك مبدأ الموافقة المستنيرة وخداع المشاركين,إطلاق حملات توعية بالتعاون مع رجال الدين الموثوقين لتوضيح الموقف الديني الصحيح,انعدام العدالة في توزيع الموارد الصحية مما يمنع البعض من حقه في الرعاية,الخوف من الأعراض الجانبية غير المعروفة أو من كونهم 'فئران تجارب',إجراء فحوصات دم للمرضى لقياس مستوى القلق لديهم,زيادة عدد المستشفيات الخاصة التي تجري عمليات الزرع,تقديم مبالغ مالية ضخمة للمشاركين لجذبهم,اعتراض أسرة المريضة على قرارها بسبب تعلقهم بها,تعارض فكرة موت الدماغ مع معتقداتهم الدينية أو أملهم في حدوث معجزة,إجراء دراسة ميدانية لتحليل الوضع الاقتصادي والاجتماعي لضحايا بيع الأعضاء,قياس ضغط الدم ومعدل نبضات قلب أفراد العائلة,تشديد العقوبات القانونية على السماسرة بالتزامن مع توفير برامج دعم اقتصادي للفقراء,الصراع بين حاجة الشخص للمال وخطر تحويل جسد الإنسان إلى سلعة تُباع وتُشترى,ضغط العمل الشديد ونظام المواعيد الذي يخصص وقتاً قصيراً لكل مريض,زيادة عدد المستشفيات في المدينة لملاحظة الفرق,إلغاء معيار موت الدماغ والعودة لمعيار توقف القلب فقط,عقد ورش عمل لتدريب الأطباء على مهارات التواصل الفعال وتخصيص وقت كافٍ للشرح,انتهاك المعايير الأخلاقية الطبية وحق المريض الأساسي في الموافقة المستنيرة,قلة خبرتهم الطبية في كيفية تنفيذ هذا الإجراء,إجراء استبيان مجهول الهوية يقدم سيناريوهات أخلاقية للأطباء ويسألهم عن قيمهم,إجراء حوار شامل مع المريض، وإذا استمر التعارض، يتم تحويل رعاية المريض لطبيب آخر يقبل الإجراء,إطلاق حملات توعية وطنية شاملة في الإعلام والمدارس ودور العبادة,ارتفاع أعداد المرضى الوافدين إلى المستشفى يوميًا,كثرة عدد الأطباء المتخصصين في زراعة الأعضاء,زيادة عدد المستشفيات التي تقدم الفحوصات وملاحظة الإقبال,توزيع الأسرة والخدمات بنظام القرعة العشوائية,وضع سياسات صارمة وإنشاء 'لجنة أخلاقيات بحث' تراجع كل الأبحاث وتضمن موافقة واضحة
2/22/2026 14:02:42,19 / 30,manar.shawki.r@gmail.com,ضرورة وضع معايير أخلاقية ومنصفة لتحديد أولوية الحصول على الموارد,وجود معتقدات دينية أو ثقافية راسخة تمنع المساس بالجسد بعد الوفاة,سؤال الأطباء عن انطباعاتهم الشخصية حول المرضى,انتهاك مبدأ الموافقة المستنيرة وخداع المشاركين,منع وسائل الإعلام من مناقشة هذا الموضوع,انعدام العدالة في توزيع الموارد الصحية مما يمنع البعض من حقه في الرعاية,الخوف من الأعراض الجانبية غير المعروفة أو من كونهم 'فئران تجارب',إجراء مقابلات معمقة واستبيانات مجهولة الهوية مع المرضى الرافضين لسؤالهم عن أسباب رفضهم,زيادة عدد المستشفيات الخاصة التي تجري عمليات الزرع,إجبار المرضى الذين ليس لديهم خيار آخر على المشاركة,التعارض بين احترام استقلالية المريضة وواجب الطبيب الأخلاقي في الحفاظ على الحياة,تعارض فكرة موت الدماغ مع معتقداتهم الدينية أو أملهم في حدوث معجزة,إجراء دراسة ميدانية لتحليل الوضع الاقتصادي والاجتماعي لضحايا بيع الأعضاء,سؤال طاقم الممرضين عن انطباعاتهم حول العائلات,تشديد العقوبات القانونية على السماسرة بالتزامن مع توفير برامج دعم اقتصادي للفقراء,رفض أسرة المتبرع لهذا القرار خوفًا على صحته,ضغط العمل الشديد ونظام المواعيد الذي يخصص وقتاً قصيراً لكل مريض,مراقبة جداول عمل الأطباء وحساب متوسط الوقت المخصص لكل مريض ومقارنته بمستوى رضا المرضى,إطلاق حملات توعية عامة وشرح المعايير الطبية بدقة مع تقديم دعم نفسي للعائلات,عقد ورش عمل لتدريب الأطباء على مهارات التواصل الفعال وتخصيص وقت كافٍ للشرح,التنافس المهني بين الأطباء داخل القسم,عدم توفر المعدات والأدوية اللازمة لتنفيذه,إجراء استبيان مجهول الهوية يقدم سيناريوهات أخلاقية للأطباء ويسألهم عن قيمهم,إجراء حوار شامل مع المريض، وإذا استمر التعارض، يتم تحويل رعاية المريض لطبيب آخر يقبل الإجراء,إطلاق حملات توعية وطنية شاملة في الإعلام والمدارس ودور العبادة,ارتفاع أعداد المرضى الوافدين إلى المستشفى يوميًا,نقص الوعي العام بأهمية التبرع وانتشار مفاهيم خاطئة حوله,زيادة عدد المستشفيات التي تقدم الفحوصات وملاحظة الإقبال,إعطاء الأولوية للمرضى الأغنياء القادرين على الدفع,وضع سياسات صارمة وإنشاء 'لجنة أخلاقيات بحث' تراجع كل الأبحاث وتضمن موافقة واضحة
2/22/2026 14:12:53,12 / 30,dalia.mounir66@gmail.com,عدم وجود عدد كافٍ من الأطباء في قسم الطوارئ,الخوف العام من زيارة المستشفيات والتعامل مع الأطباء,سؤال الأطباء عن انطباعاتهم الشخصية حول المرضى,انتهاك مبدأ الموافقة المستنيرة وخداع المشاركين,منع وسائل الإعلام من مناقشة هذا الموضوع,انعدام العدالة في توزيع الموارد الصحية مما يمنع البعض من حقه في الرعاية,الخوف من الأعراض الجانبية غير المعروفة أو من كونهم 'فئران تجارب',إجراء مقابلات معمقة واستبيانات مجهولة الهوية مع المرضى الرافضين لسؤالهم عن أسباب رفضهم,انتشار الفقر الشديد بالتزامن مع ضعف الرقابة القانونية,إجبار المرضى الذين ليس لديهم خيار آخر على المشاركة,اعتراض أسرة المريضة على قرارها بسبب تعلقهم بها,تعارض فكرة موت الدماغ مع معتقداتهم الدينية أو أملهم في حدوث معجزة,زيارة المناطق السياحية في هذه الدولة وملاحظة الزوار,مراجعة الميزانية السنوية لقسم العناية المركزة,تشديد العقوبات القانونية على السماسرة بالتزامن مع توفير برامج دعم اقتصادي للفقراء,رفض أسرة المتبرع لهذا القرار خوفًا على صحته,ضغط العمل الشديد ونظام المواعيد الذي يخصص وقتاً قصيراً لكل مريض,رفع أسعار الكشف الطبي في العيادات الخارجية,إلغاء معيار موت الدماغ والعودة لمعيار توقف القلب فقط,عقد ورش عمل لتدريب الأطباء على مهارات التواصل الفعال وتخصيص وقت كافٍ للشرح,نقص الوقت المتاح للأطباء بسبب ضغط العمل,عدم توفر المعدات والأدوية اللازمة لتنفيذه,إجراء استبيان مجهول الهوية يقدم سيناريوهات أخلاقية للأطباء ويسألهم عن قيمهم,أن يتجاهل الطبيب رغبة المريض تمامًا ويستمر في العلاج,إطلاق حملات توعية وطنية شاملة في الإعلام والمدارس ودور العبادة,ارتفاع أعداد المرضى الوافدين إلى المستشفى يوميًا,ارتفاع المستوى الصحي العام في المجتمع وقلة الحاجة للزرع,مقارنة عدد الفحوصات التي تتم للأمراض البسيطة مقابل الخطيرة,تطبيق نظام 'فرز طبي' واضح يعتمد فقط على الحاجة الطبية وخطورة الحالة,السماح بإجراء التجارب دون موافقة لتسريع وتيرة العلم
2/22/2026 14:52:41,17 / 30,sahar.abdelfatah@gmail.com,ضرورة وضع معايير أخلاقية ومنصفة لتحديد أولوية الحصول على الموارد,عدم معرفة الأغلبية بالطريقة الصحيحة للتسجيل في قوائم التبرع,سؤال الأطباء عن انطباعاتهم الشخصية حول المرضى,التكلفة المالية المرتفعة للبحث الجيني,إصدار قانون يجبر جميع المواطنين على التبرع بأعضائهم,انعدام العدالة في توزيع الموارد الصحية مما يمنع البعض من حقه في الرعاية,الخوف من الأعراض الجانبية غير المعروفة أو من كونهم 'فئران تجارب',إجراء فحوصات دم للمرضى لقياس مستوى القلق لديهم,انتشار الفقر الشديد بالتزامن مع ضعف الرقابة القانونية,تقديم مبالغ مالية ضخمة للمشاركين لجذبهم,اعتراض أسرة المريضة على قرارها بسبب تعلقهم بها,تعارض فكرة موت الدماغ مع معتقداتهم الدينية أو أملهم في حدوث معجزة,مراجعة قوائم الطعام وأسعار السلع الأساسية في الأسواق,مراجعة الميزانية السنوية لقسم العناية المركزة,تشديد العقوبات القانونية على السماسرة بالتزامن مع توفير برامج دعم اقتصادي للفقراء,الصراع بين حاجة الشخص للمال وخطر تحويل جسد الإنسان إلى سلعة تُباع وتُشترى,ضغط العمل الشديد ونظام المواعيد الذي يخصص وقتاً قصيراً لكل مريض,مراقبة جداول عمل الأطباء وحساب متوسط الوقت المخصص لكل مريض ومقارنته بمستوى رضا المرضى,إطلاق حملات توعية عامة وشرح المعايير الطبية بدقة مع تقديم دعم نفسي للعائلات,رفع أجور الأطباء فقط دون تغيير نظام العمل,ارتفاع عدد العمليات الجراحية التي يجريها القسم,قلة خبرتهم الطبية في كيفية تنفيذ هذا الإجراء,إجراء استبيان مجهول الهوية يقدم سيناريوهات أخلاقية للأطباء ويسألهم عن قيمهم,إجراء حوار شامل مع المريض، وإذا استمر التعارض، يتم تحويل رعاية المريض لطبيب آخر يقبل الإجراء,إطلاق حملات توعية وطنية شاملة في الإعلام والمدارس ودور العبادة,انتهاك صارخ لمبدأ العدالة والمساواة في تقديم الرعاية الصحية,كراهية عامة لفكرة المستشفيات والعمليات الجراحية,إجراء استبيان يسأل الناس مباشرة عن ترتيب مخاوفهم كأسباب لعدم إجراء الفحص,تطبيق نظام 'فرز طبي' واضح يعتمد فقط على الحاجة الطبية وخطورة الحالة,وضع سياسات صارمة وإنشاء 'لجنة أخلاقيات بحث' تراجع كل الأبحاث وتضمن موافقة واضحة
2/22/2026 15:37:41,19 / 30,karima.nasser.h@gmail.com,ضرورة وضع معايير أخلاقية ومنصفة لتحديد أولوية الحصول على الموارد,وجود معتقدات دينية أو ثقافية راسخة تمنع المساس بالجسد بعد الوفاة,إجراء دراسة مسحية تقارن معدلات الموافقة لدى مجموعات بخلفيات دينية مختلفة,انتهاك مبدأ الموافقة المستنيرة وخداع المشاركين,إطلاق حملات توعية بالتعاون مع رجال الدين الموثوقين لتوضيح الموقف الديني الصحيح,انعدام العدالة في توزيع الموارد الصحية مما يمنع البعض من حقه في الرعاية,الخوف من الأعراض الجانبية غير المعروفة أو من كونهم 'فئران تجارب',إجراء فحوصات دم للمرضى لقياس مستوى القلق لديهم,رغبة بعض الأشخاص في خوض المغامرات الخطرة,تطبيق 'الموافقة المستنيرة' بصرامة، وشرح الفوائد والمخاطر بشفافية كاملة,التعارض بين احترام استقلالية المريضة وواجب الطبيب الأخلاقي في الحفاظ على الحياة,تعارض فكرة موت الدماغ مع معتقداتهم الدينية أو أملهم في حدوث معجزة,مراجعة قوائم الطعام وأسعار السلع الأساسية في الأسواق,مراجعة الميزانية السنوية لقسم العناية المركزة,تشديد العقوبات القانونية على السماسرة بالتزامن مع توفير برامج دعم اقتصادي للفقراء,الصراع بين حاجة الشخص للمال وخطر تحويل جسد الإنسان إلى سلعة تُباع وتُشترى,ضغط العمل الشديد ونظام المواعيد الذي يخصص وقتاً قصيراً لكل مريض,تقليل عدد المرضى المسموح به لكل طبيب بشكل مؤقت,إلغاء معيار موت الدماغ والعودة لمعيار توقف القلب فقط,عقد ورش عمل لتدريب الأطباء على مهارات التواصل الفعال وتخصيص وقت كافٍ للشرح,نقص الوقت المتاح للأطباء بسبب ضغط العمل,قلة خبرتهم الطبية في كيفية تنفيذ هذا الإجراء,إجراء استبيان مجهول الهوية يقدم سيناريوهات أخلاقية للأطباء ويسألهم عن قيمهم,إجراء حوار شامل مع المريض، وإذا استمر التعارض، يتم تحويل رعاية المريض لطبيب آخر يقبل الإجراء,إطلاق حملات توعية وطنية شاملة في الإعلام والمدارس ودور العبادة,انتهاك صارخ لمبدأ العدالة والمساواة في تقديم الرعاية الصحية,كراهية عامة لفكرة المستشفيات والعمليات الجراحية,زيادة عدد المستشفيات التي تقدم الفحوصات وملاحظة الإقبال,تطبيق نظام 'فرز طبي' واضح يعتمد فقط على الحاجة الطبية وخطورة الحالة,تجاهل الموضوع طالما لم يصب أحد بأذى
2/22/2026 16:37:42,15 / 30,hagar.abdallah3@gmail.com,عدم وجود عدد كافٍ من الأطباء في قسم الطوارئ,الخوف العام من زيارة المستشفيات والتعامل مع الأطباء,سؤال الأطباء عن انطباعاتهم الشخصية حول المرضى,انتهاك مبدأ الموافقة المستنيرة وخداع المشاركين,إطلاق حملات توعية بالتعاون مع رجال الدين الموثوقين لتوضيح الموقف الديني الصحيح,انعدام العدالة في توزيع الموارد الصحية مما يمنع البعض من حقه في الرعاية,الخوف من الأعراض الجانبية غير المعروفة أو من كونهم 'فئران تجارب',إجراء فحوصات دم للمرضى لقياس مستوى القلق لديهم,انتشار الفقر الشديد بالتزامن مع ضعف الرقابة القانونية,تقديم مبالغ مالية ضخمة للمشاركين لجذبهم,التعارض بين احترام استقلالية المريضة وواجب الطبيب الأخلاقي في الحفاظ على الحياة,تعارض فكرة موت الدماغ مع معتقداتهم الدينية أو أملهم في حدوث معجزة,مراجعة قوائم الطعام وأسعار السلع الأساسية في الأسواق,مراجعة الميزانية السنوية لقسم العناية المركزة,تشديد العقوبات القانونية على السماسرة بالتزامن مع توفير برامج دعم اقتصادي للفقراء,الصراع بين حاجة الشخص للمال وخطر تحويل جسد الإنسان إلى سلعة تُباع وتُشترى,ضغط العمل الشديد ونظام المواعيد الذي يخصص وقتاً قصيراً لكل مريض,زيادة عدد المستشفيات في المدينة لملاحظة الفرق,إلغاء معيار موت الدماغ والعودة لمعيار توقف القلب فقط,عقد ورش عمل لتدريب الأطباء على مهارات التواصل الفعال وتخصيص وقت كافٍ للشرح,انتهاك المعايير الأخلاقية الطبية وحق المريض الأساسي في الموافقة المستنيرة,قلة خبرتهم الطبية في كيفية تنفيذ هذا الإجراء,سؤال المرضى عن رأيهم في الأطباء الرافضين,إجراء حوار شامل مع المريض، وإذا استمر التعارض، يتم تحويل رعاية المريض لطبيب آخر يقبل الإجراء,إطلاق حملات توعية وطنية شاملة في الإعلام والمدارس ودور العبادة,انتهاك صارخ لمبدأ العدالة والمساواة في تقديم الرعاية الصحية,كراهية عامة لفكرة المستشفيات والعمليات الجراحية,زيادة عدد المستشفيات التي تقدم الفحوصات وملاحظة الإقبال,إعطاء الأولوية للمرضى الأغنياء القادرين على الدفع,تجاهل الموضوع طالما لم يصب أحد بأذى
2/22/2026 17:02:45,17 / 30,ganna.hesham4@gmail.com,ضرورة وضع معايير أخلاقية ومنصفة لتحديد أولوية الحصول على الموارد,وجود معتقدات دينية أو ثقافية راسخة تمنع المساس بالجسد بعد الوفاة,سؤال الأطباء عن انطباعاتهم الشخصية حول المرضى,انتهاك مبدأ الموافقة المستنيرة وخداع المشاركين,إصدار قانون يجبر جميع المواطنين على التبرع بأعضائهم,انعدام العدالة في توزيع الموارد الصحية مما يمنع البعض من حقه في الرعاية,الخوف من الأعراض الجانبية غير المعروفة أو من كونهم 'فئران تجارب',إجراء فحوصات دم للمرضى لقياس مستوى القلق لديهم,نقص الوعي التعليمي العام بمخاطر هذه العمليات,تطبيق 'الموافقة المستنيرة' بصرامة، وشرح الفوائد والمخاطر بشفافية كاملة,التعارض بين احترام استقلالية المريضة وواجب الطبيب الأخلاقي في الحفاظ على الحياة,تعارض فكرة موت الدماغ مع معتقداتهم الدينية أو أملهم في حدوث معجزة,مراجعة قوائم الطعام وأسعار السلع الأساسية في الأسواق,مراجعة الميزانية السنوية لقسم العناية المركزة,تشديد العقوبات القانونية على السماسرة بالتزامن مع توفير برامج دعم اقتصادي للفقراء,الصراع بين حاجة الشخص للمال وخطر تحويل جسد الإنسان إلى سلعة تُباع وتُشترى,ارتفاع أعداد المرضى بشكل يفوق قدرة الأطباء,مراقبة جداول عمل الأطباء وحساب متوسط الوقت المخصص لكل مريض ومقارنته بمستوى رضا المرضى,منع وسائل الإعلام من التحدث عن حالات موت الدماغ,تقليل عدد المرضى المسموح بهم لكل طبيب بشكل دائم,التنافس المهني بين الأطباء داخل القسم,تعارض هذا الإجراء مع قَسَم أبقراط ومعتقداتهم الأخلاقية والدينية العميقة,إجراء استبيان مجهول الهوية يقدم سيناريوهات أخلاقية للأطباء ويسألهم عن قيمهم,أن يتجاهل الطبيب رغبة المريض تمامًا ويستمر في العلاج,إطلاق حملات توعية وطنية شاملة في الإعلام والمدارس ودور العبادة,انتهاك صارخ لمبدأ العدالة والمساواة في تقديم الرعاية الصحية,كثرة عدد الأطباء المتخصصين في زراعة الأعضاء,زيادة عدد المستشفيات التي تقدم الفحوصات وملاحظة الإقبال,تطبيق نظام 'فرز طبي' واضح يعتمد فقط على الحاجة الطبية وخطورة الحالة,وضع سياسات صارمة وإنشاء 'لجنة أخلاقيات بحث' تراجع كل الأبحاث وتضمن موافقة واضحة
2/22/2026 17:17:40,19 / 30,somaya.ragab.s@gmail.com,ضرورة وضع معايير أخلاقية ومنصفة لتحديد أولوية الحصول على الموارد,عدم معرفة الأغلبية بالطريقة الصحيحة للتسجيل في قوائم التبرع,إجراء دراسة مسحية تقارن معدلات الموافقة لدى مجموعات بخلفيات دينية مختلفة,انتهاك مبدأ الموافقة المستنيرة وخداع المشاركين,منع وسائل الإعلام من مناقشة هذا الموضوع,انعدام العدالة في توزيع الموارد الصحية مما يمنع البعض من حقه في الرعاية,الخوف من الأعراض الجانبية غير المعروفة أو من كونهم 'فئران تجارب',إجراء فحوصات دم للمرضى لقياس مستوى القلق لديهم,انتشار الفقر الشديد بالتزامن مع ضعف الرقابة القانونية,تقديم مبالغ مالية ضخمة للمشاركين لجذبهم,التعارض بين احترام استقلالية المريضة وواجب الطبيب الأخلاقي في الحفاظ على الحياة,تعارض فكرة موت الدماغ مع معتقداتهم الدينية أو أملهم في حدوث معجزة,مراجعة قوائم الطعام وأسعار السلع الأساسية في الأسواق,سؤال طاقم الممرضين عن انطباعاتهم حول العائلات,تشديد العقوبات القانونية على السماسرة بالتزامن مع توفير برامج دعم اقتصادي للفقراء,الصراع بين حاجة الشخص للمال وخطر تحويل جسد الإنسان إلى سلعة تُباع وتُشترى,ضغط العمل الشديد ونظام المواعيد الذي يخصص وقتاً قصيراً لكل مريض,زيادة عدد المستشفيات في المدينة لملاحظة الفرق,إلغاء معيار موت الدماغ والعودة لمعيار توقف القلب فقط,عقد ورش عمل لتدريب الأطباء على مهارات التواصل الفعال وتخصيص وقت كافٍ للشرح,انتهاك المعايير الأخلاقية الطبية وحق المريض الأساسي في الموافقة المستنيرة,الخوف من المسؤولية القانونية رغم أن الإجراء قانوني,إجراء استبيان مجهول الهوية يقدم سيناريوهات أخلاقية للأطباء ويسألهم عن قيمهم,إجراء حوار شامل مع المريض، وإذا استمر التعارض، يتم تحويل رعاية المريض لطبيب آخر يقبل الإجراء,إطلاق حملات توعية وطنية شاملة في الإعلام والمدارس ودور العبادة,انتهاك صارخ لمبدأ العدالة والمساواة في تقديم الرعاية الصحية,كثرة عدد الأطباء المتخصصين في زراعة الأعضاء,مقارنة عدد الفحوصات التي تتم للأمراض البسيطة مقابل الخطيرة,تطبيق نظام 'فرز طبي' واضح يعتمد فقط على الحاجة الطبية وخطورة الحالة,وضع سياسات صارمة وإنشاء 'لجنة أخلاقيات بحث' تراجع كل الأبحاث وتضمن موافقة واضحة
2/22/2026 17:52:43,15 / 30,heba.maged31@gmail.com,ضرورة وضع معايير أخلاقية ومنصفة لتحديد أولوية الحصول على الموارد,عدم معرفة الأغلبية بالطريقة الصحيحة للتسجيل في قوائم التبرع,سؤال الأطباء عن انطباعاتهم الشخصية حول المرضى,انتهاك مبدأ الموافقة المستنيرة وخداع المشاركين,إصدار قانون يجبر جميع المواطنين على التبرع بأعضائهم,انعدام العدالة في توزيع الموارد الصحية مما يمنع البعض من حقه في الرعاية,الخوف من الأعراض الجانبية غير المعروفة أو من كونهم 'فئران تجارب',قراءة المقالات الطبية المنشورة عن الدواء الجديد,نقص الوعي التعليمي العام بمخاطر هذه العمليات,تقديم مبالغ مالية ضخمة للمشاركين لجذبهم,التعارض بين احترام استقلالية المريضة وواجب الطبيب الأخلاقي في الحفاظ على الحياة,تعارض فكرة موت الدماغ مع معتقداتهم الدينية أو أملهم في حدوث معجزة,سؤال الأثرياء الذين قاموا بشراء الأعضاء عن دوافعهم,إجراء مقابلات منظمة مع العائلات الرافضة ودراسة خلفياتهم الثقافية والدينية,تشديد العقوبات القانونية على السماسرة بالتزامن مع توفير برامج دعم اقتصادي للفقراء,رفض أسرة المتبرع لهذا القرار خوفًا على صحته,ضغط العمل الشديد ونظام المواعيد الذي يخصص وقتاً قصيراً لكل مريض,زيادة عدد المستشفيات في المدينة لملاحظة الفرق,إطلاق حملات توعية عامة وشرح المعايير الطبية بدقة مع تقديم دعم نفسي للعائلات,عقد ورش عمل لتدريب الأطباء على مهارات التواصل الفعال وتخصيص وقت كافٍ للشرح,نقص الوقت المتاح للأطباء بسبب ضغط العمل,قلة خبرتهم الطبية في كيفية تنفيذ هذا الإجراء,إجراء استبيان مجهول الهوية يقدم سيناريوهات أخلاقية للأطباء ويسألهم عن قيمهم,أن يتجاهل الطبيب رغبة المريض تمامًا ويستمر في العلاج,إطلاق حملات توعية وطنية شاملة في الإعلام والمدارس ودور العبادة,ارتفاع أعداد المرضى الوافدين إلى المستشفى يوميًا,كراهية عامة لفكرة المستشفيات والعمليات الجراحية,إجراء استبيان يسأل الناس مباشرة عن ترتيب مخاوفهم كأسباب لعدم إجراء الفحص,إعطاء الأولوية للمرضى الأغنياء القادرين على الدفع,وضع سياسات صارمة وإنشاء 'لجنة أخلاقيات بحث' تراجع كل الأبحاث وتضمن موافقة واضحة
2/22/2026 18:07:40,21 / 30,ghada.refaat45@gmail.com,ضرورة وضع معايير أخلاقية ومنصفة لتحديد أولوية الحصول على الموارد,الاعتقاد بأن الأطباء لا يهتمون بالمرضى بشكل كافٍ,سؤال الأطباء عن انطباعاتهم الشخصية حول المرضى,انتهاك مبدأ الموافقة المستنيرة وخداع المشاركين,إغلاق جميع مراكز زراعة الأعضاء لتجنب الجدل,انعدام العدالة في توزيع الموارد الصحية مما يمنع البعض من حقه في الرعاية,الخوف من الأعراض الجانبية غير المعروفة أو من كونهم 'فئران تجارب',سؤال الصيادلة في المستشفى عن رأيهم في التجارب,انتشار الفقر الشديد بالتزامن مع ضعف الرقابة القانونية,تطبيق 'الموافقة المستنيرة' بصرامة، وشرح الفوائد والمخاطر بشفافية كاملة,التعارض بين احترام استقلالية المريضة وواجب الطبيب الأخلاقي في الحفاظ على الحياة,تعارض فكرة موت الدماغ مع معتقداتهم الدينية أو أملهم في حدوث معجزة,إجراء دراسة ميدانية لتحليل الوضع الاقتصادي والاجتماعي لضحايا بيع الأعضاء,قياس ضغط الدم ومعدل نبضات قلب أفراد العائلة,تشديد العقوبات القانونية على السماسرة بالتزامن مع توفير برامج دعم اقتصادي للفقراء,الصراع بين حاجة الشخص للمال وخطر تحويل جسد الإنسان إلى سلعة تُباع وتُشترى,ضغط العمل الشديد ونظام المواعيد الذي يخصص وقتاً قصيراً لكل مريض,زيادة عدد المستشفيات في المدينة لملاحظة الفرق,منع وسائل الإعلام من التحدث عن حالات موت الدماغ,عقد ورش عمل لتدريب الأطباء على مهارات التواصل الفعال وتخصيص وقت كافٍ للشرح,نقص الوقت المتاح للأطباء بسبب ضغط العمل,تعارض هذا الإجراء مع قَسَم أبقراط ومعتقداتهم الأخلاقية والدينية العميقة,إجراء استبيان مجهول الهوية يقدم سيناريوهات أخلاقية للأطباء ويسألهم عن قيمهم,إجراء حوار شامل مع المريض، وإذا استمر التعارض، يتم تحويل رعاية المريض لطبيب آخر يقبل الإجراء,إطلاق حملات توعية وطنية شاملة في الإعلام والمدارس ودور العبادة,انتهاك صارخ لمبدأ العدالة والمساواة في تقديم الرعاية الصحية,نقص الوعي العام بأهمية التبرع وانتشار مفاهيم خاطئة حوله,تحليل المقالات الصحفية التي تتحدث عن خطورة الأمراض,تطبيق نظام 'فرز طبي' واضح يعتمد فقط على الحاجة الطبية وخطورة الحالة,وضع سياسات صارمة وإنشاء 'لجنة أخلاقيات بحث' تراجع كل الأبحاث وتضمن موافقة واضحة
2/22/2026 18:27:46,22 / 30,ola.hamdy.m@gmail.com,ضرورة وضع معايير أخلاقية ومنصفة لتحديد أولوية الحصول على الموارد,الخوف العام من زيارة المستشفيات والتعامل مع الأطباء,سؤال الأطباء عن انطباعاتهم الشخصية حول المرضى,انتهاك مبدأ الموافقة المستنيرة وخداع المشاركين,إصدار قانون يجبر جميع المواطنين على التبرع بأعضائهم,انعدام العدالة في توزيع الموارد الصحية مما يمنع البعض من حقه في الرعاية,الخوف من الأعراض الجانبية غير المعروفة أو من كونهم 'فئران تجارب',إجراء فحوصات دم للمرضى لقياس مستوى القلق لديهم,انتشار الفقر الشديد بالتزامن مع ضعف الرقابة القانونية,تطبيق 'الموافقة المستنيرة' بصرامة، وشرح الفوائد والمخاطر بشفافية كاملة,التعارض بين احترام استقلالية المريضة وواجب الطبيب الأخلاقي في الحفاظ على الحياة,تعارض فكرة موت الدماغ مع معتقداتهم الدينية أو أملهم في حدوث معجزة,إجراء دراسة ميدانية لتحليل الوضع الاقتصادي والاجتماعي لضحايا بيع الأعضاء,قياس ضغط الدم ومعدل نبضات قلب أفراد العائلة,تشديد العقوبات القانونية على السماسرة بالتزامن مع توفير برامج دعم اقتصادي للفقراء,الصراع بين حاجة الشخص للمال وخطر تحويل جسد الإنسان إلى سلعة تُباع وتُشترى,ضغط العمل الشديد ونظام المواعيد الذي يخصص وقتاً قصيراً لكل مريض,زيادة عدد المستشفيات في المدينة لملاحظة الفرق,إطلاق حملات توعية عامة وشرح المعايير الطبية بدقة مع تقديم دعم نفسي للعائلات,عقد ورش عمل لتدريب الأطباء على مهارات التواصل الفعال وتخصيص وقت كافٍ للشرح,ارتفاع عدد العمليات الجراحية التي يجريها القسم,قلة خبرتهم الطبية في كيفية تنفيذ هذا الإجراء,إجراء استبيان مجهول الهوية يقدم سيناريوهات أخلاقية للأطباء ويسألهم عن قيمهم,إجراء حوار شامل مع المريض، وإذا استمر التعارض، يتم تحويل رعاية المريض لطبيب آخر يقبل الإجراء,إطلاق حملات توعية وطنية شاملة في الإعلام والمدارس ودور العبادة,انتهاك صارخ لمبدأ العدالة والمساواة في تقديم الرعاية الصحية,نقص الوعي العام بأهمية التبرع وانتشار مفاهيم خاطئة حوله,إجراء استبيان يسأل الناس مباشرة عن ترتيب مخاوفهم كأسباب لعدم إجراء الفحص,تطبيق نظام 'فرز طبي' واضح يعتمد فقط على الحاجة الطبية وخطورة الحالة,وضع سياسات صارمة وإنشاء 'لجنة أخلاقيات بحث' تراجع كل الأبحاث وتضمن موافقة واضحة
2/22/2026 19:12:58,21 / 30,ghada.nabil.h@gmail.com,ضرورة وضع معايير أخلاقية ومنصفة لتحديد أولوية الحصول على الموارد,عدم معرفة الأغلبية بالطريقة الصحيحة للتسجيل في قوائم التبرع,إجراء دراسة مسحية تقارن معدلات الموافقة لدى مجموعات بخلفيات دينية مختلفة,انتهاك مبدأ الموافقة المستنيرة وخداع المشاركين,إطلاق حملات توعية بالتعاون مع رجال الدين الموثوقين لتوضيح الموقف الديني الصحيح,انعدام العدالة في توزيع الموارد الصحية مما يمنع البعض من حقه في الرعاية,الخوف من الأعراض الجانبية غير المعروفة أو من كونهم 'فئران تجارب',إجراء مقابلات معمقة واستبيانات مجهولة الهوية مع المرضى الرافضين لسؤالهم عن أسباب رفضهم,انتشار الفقر الشديد بالتزامن مع ضعف الرقابة القانونية,تطبيق 'الموافقة المستنيرة' بصرامة، وشرح الفوائد والمخاطر بشفافية كاملة,نقص الأدوية المسكنة الفعالة في المستشفى,تعارض فكرة موت الدماغ مع معتقداتهم الدينية أو أملهم في حدوث معجزة,إجراء دراسة ميدانية لتحليل الوضع الاقتصادي والاجتماعي لضحايا بيع الأعضاء,مراجعة الميزانية السنوية لقسم العناية المركزة,تشديد العقوبات القانونية على السماسرة بالتزامن مع توفير برامج دعم اقتصادي للفقراء,الصراع بين حاجة الشخص للمال وخطر تحويل جسد الإنسان إلى سلعة تُباع وتُشترى,ضغط العمل الشديد ونظام المواعيد الذي يخصص وقتاً قصيراً لكل مريض,تقليل عدد المرضى المسموح به لكل طبيب بشكل مؤقت,إجبار العائلات بالقانون على قبول التشخيص وفصل الأجهزة,منع المرضى من طرح الأسئلة لتوفير وقت الطبيب,انتهاك المعايير الأخلاقية الطبية وحق المريض الأساسي في الموافقة المستنيرة,تعارض هذا الإجراء مع قَسَم أبقراط ومعتقداتهم الأخلاقية والدينية العميقة,سؤال المرضى عن رأيهم في الأطباء الرافضين,إجراء حوار شامل مع المريض، وإذا استمر التعارض، يتم تحويل رعاية المريض لطبيب آخر يقبل الإجراء,إطلاق حملات توعية وطنية شاملة في الإعلام والمدارس ودور العبادة,انتهاك صارخ لمبدأ العدالة والمساواة في تقديم الرعاية الصحية,كثرة عدد الأطباء المتخصصين في زراعة الأعضاء,زيادة عدد المستشفيات التي تقدم الفحوصات وملاحظة الإقبال,تطبيق نظام 'فرز طبي' واضح يعتمد فقط على الحاجة الطبية وخطورة الحالة,وضع سياسات صارمة وإنشاء 'لجنة أخلاقيات بحث' تراجع كل الأبحاث وتضمن موافقة واضحة
2/22/2026 19:17:43,13 / 30,maha.reda.m@gmail.com,ضرورة وضع معايير أخلاقية ومنصفة لتحديد أولوية الحصول على الموارد,عدم معرفة الأغلبية بالطريقة الصحيحة للتسجيل في قوائم التبرع,مراجعة قوانين التبرع بالأعضاء في الدول المجاورة,انتهاك مبدأ الموافقة المستنيرة وخداع المشاركين,إصدار قانون يجبر جميع المواطنين على التبرع بأعضائهم,انعدام العدالة في توزيع الموارد الصحية مما يمنع البعض من حقه في الرعاية,الخوف من الأعراض الجانبية غير المعروفة أو من كونهم 'فئران تجارب',قراءة المقالات الطبية المنشورة عن الدواء الجديد,نقص الوعي التعليمي العام بمخاطر هذه العمليات,إخفاء المخاطر المحتملة والتركيز على الفوائد فقط,اعتراض أسرة المريضة على قرارها بسبب تعلقهم بها,تعارض فكرة موت الدماغ مع معتقداتهم الدينية أو أملهم في حدوث معجزة,إجراء دراسة ميدانية لتحليل الوضع الاقتصادي والاجتماعي لضحايا بيع الأعضاء,قياس ضغط الدم ومعدل نبضات قلب أفراد العائلة,تشديد العقوبات القانونية على السماسرة بالتزامن مع توفير برامج دعم اقتصادي للفقراء,رفض أسرة المتبرع لهذا القرار خوفًا على صحته,ضغط العمل الشديد ونظام المواعيد الذي يخصص وقتاً قصيراً لكل مريض,تقليل عدد المرضى المسموح به لكل طبيب بشكل مؤقت,إطلاق حملات توعية عامة وشرح المعايير الطبية بدقة مع تقديم دعم نفسي للعائلات,رفع أجور الأطباء فقط دون تغيير نظام العمل,التنافس المهني بين الأطباء داخل القسم,قلة خبرتهم الطبية في كيفية تنفيذ هذا الإجراء,قياس معدل نبضات قلب الأطباء عند مناقشة الموضوع,أن يتجاهل الطبيب رغبة المريض تمامًا ويستمر في العلاج,إطلاق حملات توعية وطنية شاملة في الإعلام والمدارس ودور العبادة,انتهاك صارخ لمبدأ العدالة والمساواة في تقديم الرعاية الصحية,كراهية عامة لفكرة المستشفيات والعمليات الجراحية,زيادة عدد المستشفيات التي تقدم الفحوصات وملاحظة الإقبال,تطبيق نظام 'فرز طبي' واضح يعتمد فقط على الحاجة الطبية وخطورة الحالة,وضع سياسات صارمة وإنشاء 'لجنة أخلاقيات بحث' تراجع كل الأبحاث وتضمن موافقة واضحة
2/22/2026 19:27:50,17 / 30,samar.hossam.k@gmail.com,ضرورة وضع معايير أخلاقية ومنصفة لتحديد أولوية الحصول على الموارد,وجود معتقدات دينية أو ثقافية راسخة تمنع المساس بالجسد بعد الوفاة,إجراء دراسة مسحية تقارن معدلات الموافقة لدى مجموعات بخلفيات دينية مختلفة,انتهاك مبدأ الموافقة المستنيرة وخداع المشاركين,إصدار قانون يجبر جميع المواطنين على التبرع بأعضائهم,انعدام العدالة في توزيع الموارد الصحية مما يمنع البعض من حقه في الرعاية,الخوف من الأعراض الجانبية غير المعروفة أو من كونهم 'فئران تجارب',إجراء مقابلات معمقة واستبيانات مجهولة الهوية مع المرضى الرافضين لسؤالهم عن أسباب رفضهم,رغبة بعض الأشخاص في خوض المغامرات الخطرة,إخفاء المخاطر المحتملة والتركيز على الفوائد فقط,اعتراض أسرة المريضة على قرارها بسبب تعلقهم بها,تعارض فكرة موت الدماغ مع معتقداتهم الدينية أو أملهم في حدوث معجزة,مراجعة قوائم الطعام وأسعار السلع الأساسية في الأسواق,قياس ضغط الدم ومعدل نبضات قلب أفراد العائلة,تشديد العقوبات القانونية على السماسرة بالتزامن مع توفير برامج دعم اقتصادي للفقراء,رفض أسرة المتبرع لهذا القرار خوفًا على صحته,ضغط العمل الشديد ونظام المواعيد الذي يخصص وقتاً قصيراً لكل مريض,زيادة عدد المستشفيات في المدينة لملاحظة الفرق,إطلاق حملات توعية عامة وشرح المعايير الطبية بدقة مع تقديم دعم نفسي للعائلات,عقد ورش عمل لتدريب الأطباء على مهارات التواصل الفعال وتخصيص وقت كافٍ للشرح,انتهاك المعايير الأخلاقية الطبية وحق المريض الأساسي في الموافقة المستنيرة,قلة خبرتهم الطبية في كيفية تنفيذ هذا الإجراء,إجراء استبيان مجهول الهوية يقدم سيناريوهات أخلاقية للأطباء ويسألهم عن قيمهم,إجراء حوار شامل مع المريض، وإذا استمر التعارض، يتم تحويل رعاية المريض لطبيب آخر يقبل الإجراء,رفع التكلفة المالية لعمليات زراعة الأعضاء,انتهاك صارخ لمبدأ العدالة والمساواة في تقديم الرعاية الصحية,كراهية عامة لفكرة المستشفيات والعمليات الجراحية,زيادة عدد المستشفيات التي تقدم الفحوصات وملاحظة الإقبال,توزيع الأسرة والخدمات بنظام القرعة العشوائية,وضع سياسات صارمة وإنشاء 'لجنة أخلاقيات بحث' تراجع كل الأبحاث وتضمن موافقة واضحة
2/22/2026 19:28:08,20 / 30,hend.maher.g@gmail.com,ضرورة وضع معايير أخلاقية ومنصفة لتحديد أولوية الحصول على الموارد,عدم معرفة الأغلبية بالطريقة الصحيحة للتسجيل في قوائم التبرع,إجراء دراسة مسحية تقارن معدلات الموافقة لدى مجموعات بخلفيات دينية مختلفة,انتهاك مبدأ الموافقة المستنيرة وخداع المشاركين,إصدار قانون يجبر جميع المواطنين على التبرع بأعضائهم,رفض الطفل نفسه للخضوع للعملية الجراحية المقترحة,الكسل العام وعدم الرغبة في بذل مجهود للمشاركة,إجراء مقابلات معمقة واستبيانات مجهولة الهوية مع المرضى الرافضين لسؤالهم عن أسباب رفضهم,انتشار الفقر الشديد بالتزامن مع ضعف الرقابة القانونية,تقديم مبالغ مالية ضخمة للمشاركين لجذبهم,التعارض بين احترام استقلالية المريضة وواجب الطبيب الأخلاقي في الحفاظ على الحياة,تعارض فكرة موت الدماغ مع معتقداتهم الدينية أو أملهم في حدوث معجزة,إجراء دراسة ميدانية لتحليل الوضع الاقتصادي والاجتماعي لضحايا بيع الأعضاء,مراجعة الميزانية السنوية لقسم العناية المركزة,تشديد العقوبات القانونية على السماسرة بالتزامن مع توفير برامج دعم اقتصادي للفقراء,الصراع بين حاجة الشخص للمال وخطر تحويل جسد الإنسان إلى سلعة تُباع وتُشترى,ضغط العمل الشديد ونظام المواعيد الذي يخصص وقتاً قصيراً لكل مريض,تقليل عدد المرضى المسموح به لكل طبيب بشكل مؤقت,إطلاق حملات توعية عامة وشرح المعايير الطبية بدقة مع تقديم دعم نفسي للعائلات,عقد ورش عمل لتدريب الأطباء على مهارات التواصل الفعال وتخصيص وقت كافٍ للشرح,نقص الوقت المتاح للأطباء بسبب ضغط العمل,تعارض هذا الإجراء مع قَسَم أبقراط ومعتقداتهم الأخلاقية والدينية العميقة,إجراء استبيان مجهول الهوية يقدم سيناريوهات أخلاقية للأطباء ويسألهم عن قيمهم,إجراء حوار شامل مع المريض، وإذا استمر التعارض، يتم تحويل رعاية المريض لطبيب آخر يقبل الإجراء,إطلاق حملات توعية وطنية شاملة في الإعلام والمدارس ودور العبادة,انتهاك صارخ لمبدأ العدالة والمساواة في تقديم الرعاية الصحية,نقص الوعي العام بأهمية التبرع وانتشار مفاهيم خاطئة حوله,زيادة عدد المستشفيات التي تقدم الفحوصات وملاحظة الإقبال,إعطاء الأولوية للمرضى الأغنياء القادرين على الدفع,وضع سياسات صارمة وإنشاء 'لجنة أخلاقيات بحث' تراجع كل الأبحاث وتضمن موافقة واضحة
2/23/2026 9:32:56,20 / 30,iman.zaki.f@gmail.com,ضرورة وضع معايير أخلاقية ومنصفة لتحديد أولوية الحصول على الموارد,الخوف العام من زيارة المستشفيات والتعامل مع الأطباء,سؤال الأطباء عن انطباعاتهم الشخصية حول المرضى,انتهاك مبدأ الموافقة المستنيرة وخداع المشاركين,إصدار قانون يجبر جميع المواطنين على التبرع بأعضائهم,انعدام العدالة في توزيع الموارد الصحية مما يمنع البعض من حقه في الرعاية,الخوف من الأعراض الجانبية غير المعروفة أو من كونهم 'فئران تجارب',إجراء مقابلات معمقة واستبيانات مجهولة الهوية مع المرضى الرافضين لسؤالهم عن أسباب رفضهم,رغبة بعض الأشخاص في خوض المغامرات الخطرة,تطبيق 'الموافقة المستنيرة' بصرامة، وشرح الفوائد والمخاطر بشفافية كاملة,اعتراض أسرة المريضة على قرارها بسبب تعلقهم بها,تعارض فكرة موت الدماغ مع معتقداتهم الدينية أو أملهم في حدوث معجزة,سؤال الأثرياء الذين قاموا بشراء الأعضاء عن دوافعهم,إجراء مقابلات منظمة مع العائلات الرافضة ودراسة خلفياتهم الثقافية والدينية,تشديد العقوبات القانونية على السماسرة بالتزامن مع توفير برامج دعم اقتصادي للفقراء,رفض أسرة المتبرع لهذا القرار خوفًا على صحته,ضغط العمل الشديد ونظام المواعيد الذي يخصص وقتاً قصيراً لكل مريض,زيادة عدد المستشفيات في المدينة لملاحظة الفرق,إلغاء معيار موت الدماغ والعودة لمعيار توقف القلب فقط,عقد ورش عمل لتدريب الأطباء على مهارات التواصل الفعال وتخصيص وقت كافٍ للشرح,التنافس المهني بين الأطباء داخل القسم,تعارض هذا الإجراء مع قَسَم أبقراط ومعتقداتهم الأخلاقية والدينية العميقة,إجراء استبيان مجهول الهوية يقدم سيناريوهات أخلاقية للأطباء ويسألهم عن قيمهم,إجراء حوار شامل مع المريض، وإذا استمر التعارض، يتم تحويل رعاية المريض لطبيب آخر يقبل الإجراء,إطلاق حملات توعية وطنية شاملة في الإعلام والمدارس ودور العبادة,انتهاك صارخ لمبدأ العدالة والمساواة في تقديم الرعاية الصحية,نقص الوعي العام بأهمية التبرع وانتشار مفاهيم خاطئة حوله,إجراء استبيان يسأل الناس مباشرة عن ترتيب مخاوفهم كأسباب لعدم إجراء الفحص,تطبيق نظام 'فرز طبي' واضح يعتمد فقط على الحاجة الطبية وخطورة الحالة,وضع سياسات صارمة وإنشاء 'لجنة أخلاقيات بحث' تراجع كل الأبحاث وتضمن موافقة واضحة
2/23/2026 10:07:49,17 / 30,engy.hazem36@gmail.com,ضرورة وضع معايير أخلاقية ومنصفة لتحديد أولوية الحصول على الموارد,الخوف العام من زيارة المستشفيات والتعامل مع الأطباء,تحليل المحتوى الإعلامي حول التبرع بالأعضاء في الصحف,انتهاك مبدأ الموافقة المستنيرة وخداع المشاركين,منع وسائل الإعلام من مناقشة هذا الموضوع,انعدام العدالة في توزيع الموارد الصحية مما يمنع البعض من حقه في الرعاية,الخوف من الأعراض الجانبية غير المعروفة أو من كونهم 'فئران تجارب',إجراء مقابلات معمقة واستبيانات مجهولة الهوية مع المرضى الرافضين لسؤالهم عن أسباب رفضهم,انتشار الفقر الشديد بالتزامن مع ضعف الرقابة القانونية,تقديم مبالغ مالية ضخمة للمشاركين لجذبهم,نقص الأدوية المسكنة الفعالة في المستشفى,عدم فهمهم للمصطلحات الطبية المعقدة التي يستخدمها الأطباء,إجراء دراسة ميدانية لتحليل الوضع الاقتصادي والاجتماعي لضحايا بيع الأعضاء,إجراء مقابلات منظمة مع العائلات الرافضة ودراسة خلفياتهم الثقافية والدينية,تشديد العقوبات القانونية على السماسرة بالتزامن مع توفير برامج دعم اقتصادي للفقراء,الصراع بين حاجة الشخص للمال وخطر تحويل جسد الإنسان إلى سلعة تُباع وتُشترى,ضغط العمل الشديد ونظام المواعيد الذي يخصص وقتاً قصيراً لكل مريض,زيادة عدد المستشفيات في المدينة لملاحظة الفرق,إلغاء معيار موت الدماغ والعودة لمعيار توقف القلب فقط,منع المرضى من طرح الأسئلة لتوفير وقت الطبيب,نقص الوقت المتاح للأطباء بسبب ضغط العمل,الخوف من المسؤولية القانونية رغم أن الإجراء قانوني,إجراء استبيان مجهول الهوية يقدم سيناريوهات أخلاقية للأطباء ويسألهم عن قيمهم,إجراء حوار شامل مع المريض، وإذا استمر التعارض، يتم تحويل رعاية المريض لطبيب آخر يقبل الإجراء,إطلاق حملات توعية وطنية شاملة في الإعلام والمدارس ودور العبادة,نقص الأسِرَّة المتاحة في المستشفى لاستقبال المرضى,نقص الوعي العام بأهمية التبرع وانتشار مفاهيم خاطئة حوله,تحليل المقالات الصحفية التي تتحدث عن خطورة الأمراض,تطبيق نظام 'فرز طبي' واضح يعتمد فقط على الحاجة الطبية وخطورة الحالة,وضع سياسات صارمة وإنشاء 'لجنة أخلاقيات بحث' تراجع كل الأبحاث وتضمن موافقة واضحة
2/23/2026 11:27:45,16 / 30,nesma.anwar.r@gmail.com,عدم وجود عدد كافٍ من الأطباء في قسم الطوارئ,وجود معتقدات دينية أو ثقافية راسخة تمنع المساس بالجسد بعد الوفاة,سؤال الأطباء عن انطباعاتهم الشخصية حول المرضى,انتهاك مبدأ الموافقة المستنيرة وخداع المشاركين,منع وسائل الإعلام من مناقشة هذا الموضوع,انعدام العدالة في توزيع الموارد الصحية مما يمنع البعض من حقه في الرعاية,الخوف من الأعراض الجانبية غير المعروفة أو من كونهم 'فئران تجارب',إجراء فحوصات دم للمرضى لقياس مستوى القلق لديهم,نقص الوعي التعليمي العام بمخاطر هذه العمليات,تقديم مبالغ مالية ضخمة للمشاركين لجذبهم,التعارض بين احترام استقلالية المريضة وواجب الطبيب الأخلاقي في الحفاظ على الحياة,تعارض فكرة موت الدماغ مع معتقداتهم الدينية أو أملهم في حدوث معجزة,مراجعة قوائم الطعام وأسعار السلع الأساسية في الأسواق,قياس ضغط الدم ومعدل نبضات قلب أفراد العائلة,تشديد العقوبات القانونية على السماسرة بالتزامن مع توفير برامج دعم اقتصادي للفقراء,الصراع بين حاجة الشخص للمال وخطر تحويل جسد الإنسان إلى سلعة تُباع وتُشترى,ضغط العمل الشديد ونظام المواعيد الذي يخصص وقتاً قصيراً لكل مريض,مراقبة جداول عمل الأطباء وحساب متوسط الوقت المخصص لكل مريض ومقارنته بمستوى رضا المرضى,إلغاء معيار موت الدماغ والعودة لمعيار توقف القلب فقط,عقد ورش عمل لتدريب الأطباء على مهارات التواصل الفعال وتخصيص وقت كافٍ للشرح,انتهاك المعايير الأخلاقية الطبية وحق المريض الأساسي في الموافقة المستنيرة,قلة خبرتهم الطبية في كيفية تنفيذ هذا الإجراء,إجراء استبيان مجهول الهوية يقدم سيناريوهات أخلاقية للأطباء ويسألهم عن قيمهم,إجراء حوار شامل مع المريض، وإذا استمر التعارض، يتم تحويل رعاية المريض لطبيب آخر يقبل الإجراء,إغلاق مراكز زراعة الأعضاء لتقليل الطلب,قلة عدد الأطباء والممرضين مقارنة بعدد المرضى,كراهية عامة لفكرة المستشفيات والعمليات الجراحية,مقارنة عدد الفحوصات التي تتم للأمراض البسيطة مقابل الخطيرة,تطبيق نظام 'فرز طبي' واضح يعتمد فقط على الحاجة الطبية وخطورة الحالة,وضع سياسات صارمة وإنشاء 'لجنة أخلاقيات بحث' تراجع كل الأبحاث وتضمن موافقة واضحة
2/23/2026 11:47:43,17 / 30,wafaa.mohsen.s@gmail.com,نقص التمويل الحكومي المخصص للمستشفيات,وجود معتقدات دينية أو ثقافية راسخة تمنع المساس بالجسد بعد الوفاة,سؤال الأطباء عن انطباعاتهم الشخصية حول المرضى,انتهاك مبدأ الموافقة المستنيرة وخداع المشاركين,إطلاق حملات توعية بالتعاون مع رجال الدين الموثوقين لتوضيح الموقف الديني الصحيح,انعدام العدالة في توزيع الموارد الصحية مما يمنع البعض من حقه في الرعاية,الخوف من الأعراض الجانبية غير المعروفة أو من كونهم 'فئران تجارب',إجراء فحوصات دم للمرضى لقياس مستوى القلق لديهم,زيادة عدد المستشفيات الخاصة التي تجري عمليات الزرع,تقديم مبالغ مالية ضخمة للمشاركين لجذبهم,اعتراض أسرة المريضة على قرارها بسبب تعلقهم بها,تعارض فكرة موت الدماغ مع معتقداتهم الدينية أو أملهم في حدوث معجزة,مراجعة قوائم الطعام وأسعار السلع الأساسية في الأسواق,قياس ضغط الدم ومعدل نبضات قلب أفراد العائلة,تجاهل المشكلة واعتبارها حرية شخصية في بيع الجسد,الصراع بين حاجة الشخص للمال وخطر تحويل جسد الإنسان إلى سلعة تُباع وتُشترى,ضغط العمل الشديد ونظام المواعيد الذي يخصص وقتاً قصيراً لكل مريض,مراقبة جداول عمل الأطباء وحساب متوسط الوقت المخصص لكل مريض ومقارنته بمستوى رضا المرضى,إلغاء معيار موت الدماغ والعودة لمعيار توقف القلب فقط,عقد ورش عمل لتدريب الأطباء على مهارات التواصل الفعال وتخصيص وقت كافٍ للشرح,انتهاك المعايير الأخلاقية الطبية وحق المريض الأساسي في الموافقة المستنيرة,تعارض هذا الإجراء مع قَسَم أبقراط ومعتقداتهم الأخلاقية والدينية العميقة,إجراء استبيان مجهول الهوية يقدم سيناريوهات أخلاقية للأطباء ويسألهم عن قيمهم,إجراء حوار شامل مع المريض، وإذا استمر التعارض، يتم تحويل رعاية المريض لطبيب آخر يقبل الإجراء,إطلاق حملات توعية وطنية شاملة في الإعلام والمدارس ودور العبادة,انتهاك صارخ لمبدأ العدالة والمساواة في تقديم الرعاية الصحية,كراهية عامة لفكرة المستشفيات والعمليات الجراحية,مقارنة عدد الفحوصات التي تتم للأمراض البسيطة مقابل الخطيرة,تطبيق نظام 'فرز طبي' واضح يعتمد فقط على الحاجة الطبية وخطورة الحالة,تجاهل الموضوع طالما لم يصب أحد بأذى
2/23/2026 12:47:56,11 / 30,fatma.ali.k2@gmail.com,الخوف من قيام أهل أحد المريضين بمقاضاة المستشفى,عدم معرفة الأغلبية بالطريقة الصحيحة للتسجيل في قوائم التبرع,إجراء دراسة مسحية تقارن معدلات الموافقة لدى مجموعات بخلفيات دينية مختلفة,انتهاك مبدأ الموافقة المستنيرة وخداع المشاركين,إصدار قانون يجبر جميع المواطنين على التبرع بأعضائهم,انعدام العدالة في توزيع الموارد الصحية مما يمنع البعض من حقه في الرعاية,الخوف من الأعراض الجانبية غير المعروفة أو من كونهم 'فئران تجارب',إجراء فحوصات دم للمرضى لقياس مستوى القلق لديهم,نقص الوعي التعليمي العام بمخاطر هذه العمليات,تطبيق 'الموافقة المستنيرة' بصرامة، وشرح الفوائد والمخاطر بشفافية كاملة,نقص الأدوية المسكنة الفعالة في المستشفى,عدم فهمهم للمصطلحات الطبية المعقدة التي يستخدمها الأطباء,مراجعة قوائم الطعام وأسعار السلع الأساسية في الأسواق,سؤال طاقم الممرضين عن انطباعاتهم حول العائلات,منع جميع عمليات زراعة الأعضاء في الدولة,الصراع بين حاجة الشخص للمال وخطر تحويل جسد الإنسان إلى سلعة تُباع وتُشترى,ضغط العمل الشديد ونظام المواعيد الذي يخصص وقتاً قصيراً لكل مريض,زيادة عدد المستشفيات في المدينة لملاحظة الفرق,منع وسائل الإعلام من التحدث عن حالات موت الدماغ,عقد ورش عمل لتدريب الأطباء على مهارات التواصل الفعال وتخصيص وقت كافٍ للشرح,انتهاك المعايير الأخلاقية الطبية وحق المريض الأساسي في الموافقة المستنيرة,قلة خبرتهم الطبية في كيفية تنفيذ هذا الإجراء,مراجعة الفواتير المالية للمرضى في المراحل النهائية,أن يتجاهل الطبيب رغبة المريض تمامًا ويستمر في العلاج,إجبار المواطنين بالقانون على أن يصبحوا متبرعين,انتهاك صارخ لمبدأ العدالة والمساواة في تقديم الرعاية الصحية,كراهية عامة لفكرة المستشفيات والعمليات الجراحية,إجراء استبيان يسأل الناس مباشرة عن ترتيب مخاوفهم كأسباب لعدم إجراء الفحص,إعطاء الأولوية للمرضى الأغنياء القادرين على الدفع,السماح بإجراء التجارب دون موافقة لتسريع وتيرة العلم
2/23/2026 13:07:54,20 / 30,rania.shaaban53@gmail.com,ضرورة وضع معايير أخلاقية ومنصفة لتحديد أولوية الحصول على الموارد,عدم معرفة الأغلبية بالطريقة الصحيحة للتسجيل في قوائم التبرع,مراجعة قوانين التبرع بالأعضاء في الدول المجاورة,انتهاك مبدأ الموافقة المستنيرة وخداع المشاركين,إغلاق جميع مراكز زراعة الأعضاء لتجنب الجدل,انعدام العدالة في توزيع الموارد الصحية مما يمنع البعض من حقه في الرعاية,الخوف من الأعراض الجانبية غير المعروفة أو من كونهم 'فئران تجارب',سؤال الصيادلة في المستشفى عن رأيهم في التجارب,انتشار الفقر الشديد بالتزامن مع ضعف الرقابة القانونية,تطبيق 'الموافقة المستنيرة' بصرامة، وشرح الفوائد والمخاطر بشفافية كاملة,التعارض بين احترام استقلالية المريضة وواجب الطبيب الأخلاقي في الحفاظ على الحياة,تعارض فكرة موت الدماغ مع معتقداتهم الدينية أو أملهم في حدوث معجزة,سؤال الأثرياء الذين قاموا بشراء الأعضاء عن دوافعهم,قياس ضغط الدم ومعدل نبضات قلب أفراد العائلة,تشديد العقوبات القانونية على السماسرة بالتزامن مع توفير برامج دعم اقتصادي للفقراء,الصراع بين حاجة الشخص للمال وخطر تحويل جسد الإنسان إلى سلعة تُباع وتُشترى,ضغط العمل الشديد ونظام المواعيد الذي يخصص وقتاً قصيراً لكل مريض,مراقبة جداول عمل الأطباء وحساب متوسط الوقت المخصص لكل مريض ومقارنته بمستوى رضا المرضى,إطلاق حملات توعية عامة وشرح المعايير الطبية بدقة مع تقديم دعم نفسي للعائلات,عقد ورش عمل لتدريب الأطباء على مهارات التواصل الفعال وتخصيص وقت كافٍ للشرح,انتهاك المعايير الأخلاقية الطبية وحق المريض الأساسي في الموافقة المستنيرة,قلة خبرتهم الطبية في كيفية تنفيذ هذا الإجراء,إجراء استبيان مجهول الهوية يقدم سيناريوهات أخلاقية للأطباء ويسألهم عن قيمهم,أن يتجاهل الطبيب رغبة المريض تمامًا ويستمر في العلاج,إطلاق حملات توعية وطنية شاملة في الإعلام والمدارس ودور العبادة,انتهاك صارخ لمبدأ العدالة والمساواة في تقديم الرعاية الصحية,كراهية عامة لفكرة المستشفيات والعمليات الجراحية,زيادة عدد المستشفيات التي تقدم الفحوصات وملاحظة الإقبال,تطبيق نظام 'فرز طبي' واضح يعتمد فقط على الحاجة الطبية وخطورة الحالة,وضع سياسات صارمة وإنشاء 'لجنة أخلاقيات بحث' تراجع كل الأبحاث وتضمن موافقة واضحة
2/23/2026 14:02:54,13 / 30,gehan.fawzy14@gmail.com,نقص التمويل الحكومي المخصص للمستشفيات,وجود معتقدات دينية أو ثقافية راسخة تمنع المساس بالجسد بعد الوفاة,سؤال الأطباء عن انطباعاتهم الشخصية حول المرضى,انتهاك مبدأ الموافقة المستنيرة وخداع المشاركين,منع وسائل الإعلام من مناقشة هذا الموضوع,انعدام العدالة في توزيع الموارد الصحية مما يمنع البعض من حقه في الرعاية,الخوف من الأعراض الجانبية غير المعروفة أو من كونهم 'فئران تجارب',إجراء فحوصات دم للمرضى لقياس مستوى القلق لديهم,نقص الوعي التعليمي العام بمخاطر هذه العمليات,إخفاء المخاطر المحتملة والتركيز على الفوائد فقط,اعتراض أسرة المريضة على قرارها بسبب تعلقهم بها,تعارض فكرة موت الدماغ مع معتقداتهم الدينية أو أملهم في حدوث معجزة,مراجعة قوائم الطعام وأسعار السلع الأساسية في الأسواق,مراجعة الميزانية السنوية لقسم العناية المركزة,تشديد العقوبات القانونية على السماسرة بالتزامن مع توفير برامج دعم اقتصادي للفقراء,الصراع بين حاجة الشخص للمال وخطر تحويل جسد الإنسان إلى سلعة تُباع وتُشترى,ضغط العمل الشديد ونظام المواعيد الذي يخصص وقتاً قصيراً لكل مريض,زيادة عدد المستشفيات في المدينة لملاحظة الفرق,إطلاق حملات توعية عامة وشرح المعايير الطبية بدقة مع تقديم دعم نفسي للعائلات,منع المرضى من طرح الأسئلة لتوفير وقت الطبيب,ارتفاع عدد العمليات الجراحية التي يجريها القسم,قلة خبرتهم الطبية في كيفية تنفيذ هذا الإجراء,إجراء استبيان مجهول الهوية يقدم سيناريوهات أخلاقية للأطباء ويسألهم عن قيمهم,إجراء حوار شامل مع المريض، وإذا استمر التعارض، يتم تحويل رعاية المريض لطبيب آخر يقبل الإجراء,إطلاق حملات توعية وطنية شاملة في الإعلام والمدارس ودور العبادة,ارتفاع أعداد المرضى الوافدين إلى المستشفى يوميًا,كراهية عامة لفكرة المستشفيات والعمليات الجراحية,تحليل المقالات الصحفية التي تتحدث عن خطورة الأمراض,إعطاء الأولوية للمرضى الأغنياء القادرين على الدفع,وضع سياسات صارمة وإنشاء 'لجنة أخلاقيات بحث' تراجع كل الأبحاث وتضمن موافقة واضحة
2/23/2026 14:32:45,15 / 30,huda.ibrahim22@gmail.com,ضرورة وضع معايير أخلاقية ومنصفة لتحديد أولوية الحصول على الموارد,عدم معرفة الأغلبية بالطريقة الصحيحة للتسجيل في قوائم التبرع,إجراء دراسة مسحية تقارن معدلات الموافقة لدى مجموعات بخلفيات دينية مختلفة,انتهاك مبدأ الموافقة المستنيرة وخداع المشاركين,إطلاق حملات توعية بالتعاون مع رجال الدين الموثوقين لتوضيح الموقف الديني الصحيح,انعدام العدالة في توزيع الموارد الصحية مما يمنع البعض من حقه في الرعاية,الخوف من الأعراض الجانبية غير المعروفة أو من كونهم 'فئران تجارب',قراءة المقالات الطبية المنشورة عن الدواء الجديد,نقص الوعي التعليمي العام بمخاطر هذه العمليات,تطبيق 'الموافقة المستنيرة' بصرامة، وشرح الفوائد والمخاطر بشفافية كاملة,نقص الأدوية المسكنة الفعالة في المستشفى,الخوف من مطالبة المستشفى بدفع فواتير باهظة,سؤال الأثرياء الذين قاموا بشراء الأعضاء عن دوافعهم,سؤال طاقم الممرضين عن انطباعاتهم حول العائلات,تشديد العقوبات القانونية على السماسرة بالتزامن مع توفير برامج دعم اقتصادي للفقراء,الصراع بين حاجة الشخص للمال وخطر تحويل جسد الإنسان إلى سلعة تُباع وتُشترى,ضغط العمل الشديد ونظام المواعيد الذي يخصص وقتاً قصيراً لكل مريض,مراقبة جداول عمل الأطباء وحساب متوسط الوقت المخصص لكل مريض ومقارنته بمستوى رضا المرضى,إلغاء معيار موت الدماغ والعودة لمعيار توقف القلب فقط,عقد ورش عمل لتدريب الأطباء على مهارات التواصل الفعال وتخصيص وقت كافٍ للشرح,ارتفاع عدد العمليات الجراحية التي يجريها القسم,قلة خبرتهم الطبية في كيفية تنفيذ هذا الإجراء,إجراء استبيان مجهول الهوية يقدم سيناريوهات أخلاقية للأطباء ويسألهم عن قيمهم,إجراء حوار شامل مع المريض، وإذا استمر التعارض، يتم تحويل رعاية المريض لطبيب آخر يقبل الإجراء,إجبار المواطنين بالقانون على أن يصبحوا متبرعين,قلة عدد الأطباء والممرضين مقارنة بعدد المرضى,كراهية عامة لفكرة المستشفيات والعمليات الجراحية,زيادة عدد المستشفيات التي تقدم الفحوصات وملاحظة الإقبال,إعطاء الأولوية للمرضى الأغنياء القادرين على الدفع,وضع سياسات صارمة وإنشاء 'لجنة أخلاقيات بحث' تراجع كل الأبحاث وتضمن موافقة واضحة
2/23/2026 14:47:46,15 / 30,basma.nabil.r@gmail.com,ضرورة وضع معايير أخلاقية ومنصفة لتحديد أولوية الحصول على الموارد,عدم معرفة الأغلبية بالطريقة الصحيحة للتسجيل في قوائم التبرع,سؤال الأطباء عن انطباعاتهم الشخصية حول المرضى,انتهاك مبدأ الموافقة المستنيرة وخداع المشاركين,إصدار قانون يجبر جميع المواطنين على التبرع بأعضائهم,انعدام العدالة في توزيع الموارد الصحية مما يمنع البعض من حقه في الرعاية,الخوف من الأعراض الجانبية غير المعروفة أو من كونهم 'فئران تجارب',إجراء فحوصات دم للمرضى لقياس مستوى القلق لديهم,انتشار الفقر الشديد بالتزامن مع ضعف الرقابة القانونية,إخفاء المخاطر المحتملة والتركيز على الفوائد فقط,التعارض بين احترام استقلالية المريضة وواجب الطبيب الأخلاقي في الحفاظ على الحياة,تعارض فكرة موت الدماغ مع معتقداتهم الدينية أو أملهم في حدوث معجزة,زيارة المناطق السياحية في هذه الدولة وملاحظة الزوار,إجراء مقابلات منظمة مع العائلات الرافضة ودراسة خلفياتهم الثقافية والدينية,تجاهل المشكلة واعتبارها حرية شخصية في بيع الجسد,رفض أسرة المتبرع لهذا القرار خوفًا على صحته,ضغط العمل الشديد ونظام المواعيد الذي يخصص وقتاً قصيراً لكل مريض,مراقبة جداول عمل الأطباء وحساب متوسط الوقت المخصص لكل مريض ومقارنته بمستوى رضا المرضى,إلغاء معيار موت الدماغ والعودة لمعيار توقف القلب فقط,تقليل عدد المرضى المسموح بهم لكل طبيب بشكل دائم,ارتفاع عدد العمليات الجراحية التي يجريها القسم,تعارض هذا الإجراء مع قَسَم أبقراط ومعتقداتهم الأخلاقية والدينية العميقة,إجراء استبيان مجهول الهوية يقدم سيناريوهات أخلاقية للأطباء ويسألهم عن قيمهم,أن يتجاهل الطبيب رغبة المريض تمامًا ويستمر في العلاج,إطلاق حملات توعية وطنية شاملة في الإعلام والمدارس ودور العبادة,انتهاك صارخ لمبدأ العدالة والمساواة في تقديم الرعاية الصحية,ارتفاع المستوى الصحي العام في المجتمع وقلة الحاجة للزرع,زيادة عدد المستشفيات التي تقدم الفحوصات وملاحظة الإقبال,إعطاء الأولوية للمرضى الأغنياء القادرين على الدفع,وضع سياسات صارمة وإنشاء 'لجنة أخلاقيات بحث' تراجع كل الأبحاث وتضمن موافقة واضحة
2/23/2026 14:52:43,20 / 30,lujain.saleh.r@gmail.com,ضرورة وضع معايير أخلاقية ومنصفة لتحديد أولوية الحصول على الموارد,عدم معرفة الأغلبية بالطريقة الصحيحة للتسجيل في قوائم التبرع,مراجعة قوانين التبرع بالأعضاء في الدول المجاورة,انتهاك مبدأ الموافقة المستنيرة وخداع المشاركين,إطلاق حملات توعية بالتعاون مع رجال الدين الموثوقين لتوضيح الموقف الديني الصحيح,انعدام العدالة في توزيع الموارد الصحية مما يمنع البعض من حقه في الرعاية,الخوف من الأعراض الجانبية غير المعروفة أو من كونهم 'فئران تجارب',إجراء فحوصات دم للمرضى لقياس مستوى القلق لديهم,نقص الوعي التعليمي العام بمخاطر هذه العمليات,تقديم مبالغ مالية ضخمة للمشاركين لجذبهم,نقص الأدوية المسكنة الفعالة في المستشفى,تعارض فكرة موت الدماغ مع معتقداتهم الدينية أو أملهم في حدوث معجزة,إجراء دراسة ميدانية لتحليل الوضع الاقتصادي والاجتماعي لضحايا بيع الأعضاء,مراجعة الميزانية السنوية لقسم العناية المركزة,تشديد العقوبات القانونية على السماسرة بالتزامن مع توفير برامج دعم اقتصادي للفقراء,الصراع بين حاجة الشخص للمال وخطر تحويل جسد الإنسان إلى سلعة تُباع وتُشترى,ضغط العمل الشديد ونظام المواعيد الذي يخصص وقتاً قصيراً لكل مريض,مراقبة جداول عمل الأطباء وحساب متوسط الوقت المخصص لكل مريض ومقارنته بمستوى رضا المرضى,إلغاء معيار موت الدماغ والعودة لمعيار توقف القلب فقط,عقد ورش عمل لتدريب الأطباء على مهارات التواصل الفعال وتخصيص وقت كافٍ للشرح,انتهاك المعايير الأخلاقية الطبية وحق المريض الأساسي في الموافقة المستنيرة,عدم توفر المعدات والأدوية اللازمة لتنفيذه,إجراء استبيان مجهول الهوية يقدم سيناريوهات أخلاقية للأطباء ويسألهم عن قيمهم,إجراء حوار شامل مع المريض، وإذا استمر التعارض، يتم تحويل رعاية المريض لطبيب آخر يقبل الإجراء,إطلاق حملات توعية وطنية شاملة في الإعلام والمدارس ودور العبادة,انتهاك صارخ لمبدأ العدالة والمساواة في تقديم الرعاية الصحية,نقص الوعي العام بأهمية التبرع وانتشار مفاهيم خاطئة حوله,مقارنة عدد الفحوصات التي تتم للأمراض البسيطة مقابل الخطيرة,تطبيق نظام 'فرز طبي' واضح يعتمد فقط على الحاجة الطبية وخطورة الحالة,وضع سياسات صارمة وإنشاء 'لجنة أخلاقيات بحث' تراجع كل الأبحاث وتضمن موافقة واضحة
2/23/2026 15:07:49,16 / 30,sondos.khairy.r@gmail.com,ضرورة وضع معايير أخلاقية ومنصفة لتحديد أولوية الحصول على الموارد,وجود معتقدات دينية أو ثقافية راسخة تمنع المساس بالجسد بعد الوفاة,سؤال الأطباء عن انطباعاتهم الشخصية حول المرضى,انتهاك مبدأ الموافقة المستنيرة وخداع المشاركين,إصدار قانون يجبر جميع المواطنين على التبرع بأعضائهم,انعدام العدالة في توزيع الموارد الصحية مما يمنع البعض من حقه في الرعاية,الخوف من الأعراض الجانبية غير المعروفة أو من كونهم 'فئران تجارب',سؤال الصيادلة في المستشفى عن رأيهم في التجارب,انتشار الفقر الشديد بالتزامن مع ضعف الرقابة القانونية,تقديم مبالغ مالية ضخمة للمشاركين لجذبهم,اعتراض أسرة المريضة على قرارها بسبب تعلقهم بها,تعارض فكرة موت الدماغ مع معتقداتهم الدينية أو أملهم في حدوث معجزة,زيارة المناطق السياحية في هذه الدولة وملاحظة الزوار,سؤال طاقم الممرضين عن انطباعاتهم حول العائلات,تشديد العقوبات القانونية على السماسرة بالتزامن مع توفير برامج دعم اقتصادي للفقراء,الصراع بين حاجة الشخص للمال وخطر تحويل جسد الإنسان إلى سلعة تُباع وتُشترى,ضغط العمل الشديد ونظام المواعيد الذي يخصص وقتاً قصيراً لكل مريض,زيادة عدد المستشفيات في المدينة لملاحظة الفرق,إطلاق حملات توعية عامة وشرح المعايير الطبية بدقة مع تقديم دعم نفسي للعائلات,تقليل عدد المرضى المسموح بهم لكل طبيب بشكل دائم,ارتفاع عدد العمليات الجراحية التي يجريها القسم,تعارض هذا الإجراء مع قَسَم أبقراط ومعتقداتهم الأخلاقية والدينية العميقة,إجراء استبيان مجهول الهوية يقدم سيناريوهات أخلاقية للأطباء ويسألهم عن قيمهم,إجراء حوار شامل مع المريض، وإذا استمر التعارض، يتم تحويل رعاية المريض لطبيب آخر يقبل الإجراء,إطلاق حملات توعية وطنية شاملة في الإعلام والمدارس ودور العبادة,انتهاك صارخ لمبدأ العدالة والمساواة في تقديم الرعاية الصحية,كراهية عامة لفكرة المستشفيات والعمليات الجراحية,زيادة عدد المستشفيات التي تقدم الفحوصات وملاحظة الإقبال,إعطاء الأولوية للمرضى الأغنياء القادرين على الدفع,تجاهل الموضوع طالما لم يصب أحد بأذى
2/23/2026 15:08:11,15 / 30,aya.abdelrahman7@gmail.com,ضرورة وضع معايير أخلاقية ومنصفة لتحديد أولوية الحصول على الموارد,وجود معتقدات دينية أو ثقافية راسخة تمنع المساس بالجسد بعد الوفاة,سؤال الأطباء عن انطباعاتهم الشخصية حول المرضى,انتهاك مبدأ الموافقة المستنيرة وخداع المشاركين,إغلاق جميع مراكز زراعة الأعضاء لتجنب الجدل,انعدام العدالة في توزيع الموارد الصحية مما يمنع البعض من حقه في الرعاية,الخوف من الأعراض الجانبية غير المعروفة أو من كونهم 'فئران تجارب',إجراء فحوصات دم للمرضى لقياس مستوى القلق لديهم,نقص الوعي التعليمي العام بمخاطر هذه العمليات,تطبيق 'الموافقة المستنيرة' بصرامة، وشرح الفوائد والمخاطر بشفافية كاملة,التعارض بين احترام استقلالية المريضة وواجب الطبيب الأخلاقي في الحفاظ على الحياة,تعارض فكرة موت الدماغ مع معتقداتهم الدينية أو أملهم في حدوث معجزة,سؤال الأثرياء الذين قاموا بشراء الأعضاء عن دوافعهم,مراجعة الميزانية السنوية لقسم العناية المركزة,تشديد العقوبات القانونية على السماسرة بالتزامن مع توفير برامج دعم اقتصادي للفقراء,الصراع بين حاجة الشخص للمال وخطر تحويل جسد الإنسان إلى سلعة تُباع وتُشترى,ارتفاع أعداد المرضى بشكل يفوق قدرة الأطباء,زيادة عدد المستشفيات في المدينة لملاحظة الفرق,إلغاء معيار موت الدماغ والعودة لمعيار توقف القلب فقط,عقد ورش عمل لتدريب الأطباء على مهارات التواصل الفعال وتخصيص وقت كافٍ للشرح,نقص الوقت المتاح للأطباء بسبب ضغط العمل,عدم توفر المعدات والأدوية اللازمة لتنفيذه,سؤال المرضى عن رأيهم في الأطباء الرافضين,أن يتجاهل الطبيب رغبة المريض تمامًا ويستمر في العلاج,إطلاق حملات توعية وطنية شاملة في الإعلام والمدارس ودور العبادة,انتهاك صارخ لمبدأ العدالة والمساواة في تقديم الرعاية الصحية,كراهية عامة لفكرة المستشفيات والعمليات الجراحية,إجراء استبيان يسأل الناس مباشرة عن ترتيب مخاوفهم كأسباب لعدم إجراء الفحص,إعطاء الأولوية للمرضى الأغنياء القادرين على الدفع,وضع سياسات صارمة وإنشاء 'لجنة أخلاقيات بحث' تراجع كل الأبحاث وتضمن موافقة واضحة
2/23/2026 16:37:58,11 / 30,gomana.adel17@gmail.com,ضرورة وضع معايير أخلاقية ومنصفة لتحديد أولوية الحصول على الموارد,وجود معتقدات دينية أو ثقافية راسخة تمنع المساس بالجسد بعد الوفاة,مراجعة قوانين التبرع بالأعضاء في الدول المجاورة,انتهاك مبدأ الموافقة المستنيرة وخداع المشاركين,إغلاق جميع مراكز زراعة الأعضاء لتجنب الجدل,انعدام العدالة في توزيع الموارد الصحية مما يمنع البعض من حقه في الرعاية,ارتفاع التكلفة المالية للاشتراك في هذه التجارب,قراءة المقالات الطبية المنشورة عن الدواء الجديد,زيادة عدد المستشفيات الخاصة التي تجري عمليات الزرع,تقديم مبالغ مالية ضخمة للمشاركين لجذبهم,نقص الأدوية المسكنة الفعالة في المستشفى,تعارض فكرة موت الدماغ مع معتقداتهم الدينية أو أملهم في حدوث معجزة,سؤال الأثرياء الذين قاموا بشراء الأعضاء عن دوافعهم,إجراء مقابلات منظمة مع العائلات الرافضة ودراسة خلفياتهم الثقافية والدينية,تجاهل المشكلة واعتبارها حرية شخصية في بيع الجسد,رفض أسرة المتبرع لهذا القرار خوفًا على صحته,ارتفاع أعداد المرضى بشكل يفوق قدرة الأطباء,زيادة عدد المستشفيات في المدينة لملاحظة الفرق,إلغاء معيار موت الدماغ والعودة لمعيار توقف القلب فقط,عقد ورش عمل لتدريب الأطباء على مهارات التواصل الفعال وتخصيص وقت كافٍ للشرح,ارتفاع عدد العمليات الجراحية التي يجريها القسم,قلة خبرتهم الطبية في كيفية تنفيذ هذا الإجراء,إجراء استبيان مجهول الهوية يقدم سيناريوهات أخلاقية للأطباء ويسألهم عن قيمهم,إجبار المريض على الاستمرار في العلاج ضد رغبته,إطلاق حملات توعية وطنية شاملة في الإعلام والمدارس ودور العبادة,ارتفاع أعداد المرضى الوافدين إلى المستشفى يوميًا,كثرة عدد الأطباء المتخصصين في زراعة الأعضاء,زيادة عدد المستشفيات التي تقدم الفحوصات وملاحظة الإقبال,تطبيق نظام 'فرز طبي' واضح يعتمد فقط على الحاجة الطبية وخطورة الحالة,وضع سياسات صارمة وإنشاء 'لجنة أخلاقيات بحث' تراجع كل الأبحاث وتضمن موافقة واضحة
2/23/2026 16:38:08,16 / 30,habiba.essam11@gmail.com,ضرورة وضع معايير أخلاقية ومنصفة لتحديد أولوية الحصول على الموارد,وجود معتقدات دينية أو ثقافية راسخة تمنع المساس بالجسد بعد الوفاة,سؤال الأطباء عن انطباعاتهم الشخصية حول المرضى,انتهاك مبدأ الموافقة المستنيرة وخداع المشاركين,منع وسائل الإعلام من مناقشة هذا الموضوع,انعدام العدالة في توزيع الموارد الصحية مما يمنع البعض من حقه في الرعاية,الخوف من الأعراض الجانبية غير المعروفة أو من كونهم 'فئران تجارب',إجراء فحوصات دم للمرضى لقياس مستوى القلق لديهم,انتشار الفقر الشديد بالتزامن مع ضعف الرقابة القانونية,إخفاء المخاطر المحتملة والتركيز على الفوائد فقط,اعتراض أسرة المريضة على قرارها بسبب تعلقهم بها,تعارض فكرة موت الدماغ مع معتقداتهم الدينية أو أملهم في حدوث معجزة,مراجعة قوائم الطعام وأسعار السلع الأساسية في الأسواق,قياس ضغط الدم ومعدل نبضات قلب أفراد العائلة,تجاهل المشكلة واعتبارها حرية شخصية في بيع الجسد,الصراع بين حاجة الشخص للمال وخطر تحويل جسد الإنسان إلى سلعة تُباع وتُشترى,ضغط العمل الشديد ونظام المواعيد الذي يخصص وقتاً قصيراً لكل مريض,تقليل عدد المرضى المسموح به لكل طبيب بشكل مؤقت,إطلاق حملات توعية عامة وشرح المعايير الطبية بدقة مع تقديم دعم نفسي للعائلات,منع المرضى من طرح الأسئلة لتوفير وقت الطبيب,انتهاك المعايير الأخلاقية الطبية وحق المريض الأساسي في الموافقة المستنيرة,قلة خبرتهم الطبية في كيفية تنفيذ هذا الإجراء,إجراء استبيان مجهول الهوية يقدم سيناريوهات أخلاقية للأطباء ويسألهم عن قيمهم,إجبار المريض على الاستمرار في العلاج ضد رغبته,إطلاق حملات توعية وطنية شاملة في الإعلام والمدارس ودور العبادة,انتهاك صارخ لمبدأ العدالة والمساواة في تقديم الرعاية الصحية,كثرة عدد الأطباء المتخصصين في زراعة الأعضاء,تحليل المقالات الصحفية التي تتحدث عن خطورة الأمراض,تطبيق نظام 'فرز طبي' واضح يعتمد فقط على الحاجة الطبية وخطورة الحالة,وضع سياسات صارمة وإنشاء 'لجنة أخلاقيات بحث' تراجع كل الأبحاث وتضمن موافقة واضحة
2/23/2026 16:42:42,18 / 30,hala.magdy82@gmail.com,ضرورة وضع معايير أخلاقية ومنصفة لتحديد أولوية الحصول على الموارد,وجود معتقدات دينية أو ثقافية راسخة تمنع المساس بالجسد بعد الوفاة,سؤال الأطباء عن انطباعاتهم الشخصية حول المرضى,انتهاك مبدأ الموافقة المستنيرة وخداع المشاركين,إطلاق حملات توعية بالتعاون مع رجال الدين الموثوقين لتوضيح الموقف الديني الصحيح,انعدام العدالة في توزيع الموارد الصحية مما يمنع البعض من حقه في الرعاية,ارتفاع التكلفة المالية للاشتراك في هذه التجارب,إجراء فحوصات دم للمرضى لقياس مستوى القلق لديهم,انتشار الفقر الشديد بالتزامن مع ضعف الرقابة القانونية,تقديم مبالغ مالية ضخمة للمشاركين لجذبهم,اعتراض أسرة المريضة على قرارها بسبب تعلقهم بها,تعارض فكرة موت الدماغ مع معتقداتهم الدينية أو أملهم في حدوث معجزة,مراجعة قوائم الطعام وأسعار السلع الأساسية في الأسواق,قياس ضغط الدم ومعدل نبضات قلب أفراد العائلة,تشديد العقوبات القانونية على السماسرة بالتزامن مع توفير برامج دعم اقتصادي للفقراء,الصراع بين حاجة الشخص للمال وخطر تحويل جسد الإنسان إلى سلعة تُباع وتُشترى,ضغط العمل الشديد ونظام المواعيد الذي يخصص وقتاً قصيراً لكل مريض,رفع أسعار الكشف الطبي في العيادات الخارجية,إطلاق حملات توعية عامة وشرح المعايير الطبية بدقة مع تقديم دعم نفسي للعائلات,عقد ورش عمل لتدريب الأطباء على مهارات التواصل الفعال وتخصيص وقت كافٍ للشرح,ارتفاع عدد العمليات الجراحية التي يجريها القسم,قلة خبرتهم الطبية في كيفية تنفيذ هذا الإجراء,إجراء استبيان مجهول الهوية يقدم سيناريوهات أخلاقية للأطباء ويسألهم عن قيمهم,إجراء حوار شامل مع المريض، وإذا استمر التعارض، يتم تحويل رعاية المريض لطبيب آخر يقبل الإجراء,إطلاق حملات توعية وطنية شاملة في الإعلام والمدارس ودور العبادة,نقص الأسِرَّة المتاحة في المستشفى لاستقبال المرضى,نقص الوعي العام بأهمية التبرع وانتشار مفاهيم خاطئة حوله,زيادة عدد المستشفيات التي تقدم الفحوصات وملاحظة الإقبال,تطبيق نظام 'فرز طبي' واضح يعتمد فقط على الحاجة الطبية وخطورة الحالة,وضع سياسات صارمة وإنشاء 'لجنة أخلاقيات بحث' تراجع كل الأبحاث وتضمن موافقة واضحة
2/23/2026 17:12:46,11 / 30,seham.abdelhamid@gmail.com,الخوف من قيام أهل أحد المريضين بمقاضاة المستشفى,وجود معتقدات دينية أو ثقافية راسخة تمنع المساس بالجسد بعد الوفاة,تحليل المحتوى الإعلامي حول التبرع بالأعضاء في الصحف,انتهاك مبدأ الموافقة المستنيرة وخداع المشاركين,منع وسائل الإعلام من مناقشة هذا الموضوع,انعدام العدالة في توزيع الموارد الصحية مما يمنع البعض من حقه في الرعاية,الخوف من الأعراض الجانبية غير المعروفة أو من كونهم 'فئران تجارب',إجراء فحوصات دم للمرضى لقياس مستوى القلق لديهم,نقص الوعي التعليمي العام بمخاطر هذه العمليات,إخفاء المخاطر المحتملة والتركيز على الفوائد فقط,التعارض بين احترام استقلالية المريضة وواجب الطبيب الأخلاقي في الحفاظ على الحياة,عدم فهمهم للمصطلحات الطبية المعقدة التي يستخدمها الأطباء,مراجعة قوائم الطعام وأسعار السلع الأساسية في الأسواق,قياس ضغط الدم ومعدل نبضات قلب أفراد العائلة,تجاهل المشكلة واعتبارها حرية شخصية في بيع الجسد,الصراع بين حاجة الشخص للمال وخطر تحويل جسد الإنسان إلى سلعة تُباع وتُشترى,ضغط العمل الشديد ونظام المواعيد الذي يخصص وقتاً قصيراً لكل مريض,زيادة عدد المستشفيات في المدينة لملاحظة الفرق,إطلاق حملات توعية عامة وشرح المعايير الطبية بدقة مع تقديم دعم نفسي للعائلات,منع المرضى من طرح الأسئلة لتوفير وقت الطبيب,ارتفاع عدد العمليات الجراحية التي يجريها القسم,قلة خبرتهم الطبية في كيفية تنفيذ هذا الإجراء,سؤال المرضى عن رأيهم في الأطباء الرافضين,أن يتجاهل الطبيب رغبة المريض تمامًا ويستمر في العلاج,إطلاق حملات توعية وطنية شاملة في الإعلام والمدارس ودور العبادة,ارتفاع أعداد المرضى الوافدين إلى المستشفى يوميًا,كثرة عدد الأطباء المتخصصين في زراعة الأعضاء,إجراء استبيان يسأل الناس مباشرة عن ترتيب مخاوفهم كأسباب لعدم إجراء الفحص,إعطاء الأولوية للمرضى الأغنياء القادرين على الدفع,وضع سياسات صارمة وإنشاء 'لجنة أخلاقيات بحث' تراجع كل الأبحاث وتضمن موافقة واضحة
2/23/2026 17:27:47,22 / 30,mirna.gaber29@gmail.com,ضرورة وضع معايير أخلاقية ومنصفة لتحديد أولوية الحصول على الموارد,وجود معتقدات دينية أو ثقافية راسخة تمنع المساس بالجسد بعد الوفاة,إجراء دراسة مسحية تقارن معدلات الموافقة لدى مجموعات بخلفيات دينية مختلفة,انتهاك مبدأ الموافقة المستنيرة وخداع المشاركين,إطلاق حملات توعية بالتعاون مع رجال الدين الموثوقين لتوضيح الموقف الديني الصحيح,انعدام العدالة في توزيع الموارد الصحية مما يمنع البعض من حقه في الرعاية,ارتفاع التكلفة المالية للاشتراك في هذه التجارب,إجراء فحوصات دم للمرضى لقياس مستوى القلق لديهم,انتشار الفقر الشديد بالتزامن مع ضعف الرقابة القانونية,تطبيق 'الموافقة المستنيرة' بصرامة، وشرح الفوائد والمخاطر بشفافية كاملة,التعارض بين احترام استقلالية المريضة وواجب الطبيب الأخلاقي في الحفاظ على الحياة,تعارض فكرة موت الدماغ مع معتقداتهم الدينية أو أملهم في حدوث معجزة,زيارة المناطق السياحية في هذه الدولة وملاحظة الزوار,إجراء مقابلات منظمة مع العائلات الرافضة ودراسة خلفياتهم الثقافية والدينية,تشديد العقوبات القانونية على السماسرة بالتزامن مع توفير برامج دعم اقتصادي للفقراء,الصراع بين حاجة الشخص للمال وخطر تحويل جسد الإنسان إلى سلعة تُباع وتُشترى,ضغط العمل الشديد ونظام المواعيد الذي يخصص وقتاً قصيراً لكل مريض,مراقبة جداول عمل الأطباء وحساب متوسط الوقت المخصص لكل مريض ومقارنته بمستوى رضا المرضى,إلغاء معيار موت الدماغ والعودة لمعيار توقف القلب فقط,عقد ورش عمل لتدريب الأطباء على مهارات التواصل الفعال وتخصيص وقت كافٍ للشرح,التنافس المهني بين الأطباء داخل القسم,قلة خبرتهم الطبية في كيفية تنفيذ هذا الإجراء,إجراء استبيان مجهول الهوية يقدم سيناريوهات أخلاقية للأطباء ويسألهم عن قيمهم,إجراء حوار شامل مع المريض، وإذا استمر التعارض، يتم تحويل رعاية المريض لطبيب آخر يقبل الإجراء,إطلاق حملات توعية وطنية شاملة في الإعلام والمدارس ودور العبادة,انتهاك صارخ لمبدأ العدالة والمساواة في تقديم الرعاية الصحية,كثرة عدد الأطباء المتخصصين في زراعة الأعضاء,زيادة عدد المستشفيات التي تقدم الفحوصات وملاحظة الإقبال,تطبيق نظام 'فرز طبي' واضح يعتمد فقط على الحاجة الطبية وخطورة الحالة,وضع سياسات صارمة وإنشاء 'لجنة أخلاقيات بحث' تراجع كل الأبحاث وتضمن موافقة واضحة
2/23/2026 17:27:58,14 / 30,malak.ayman50@gmail.com,ضرورة وضع معايير أخلاقية ومنصفة لتحديد أولوية الحصول على الموارد,عدم معرفة الأغلبية بالطريقة الصحيحة للتسجيل في قوائم التبرع,سؤال الأطباء عن انطباعاتهم الشخصية حول المرضى,انتهاك مبدأ الموافقة المستنيرة وخداع المشاركين,منع وسائل الإعلام من مناقشة هذا الموضوع,انعدام العدالة في توزيع الموارد الصحية مما يمنع البعض من حقه في الرعاية,الخوف من الأعراض الجانبية غير المعروفة أو من كونهم 'فئران تجارب',إجراء فحوصات دم للمرضى لقياس مستوى القلق لديهم,رغبة بعض الأشخاص في خوض المغامرات الخطرة,تطبيق 'الموافقة المستنيرة' بصرامة، وشرح الفوائد والمخاطر بشفافية كاملة,التعارض بين احترام استقلالية المريضة وواجب الطبيب الأخلاقي في الحفاظ على الحياة,تعارض فكرة موت الدماغ مع معتقداتهم الدينية أو أملهم في حدوث معجزة,مراجعة قوائم الطعام وأسعار السلع الأساسية في الأسواق,سؤال طاقم الممرضين عن انطباعاتهم حول العائلات,تشديد العقوبات القانونية على السماسرة بالتزامن مع توفير برامج دعم اقتصادي للفقراء,رفض أسرة المتبرع لهذا القرار خوفًا على صحته,ضغط العمل الشديد ونظام المواعيد الذي يخصص وقتاً قصيراً لكل مريض,رفع أسعار الكشف الطبي في العيادات الخارجية,إلغاء معيار موت الدماغ والعودة لمعيار توقف القلب فقط,عقد ورش عمل لتدريب الأطباء على مهارات التواصل الفعال وتخصيص وقت كافٍ للشرح,انتهاك المعايير الأخلاقية الطبية وحق المريض الأساسي في الموافقة المستنيرة,عدم توفر المعدات والأدوية اللازمة لتنفيذه,إجراء استبيان مجهول الهوية يقدم سيناريوهات أخلاقية للأطباء ويسألهم عن قيمهم,أن يتجاهل الطبيب رغبة المريض تمامًا ويستمر في العلاج,إطلاق حملات توعية وطنية شاملة في الإعلام والمدارس ودور العبادة,قلة عدد الأطباء والممرضين مقارنة بعدد المرضى,نقص الوعي العام بأهمية التبرع وانتشار مفاهيم خاطئة حوله,مقارنة عدد الفحوصات التي تتم للأمراض البسيطة مقابل الخطيرة,إعطاء الأولوية للمرضى الأغنياء القادرين على الدفع,تجاهل الموضوع طالما لم يصب أحد بأذى
2/23/2026 17:42:44,19 / 30,nermeen.shaker.a@gmail.com,ضرورة وضع معايير أخلاقية ومنصفة لتحديد أولوية الحصول على الموارد,عدم معرفة الأغلبية بالطريقة الصحيحة للتسجيل في قوائم التبرع,سؤال الأطباء عن انطباعاتهم الشخصية حول المرضى,انتهاك مبدأ الموافقة المستنيرة وخداع المشاركين,إصدار قانون يجبر جميع المواطنين على التبرع بأعضائهم,انعدام العدالة في توزيع الموارد الصحية مما يمنع البعض من حقه في الرعاية,الخوف من الأعراض الجانبية غير المعروفة أو من كونهم 'فئران تجارب',إجراء فحوصات دم للمرضى لقياس مستوى القلق لديهم,انتشار الفقر الشديد بالتزامن مع ضعف الرقابة القانونية,تطبيق 'الموافقة المستنيرة' بصرامة، وشرح الفوائد والمخاطر بشفافية كاملة,اعتراض أسرة المريضة على قرارها بسبب تعلقهم بها,تعارض فكرة موت الدماغ مع معتقداتهم الدينية أو أملهم في حدوث معجزة,إجراء دراسة ميدانية لتحليل الوضع الاقتصادي والاجتماعي لضحايا بيع الأعضاء,سؤال طاقم الممرضين عن انطباعاتهم حول العائلات,تشديد العقوبات القانونية على السماسرة بالتزامن مع توفير برامج دعم اقتصادي للفقراء,الصراع بين حاجة الشخص للمال وخطر تحويل جسد الإنسان إلى سلعة تُباع وتُشترى,ضغط العمل الشديد ونظام المواعيد الذي يخصص وقتاً قصيراً لكل مريض,زيادة عدد المستشفيات في المدينة لملاحظة الفرق,إلغاء معيار موت الدماغ والعودة لمعيار توقف القلب فقط,عقد ورش عمل لتدريب الأطباء على مهارات التواصل الفعال وتخصيص وقت كافٍ للشرح,انتهاك المعايير الأخلاقية الطبية وحق المريض الأساسي في الموافقة المستنيرة,قلة خبرتهم الطبية في كيفية تنفيذ هذا الإجراء,سؤال المرضى عن رأيهم في الأطباء الرافضين,إجراء حوار شامل مع المريض، وإذا استمر التعارض، يتم تحويل رعاية المريض لطبيب آخر يقبل الإجراء,إطلاق حملات توعية وطنية شاملة في الإعلام والمدارس ودور العبادة,انتهاك صارخ لمبدأ العدالة والمساواة في تقديم الرعاية الصحية,نقص الوعي العام بأهمية التبرع وانتشار مفاهيم خاطئة حوله,مقارنة عدد الفحوصات التي تتم للأمراض البسيطة مقابل الخطيرة,تطبيق نظام 'فرز طبي' واضح يعتمد فقط على الحاجة الطبية وخطورة الحالة,وضع سياسات صارمة وإنشاء 'لجنة أخلاقيات بحث' تراجع كل الأبحاث وتضمن موافقة واضحة
2/23/2026 18:57:45,16 / 30,noha.adel.m@gmail.com,ضرورة وضع معايير أخلاقية ومنصفة لتحديد أولوية الحصول على الموارد,الخوف العام من زيارة المستشفيات والتعامل مع الأطباء,إجراء دراسة مسحية تقارن معدلات الموافقة لدى مجموعات بخلفيات دينية مختلفة,انتهاك مبدأ الموافقة المستنيرة وخداع المشاركين,إصدار قانون يجبر جميع المواطنين على التبرع بأعضائهم,انعدام العدالة في توزيع الموارد الصحية مما يمنع البعض من حقه في الرعاية,الخوف من الأعراض الجانبية غير المعروفة أو من كونهم 'فئران تجارب',إجراء فحوصات دم للمرضى لقياس مستوى القلق لديهم,نقص الوعي التعليمي العام بمخاطر هذه العمليات,إجبار المرضى الذين ليس لديهم خيار آخر على المشاركة,اعتراض أسرة المريضة على قرارها بسبب تعلقهم بها,تعارض فكرة موت الدماغ مع معتقداتهم الدينية أو أملهم في حدوث معجزة,مراجعة قوائم الطعام وأسعار السلع الأساسية في الأسواق,قياس ضغط الدم ومعدل نبضات قلب أفراد العائلة,تشديد العقوبات القانونية على السماسرة بالتزامن مع توفير برامج دعم اقتصادي للفقراء,الصراع بين حاجة الشخص للمال وخطر تحويل جسد الإنسان إلى سلعة تُباع وتُشترى,ضغط العمل الشديد ونظام المواعيد الذي يخصص وقتاً قصيراً لكل مريض,مراقبة جداول عمل الأطباء وحساب متوسط الوقت المخصص لكل مريض ومقارنته بمستوى رضا المرضى,إلغاء معيار موت الدماغ والعودة لمعيار توقف القلب فقط,تقليل عدد المرضى المسموح بهم لكل طبيب بشكل دائم,انتهاك المعايير الأخلاقية الطبية وحق المريض الأساسي في الموافقة المستنيرة,قلة خبرتهم الطبية في كيفية تنفيذ هذا الإجراء,إجراء استبيان مجهول الهوية يقدم سيناريوهات أخلاقية للأطباء ويسألهم عن قيمهم,أن يتجاهل الطبيب رغبة المريض تمامًا ويستمر في العلاج,إطلاق حملات توعية وطنية شاملة في الإعلام والمدارس ودور العبادة,انتهاك صارخ لمبدأ العدالة والمساواة في تقديم الرعاية الصحية,كثرة عدد الأطباء المتخصصين في زراعة الأعضاء,إجراء استبيان يسأل الناس مباشرة عن ترتيب مخاوفهم كأسباب لعدم إجراء الفحص,تطبيق نظام 'فرز طبي' واضح يعتمد فقط على الحاجة الطبية وخطورة الحالة,تجاهل الموضوع طالما لم يصب أحد بأذى
2/23/2026 19:37:46,13 / 30,toqa.sherif23@gmail.com,ضرورة وضع معايير أخلاقية ومنصفة لتحديد أولوية الحصول على الموارد,الاعتقاد بأن الأطباء لا يهتمون بالمرضى بشكل كافٍ,إجراء دراسة مسحية تقارن معدلات الموافقة لدى مجموعات بخلفيات دينية مختلفة,انتهاك مبدأ الموافقة المستنيرة وخداع المشاركين,إصدار قانون يجبر جميع المواطنين على التبرع بأعضائهم,عدم وجود عدد كافٍ من الأطباء المتخصصين في هذا المجال,الخوف من الأعراض الجانبية غير المعروفة أو من كونهم 'فئران تجارب',قراءة المقالات الطبية المنشورة عن الدواء الجديد,رغبة بعض الأشخاص في خوض المغامرات الخطرة,إخفاء المخاطر المحتملة والتركيز على الفوائد فقط,التعارض بين احترام استقلالية المريضة وواجب الطبيب الأخلاقي في الحفاظ على الحياة,تعارض فكرة موت الدماغ مع معتقداتهم الدينية أو أملهم في حدوث معجزة,زيارة المناطق السياحية في هذه الدولة وملاحظة الزوار,سؤال طاقم الممرضين عن انطباعاتهم حول العائلات,تشديد العقوبات القانونية على السماسرة بالتزامن مع توفير برامج دعم اقتصادي للفقراء,رفض أسرة المتبرع لهذا القرار خوفًا على صحته,شعور الأطباء بالملل من تكرار نفس الشرح,مراقبة جداول عمل الأطباء وحساب متوسط الوقت المخصص لكل مريض ومقارنته بمستوى رضا المرضى,إلغاء معيار موت الدماغ والعودة لمعيار توقف القلب فقط,عقد ورش عمل لتدريب الأطباء على مهارات التواصل الفعال وتخصيص وقت كافٍ للشرح,نقص الوقت المتاح للأطباء بسبب ضغط العمل,عدم توفر المعدات والأدوية اللازمة لتنفيذه,سؤال المرضى عن رأيهم في الأطباء الرافضين,إجراء حوار شامل مع المريض، وإذا استمر التعارض، يتم تحويل رعاية المريض لطبيب آخر يقبل الإجراء,إطلاق حملات توعية وطنية شاملة في الإعلام والمدارس ودور العبادة,انتهاك صارخ لمبدأ العدالة والمساواة في تقديم الرعاية الصحية,كراهية عامة لفكرة المستشفيات والعمليات الجراحية,زيادة عدد المستشفيات التي تقدم الفحوصات وملاحظة الإقبال,تطبيق نظام 'فرز طبي' واضح يعتمد فقط على الحاجة الطبية وخطورة الحالة,تجاهل الموضوع طالما لم يصب أحد بأذى
2/24/2026 9:52:53,13 / 30,logain.samir.a@gmail.com,عدم وجود عدد كافٍ من الأطباء في قسم الطوارئ,عدم معرفة الأغلبية بالطريقة الصحيحة للتسجيل في قوائم التبرع,إجراء دراسة مسحية تقارن معدلات الموافقة لدى مجموعات بخلفيات دينية مختلفة,عدم وجود مختبرات متطورة كافية,إغلاق جميع مراكز زراعة الأعضاء لتجنب الجدل,انعدام العدالة في توزيع الموارد الصحية مما يمنع البعض من حقه في الرعاية,الخوف من الأعراض الجانبية غير المعروفة أو من كونهم 'فئران تجارب',إجراء فحوصات دم للمرضى لقياس مستوى القلق لديهم,انتشار الفقر الشديد بالتزامن مع ضعف الرقابة القانونية,إخفاء المخاطر المحتملة والتركيز على الفوائد فقط,التعارض بين احترام استقلالية المريضة وواجب الطبيب الأخلاقي في الحفاظ على الحياة,تعارض فكرة موت الدماغ مع معتقداتهم الدينية أو أملهم في حدوث معجزة,سؤال الأثرياء الذين قاموا بشراء الأعضاء عن دوافعهم,قياس ضغط الدم ومعدل نبضات قلب أفراد العائلة,تشديد العقوبات القانونية على السماسرة بالتزامن مع توفير برامج دعم اقتصادي للفقراء,الصراع بين حاجة الشخص للمال وخطر تحويل جسد الإنسان إلى سلعة تُباع وتُشترى,ارتفاع أعداد المرضى بشكل يفوق قدرة الأطباء,زيادة عدد المستشفيات في المدينة لملاحظة الفرق,إجبار العائلات بالقانون على قبول التشخيص وفصل الأجهزة,تقليل عدد المرضى المسموح بهم لكل طبيب بشكل دائم,التنافس المهني بين الأطباء داخل القسم,الخوف من المسؤولية القانونية رغم أن الإجراء قانوني,إجراء استبيان مجهول الهوية يقدم سيناريوهات أخلاقية للأطباء ويسألهم عن قيمهم,إجراء حوار شامل مع المريض، وإذا استمر التعارض، يتم تحويل رعاية المريض لطبيب آخر يقبل الإجراء,إطلاق حملات توعية وطنية شاملة في الإعلام والمدارس ودور العبادة,ارتفاع أعداد المرضى الوافدين إلى المستشفى يوميًا,كراهية عامة لفكرة المستشفيات والعمليات الجراحية,زيادة عدد المستشفيات التي تقدم الفحوصات وملاحظة الإقبال,تطبيق نظام 'فرز طبي' واضح يعتمد فقط على الحاجة الطبية وخطورة الحالة,وضع سياسات صارمة وإنشاء 'لجنة أخلاقيات بحث' تراجع كل الأبحاث وتضمن موافقة واضحة
2/24/2026 10:08:58,18 / 30,dina.saeed40@gmail.com,ضرورة وضع معايير أخلاقية ومنصفة لتحديد أولوية الحصول على الموارد,عدم معرفة الأغلبية بالطريقة الصحيحة للتسجيل في قوائم التبرع,سؤال الأطباء عن انطباعاتهم الشخصية حول المرضى,انتهاك مبدأ الموافقة المستنيرة وخداع المشاركين,إصدار قانون يجبر جميع المواطنين على التبرع بأعضائهم,انعدام العدالة في توزيع الموارد الصحية مما يمنع البعض من حقه في الرعاية,الخوف من الأعراض الجانبية غير المعروفة أو من كونهم 'فئران تجارب',إجراء فحوصات دم للمرضى لقياس مستوى القلق لديهم,رغبة بعض الأشخاص في خوض المغامرات الخطرة,تقديم مبالغ مالية ضخمة للمشاركين لجذبهم,التعارض بين احترام استقلالية المريضة وواجب الطبيب الأخلاقي في الحفاظ على الحياة,تعارض فكرة موت الدماغ مع معتقداتهم الدينية أو أملهم في حدوث معجزة,مراجعة قوائم الطعام وأسعار السلع الأساسية في الأسواق,سؤال طاقم الممرضين عن انطباعاتهم حول العائلات,تشديد العقوبات القانونية على السماسرة بالتزامن مع توفير برامج دعم اقتصادي للفقراء,الصراع بين حاجة الشخص للمال وخطر تحويل جسد الإنسان إلى سلعة تُباع وتُشترى,ضغط العمل الشديد ونظام المواعيد الذي يخصص وقتاً قصيراً لكل مريض,مراقبة جداول عمل الأطباء وحساب متوسط الوقت المخصص لكل مريض ومقارنته بمستوى رضا المرضى,إطلاق حملات توعية عامة وشرح المعايير الطبية بدقة مع تقديم دعم نفسي للعائلات,منع المرضى من طرح الأسئلة لتوفير وقت الطبيب,ارتفاع عدد العمليات الجراحية التي يجريها القسم,تعارض هذا الإجراء مع قَسَم أبقراط ومعتقداتهم الأخلاقية والدينية العميقة,إجراء استبيان مجهول الهوية يقدم سيناريوهات أخلاقية للأطباء ويسألهم عن قيمهم,تنفيذ رغبة المريض فورًا دون أي نقاش إضافي,إطلاق حملات توعية وطنية شاملة في الإعلام والمدارس ودور العبادة,انتهاك صارخ لمبدأ العدالة والمساواة في تقديم الرعاية الصحية,كراهية عامة لفكرة المستشفيات والعمليات الجراحية,إجراء استبيان يسأل الناس مباشرة عن ترتيب مخاوفهم كأسباب لعدم إجراء الفحص,تطبيق نظام 'فرز طبي' واضح يعتمد فقط على الحاجة الطبية وخطورة الحالة,وضع سياسات صارمة وإنشاء 'لجنة أخلاقيات بحث' تراجع كل الأبحاث وتضمن موافقة واضحة
2/24/2026 10:37:42,13 / 30,rahma.taha.n@gmail.com,عدم وجود عدد كافٍ من الأطباء في قسم الطوارئ,عدم معرفة الأغلبية بالطريقة الصحيحة للتسجيل في قوائم التبرع,إجراء دراسة مسحية تقارن معدلات الموافقة لدى مجموعات بخلفيات دينية مختلفة,انتهاك مبدأ الموافقة المستنيرة وخداع المشاركين,منع وسائل الإعلام من مناقشة هذا الموضوع,انعدام العدالة في توزيع الموارد الصحية مما يمنع البعض من حقه في الرعاية,الخوف من الأعراض الجانبية غير المعروفة أو من كونهم 'فئران تجارب',إجراء مقابلات معمقة واستبيانات مجهولة الهوية مع المرضى الرافضين لسؤالهم عن أسباب رفضهم,نقص الوعي التعليمي العام بمخاطر هذه العمليات,تطبيق 'الموافقة المستنيرة' بصرامة، وشرح الفوائد والمخاطر بشفافية كاملة,اعتراض أسرة المريضة على قرارها بسبب تعلقهم بها,عدم فهمهم للمصطلحات الطبية المعقدة التي يستخدمها الأطباء,مراجعة قوائم الطعام وأسعار السلع الأساسية في الأسواق,إجراء مقابلات منظمة مع العائلات الرافضة ودراسة خلفياتهم الثقافية والدينية,تشديد العقوبات القانونية على السماسرة بالتزامن مع توفير برامج دعم اقتصادي للفقراء,الصراع بين حاجة الشخص للمال وخطر تحويل جسد الإنسان إلى سلعة تُباع وتُشترى,ارتفاع أعداد المرضى بشكل يفوق قدرة الأطباء,مراقبة جداول عمل الأطباء وحساب متوسط الوقت المخصص لكل مريض ومقارنته بمستوى رضا المرضى,منع وسائل الإعلام من التحدث عن حالات موت الدماغ,رفع أجور الأطباء فقط دون تغيير نظام العمل,انتهاك المعايير الأخلاقية الطبية وحق المريض الأساسي في الموافقة المستنيرة,قلة خبرتهم الطبية في كيفية تنفيذ هذا الإجراء,سؤال المرضى عن رأيهم في الأطباء الرافضين,أن يتجاهل الطبيب رغبة المريض تمامًا ويستمر في العلاج,إطلاق حملات توعية وطنية شاملة في الإعلام والمدارس ودور العبادة,انتهاك صارخ لمبدأ العدالة والمساواة في تقديم الرعاية الصحية,كراهية عامة لفكرة المستشفيات والعمليات الجراحية,زيادة عدد المستشفيات التي تقدم الفحوصات وملاحظة الإقبال,إعطاء الأولوية للمرضى الأغنياء القادرين على الدفع,السماح بإجراء التجارب دون موافقة لتسريع وتيرة العلم
2/24/2026 10:47:51,24 / 30,yomna.mamdouh.s@gmail.com,ضرورة وضع معايير أخلاقية ومنصفة لتحديد أولوية الحصول على الموارد,وجود معتقدات دينية أو ثقافية راسخة تمنع المساس بالجسد بعد الوفاة,إجراء دراسة مسحية تقارن معدلات الموافقة لدى مجموعات بخلفيات دينية مختلفة,انتهاك مبدأ الموافقة المستنيرة وخداع المشاركين,إطلاق حملات توعية بالتعاون مع رجال الدين الموثوقين لتوضيح الموقف الديني الصحيح,انعدام العدالة في توزيع الموارد الصحية مما يمنع البعض من حقه في الرعاية,الخوف من الأعراض الجانبية غير المعروفة أو من كونهم 'فئران تجارب',إجراء مقابلات معمقة واستبيانات مجهولة الهوية مع المرضى الرافضين لسؤالهم عن أسباب رفضهم,انتشار الفقر الشديد بالتزامن مع ضعف الرقابة القانونية,تقديم مبالغ مالية ضخمة للمشاركين لجذبهم,التعارض بين احترام استقلالية المريضة وواجب الطبيب الأخلاقي في الحفاظ على الحياة,تعارض فكرة موت الدماغ مع معتقداتهم الدينية أو أملهم في حدوث معجزة,إجراء دراسة ميدانية لتحليل الوضع الاقتصادي والاجتماعي لضحايا بيع الأعضاء,إجراء مقابلات منظمة مع العائلات الرافضة ودراسة خلفياتهم الثقافية والدينية,تشديد العقوبات القانونية على السماسرة بالتزامن مع توفير برامج دعم اقتصادي للفقراء,الصراع بين حاجة الشخص للمال وخطر تحويل جسد الإنسان إلى سلعة تُباع وتُشترى,ضغط العمل الشديد ونظام المواعيد الذي يخصص وقتاً قصيراً لكل مريض,مراقبة جداول عمل الأطباء وحساب متوسط الوقت المخصص لكل مريض ومقارنته بمستوى رضا المرضى,إلغاء معيار موت الدماغ والعودة لمعيار توقف القلب فقط,عقد ورش عمل لتدريب الأطباء على مهارات التواصل الفعال وتخصيص وقت كافٍ للشرح,ارتفاع عدد العمليات الجراحية التي يجريها القسم,قلة خبرتهم الطبية في كيفية تنفيذ هذا الإجراء,إجراء استبيان مجهول الهوية يقدم سيناريوهات أخلاقية للأطباء ويسألهم عن قيمهم,إجراء حوار شامل مع المريض، وإذا استمر التعارض، يتم تحويل رعاية المريض لطبيب آخر يقبل الإجراء,إطلاق حملات توعية وطنية شاملة في الإعلام والمدارس ودور العبادة,انتهاك صارخ لمبدأ العدالة والمساواة في تقديم الرعاية الصحية,ارتفاع المستوى الصحي العام في المجتمع وقلة الحاجة للزرع,زيادة عدد المستشفيات التي تقدم الفحوصات وملاحظة الإقبال,تطبيق نظام 'فرز طبي' واضح يعتمد فقط على الحاجة الطبية وخطورة الحالة,وضع سياسات صارمة وإنشاء 'لجنة أخلاقيات بحث' تراجع كل الأبحاث وتضمن موافقة واضحة
2/24/2026 11:12:43,12 / 30,tasneem.fouad48@gmail.com,ضرورة وضع معايير أخلاقية ومنصفة لتحديد أولوية الحصول على الموارد,الاعتقاد بأن الأطباء لا يهتمون بالمرضى بشكل كافٍ,سؤال الأطباء عن انطباعاتهم الشخصية حول المرضى,انتهاك مبدأ الموافقة المستنيرة وخداع المشاركين,إصدار قانون يجبر جميع المواطنين على التبرع بأعضائهم,انعدام العدالة في توزيع الموارد الصحية مما يمنع البعض من حقه في الرعاية,الخوف من الأعراض الجانبية غير المعروفة أو من كونهم 'فئران تجارب',إجراء فحوصات دم للمرضى لقياس مستوى القلق لديهم,نقص الوعي التعليمي العام بمخاطر هذه العمليات,إخفاء المخاطر المحتملة والتركيز على الفوائد فقط,نقص الأدوية المسكنة الفعالة في المستشفى,تعارض فكرة موت الدماغ مع معتقداتهم الدينية أو أملهم في حدوث معجزة,زيارة المناطق السياحية في هذه الدولة وملاحظة الزوار,سؤال طاقم الممرضين عن انطباعاتهم حول العائلات,تشديد العقوبات القانونية على السماسرة بالتزامن مع توفير برامج دعم اقتصادي للفقراء,الصراع بين حاجة الشخص للمال وخطر تحويل جسد الإنسان إلى سلعة تُباع وتُشترى,ارتفاع أعداد المرضى بشكل يفوق قدرة الأطباء,زيادة عدد المستشفيات في المدينة لملاحظة الفرق,إطلاق حملات توعية عامة وشرح المعايير الطبية بدقة مع تقديم دعم نفسي للعائلات,تقليل عدد المرضى المسموح بهم لكل طبيب بشكل دائم,ارتفاع عدد العمليات الجراحية التي يجريها القسم,قلة خبرتهم الطبية في كيفية تنفيذ هذا الإجراء,إجراء استبيان مجهول الهوية يقدم سيناريوهات أخلاقية للأطباء ويسألهم عن قيمهم,أن يتجاهل الطبيب رغبة المريض تمامًا ويستمر في العلاج,إطلاق حملات توعية وطنية شاملة في الإعلام والمدارس ودور العبادة,قلة عدد الأطباء والممرضين مقارنة بعدد المرضى,كثرة عدد الأطباء المتخصصين في زراعة الأعضاء,زيادة عدد المستشفيات التي تقدم الفحوصات وملاحظة الإقبال,تطبيق نظام 'فرز طبي' واضح يعتمد فقط على الحاجة الطبية وخطورة الحالة,وضع سياسات صارمة وإنشاء 'لجنة أخلاقيات بحث' تراجع كل الأبحاث وتضمن موافقة واضحة
2/24/2026 11:17:49,19 / 30,wegdan.sobhy22@gmail.com,ضرورة وضع معايير أخلاقية ومنصفة لتحديد أولوية الحصول على الموارد,الخوف العام من زيارة المستشفيات والتعامل مع الأطباء,تحليل المحتوى الإعلامي حول التبرع بالأعضاء في الصحف,انتهاك مبدأ الموافقة المستنيرة وخداع المشاركين,إصدار قانون يجبر جميع المواطنين على التبرع بأعضائهم,انعدام العدالة في توزيع الموارد الصحية مما يمنع البعض من حقه في الرعاية,الخوف من الأعراض الجانبية غير المعروفة أو من كونهم 'فئران تجارب',إجراء فحوصات دم للمرضى لقياس مستوى القلق لديهم,انتشار الفقر الشديد بالتزامن مع ضعف الرقابة القانونية,تقديم مبالغ مالية ضخمة للمشاركين لجذبهم,التعارض بين احترام استقلالية المريضة وواجب الطبيب الأخلاقي في الحفاظ على الحياة,تعارض فكرة موت الدماغ مع معتقداتهم الدينية أو أملهم في حدوث معجزة,مراجعة قوائم الطعام وأسعار السلع الأساسية في الأسواق,قياس ضغط الدم ومعدل نبضات قلب أفراد العائلة,تشديد العقوبات القانونية على السماسرة بالتزامن مع توفير برامج دعم اقتصادي للفقراء,الصراع بين حاجة الشخص للمال وخطر تحويل جسد الإنسان إلى سلعة تُباع وتُشترى,ضغط العمل الشديد ونظام المواعيد الذي يخصص وقتاً قصيراً لكل مريض,مراقبة جداول عمل الأطباء وحساب متوسط الوقت المخصص لكل مريض ومقارنته بمستوى رضا المرضى,إطلاق حملات توعية عامة وشرح المعايير الطبية بدقة مع تقديم دعم نفسي للعائلات,تقليل عدد المرضى المسموح بهم لكل طبيب بشكل دائم,التنافس المهني بين الأطباء داخل القسم,تعارض هذا الإجراء مع قَسَم أبقراط ومعتقداتهم الأخلاقية والدينية العميقة,إجراء استبيان مجهول الهوية يقدم سيناريوهات أخلاقية للأطباء ويسألهم عن قيمهم,إجراء حوار شامل مع المريض، وإذا استمر التعارض، يتم تحويل رعاية المريض لطبيب آخر يقبل الإجراء,إطلاق حملات توعية وطنية شاملة في الإعلام والمدارس ودور العبادة,انتهاك صارخ لمبدأ العدالة والمساواة في تقديم الرعاية الصحية,كثرة عدد الأطباء المتخصصين في زراعة الأعضاء,زيادة عدد المستشفيات التي تقدم الفحوصات وملاحظة الإقبال,تطبيق نظام 'فرز طبي' واضح يعتمد فقط على الحاجة الطبية وخطورة الحالة,وضع سياسات صارمة وإنشاء 'لجنة أخلاقيات بحث' تراجع كل الأبحاث وتضمن موافقة واضحة
2/24/2026 11:52:54,19 / 30,salma.omar61@gmail.com,نقص التمويل الحكومي المخصص للمستشفيات,وجود معتقدات دينية أو ثقافية راسخة تمنع المساس بالجسد بعد الوفاة,سؤال الأطباء عن انطباعاتهم الشخصية حول المرضى,انتهاك مبدأ الموافقة المستنيرة وخداع المشاركين,إطلاق حملات توعية بالتعاون مع رجال الدين الموثوقين لتوضيح الموقف الديني الصحيح,انعدام العدالة في توزيع الموارد الصحية مما يمنع البعض من حقه في الرعاية,الخوف من الأعراض الجانبية غير المعروفة أو من كونهم 'فئران تجارب',إجراء مقابلات معمقة واستبيانات مجهولة الهوية مع المرضى الرافضين لسؤالهم عن أسباب رفضهم,انتشار الفقر الشديد بالتزامن مع ضعف الرقابة القانونية,تطبيق 'الموافقة المستنيرة' بصرامة، وشرح الفوائد والمخاطر بشفافية كاملة,نقص الأدوية المسكنة الفعالة في المستشفى,تعارض فكرة موت الدماغ مع معتقداتهم الدينية أو أملهم في حدوث معجزة,مراجعة قوائم الطعام وأسعار السلع الأساسية في الأسواق,قياس ضغط الدم ومعدل نبضات قلب أفراد العائلة,تشديد العقوبات القانونية على السماسرة بالتزامن مع توفير برامج دعم اقتصادي للفقراء,رفض أسرة المتبرع لهذا القرار خوفًا على صحته,ضغط العمل الشديد ونظام المواعيد الذي يخصص وقتاً قصيراً لكل مريض,زيادة عدد المستشفيات في المدينة لملاحظة الفرق,إطلاق حملات توعية عامة وشرح المعايير الطبية بدقة مع تقديم دعم نفسي للعائلات,عقد ورش عمل لتدريب الأطباء على مهارات التواصل الفعال وتخصيص وقت كافٍ للشرح,ارتفاع عدد العمليات الجراحية التي يجريها القسم,الخوف من المسؤولية القانونية رغم أن الإجراء قانوني,إجراء استبيان مجهول الهوية يقدم سيناريوهات أخلاقية للأطباء ويسألهم عن قيمهم,إجراء حوار شامل مع المريض، وإذا استمر التعارض، يتم تحويل رعاية المريض لطبيب آخر يقبل الإجراء,إطلاق حملات توعية وطنية شاملة في الإعلام والمدارس ودور العبادة,انتهاك صارخ لمبدأ العدالة والمساواة في تقديم الرعاية الصحية,كثرة عدد الأطباء المتخصصين في زراعة الأعضاء,زيادة عدد المستشفيات التي تقدم الفحوصات وملاحظة الإقبال,تطبيق نظام 'فرز طبي' واضح يعتمد فقط على الحاجة الطبية وخطورة الحالة,وضع سياسات صارمة وإنشاء 'لجنة أخلاقيات بحث' تراجع كل الأبحاث وتضمن موافقة واضحة
2/24/2026 12:22:44,25 / 30,shahd.kamal.w@gmail.com,ضرورة وضع معايير أخلاقية ومنصفة لتحديد أولوية الحصول على الموارد,وجود معتقدات دينية أو ثقافية راسخة تمنع المساس بالجسد بعد الوفاة,إجراء دراسة مسحية تقارن معدلات الموافقة لدى مجموعات بخلفيات دينية مختلفة,انتهاك مبدأ الموافقة المستنيرة وخداع المشاركين,إصدار قانون يجبر جميع المواطنين على التبرع بأعضائهم,انعدام العدالة في توزيع الموارد الصحية مما يمنع البعض من حقه في الرعاية,الخوف من الأعراض الجانبية غير المعروفة أو من كونهم 'فئران تجارب',إجراء مقابلات معمقة واستبيانات مجهولة الهوية مع المرضى الرافضين لسؤالهم عن أسباب رفضهم,انتشار الفقر الشديد بالتزامن مع ضعف الرقابة القانونية,تطبيق 'الموافقة المستنيرة' بصرامة، وشرح الفوائد والمخاطر بشفافية كاملة,التعارض بين احترام استقلالية المريضة وواجب الطبيب الأخلاقي في الحفاظ على الحياة,تعارض فكرة موت الدماغ مع معتقداتهم الدينية أو أملهم في حدوث معجزة,إجراء دراسة ميدانية لتحليل الوضع الاقتصادي والاجتماعي لضحايا بيع الأعضاء,مراجعة الميزانية السنوية لقسم العناية المركزة,تشديد العقوبات القانونية على السماسرة بالتزامن مع توفير برامج دعم اقتصادي للفقراء,الصراع بين حاجة الشخص للمال وخطر تحويل جسد الإنسان إلى سلعة تُباع وتُشترى,ضغط العمل الشديد ونظام المواعيد الذي يخصص وقتاً قصيراً لكل مريض,تقليل عدد المرضى المسموح به لكل طبيب بشكل مؤقت,إطلاق حملات توعية عامة وشرح المعايير الطبية بدقة مع تقديم دعم نفسي للعائلات,عقد ورش عمل لتدريب الأطباء على مهارات التواصل الفعال وتخصيص وقت كافٍ للشرح,نقص الوقت المتاح للأطباء بسبب ضغط العمل,تعارض هذا الإجراء مع قَسَم أبقراط ومعتقداتهم الأخلاقية والدينية العميقة,إجراء استبيان مجهول الهوية يقدم سيناريوهات أخلاقية للأطباء ويسألهم عن قيمهم,إجراء حوار شامل مع المريض، وإذا استمر التعارض، يتم تحويل رعاية المريض لطبيب آخر يقبل الإجراء,إطلاق حملات توعية وطنية شاملة في الإعلام والمدارس ودور العبادة,انتهاك صارخ لمبدأ العدالة والمساواة في تقديم الرعاية الصحية,نقص الوعي العام بأهمية التبرع وانتشار مفاهيم خاطئة حوله,تحليل المقالات الصحفية التي تتحدث عن خطورة الأمراض,تطبيق نظام 'فرز طبي' واضح يعتمد فقط على الحاجة الطبية وخطورة الحالة,وضع سياسات صارمة وإنشاء 'لجنة أخلاقيات بحث' تراجع كل الأبحاث وتضمن موافقة واضحة
2/24/2026 12:48:02,22 / 30,omneya.raafat16@gmail.com,ضرورة وضع معايير أخلاقية ومنصفة لتحديد أولوية الحصول على الموارد,وجود معتقدات دينية أو ثقافية راسخة تمنع المساس بالجسد بعد الوفاة,إجراء دراسة مسحية تقارن معدلات الموافقة لدى مجموعات بخلفيات دينية مختلفة,انتهاك مبدأ الموافقة المستنيرة وخداع المشاركين,إطلاق حملات توعية بالتعاون مع رجال الدين الموثوقين لتوضيح الموقف الديني الصحيح,انعدام العدالة في توزيع الموارد الصحية مما يمنع البعض من حقه في الرعاية,الخوف من الأعراض الجانبية غير المعروفة أو من كونهم 'فئران تجارب',إجراء فحوصات دم للمرضى لقياس مستوى القلق لديهم,انتشار الفقر الشديد بالتزامن مع ضعف الرقابة القانونية,تقديم مبالغ مالية ضخمة للمشاركين لجذبهم,التعارض بين احترام استقلالية المريضة وواجب الطبيب الأخلاقي في الحفاظ على الحياة,تعارض فكرة موت الدماغ مع معتقداتهم الدينية أو أملهم في حدوث معجزة,مراجعة قوائم الطعام وأسعار السلع الأساسية في الأسواق,قياس ضغط الدم ومعدل نبضات قلب أفراد العائلة,تشديد العقوبات القانونية على السماسرة بالتزامن مع توفير برامج دعم اقتصادي للفقراء,الصراع بين حاجة الشخص للمال وخطر تحويل جسد الإنسان إلى سلعة تُباع وتُشترى,ضغط العمل الشديد ونظام المواعيد الذي يخصص وقتاً قصيراً لكل مريض,تقليل عدد المرضى المسموح به لكل طبيب بشكل مؤقت,إطلاق حملات توعية عامة وشرح المعايير الطبية بدقة مع تقديم دعم نفسي للعائلات,عقد ورش عمل لتدريب الأطباء على مهارات التواصل الفعال وتخصيص وقت كافٍ للشرح,ارتفاع عدد العمليات الجراحية التي يجريها القسم,تعارض هذا الإجراء مع قَسَم أبقراط ومعتقداتهم الأخلاقية والدينية العميقة,إجراء استبيان مجهول الهوية يقدم سيناريوهات أخلاقية للأطباء ويسألهم عن قيمهم,إجراء حوار شامل مع المريض، وإذا استمر التعارض، يتم تحويل رعاية المريض لطبيب آخر يقبل الإجراء,إطلاق حملات توعية وطنية شاملة في الإعلام والمدارس ودور العبادة,ارتفاع أعداد المرضى الوافدين إلى المستشفى يوميًا,نقص الوعي العام بأهمية التبرع وانتشار مفاهيم خاطئة حوله,مقارنة عدد الفحوصات التي تتم للأمراض البسيطة مقابل الخطيرة,تطبيق نظام 'فرز طبي' واضح يعتمد فقط على الحاجة الطبية وخطورة الحالة,وضع سياسات صارمة وإنشاء 'لجنة أخلاقيات بحث' تراجع كل الأبحاث وتضمن موافقة واضحة
2/24/2026 12:48:16,22 / 30,hend.salah15@gmail.com,ضرورة وضع معايير أخلاقية ومنصفة لتحديد أولوية الحصول على الموارد,وجود معتقدات دينية أو ثقافية راسخة تمنع المساس بالجسد بعد الوفاة,إجراء دراسة مسحية تقارن معدلات الموافقة لدى مجموعات بخلفيات دينية مختلفة,انتهاك مبدأ الموافقة المستنيرة وخداع المشاركين,إغلاق جميع مراكز زراعة الأعضاء لتجنب الجدل,انعدام العدالة في توزيع الموارد الصحية مما يمنع البعض من حقه في الرعاية,الخوف من الأعراض الجانبية غير المعروفة أو من كونهم 'فئران تجارب',إجراء فحوصات دم للمرضى لقياس مستوى القلق لديهم,انتشار الفقر الشديد بالتزامن مع ضعف الرقابة القانونية,تطبيق 'الموافقة المستنيرة' بصرامة، وشرح الفوائد والمخاطر بشفافية كاملة,التعارض بين احترام استقلالية المريضة وواجب الطبيب الأخلاقي في الحفاظ على الحياة,تعارض فكرة موت الدماغ مع معتقداتهم الدينية أو أملهم في حدوث معجزة,إجراء دراسة ميدانية لتحليل الوضع الاقتصادي والاجتماعي لضحايا بيع الأعضاء,قياس ضغط الدم ومعدل نبضات قلب أفراد العائلة,تشديد العقوبات القانونية على السماسرة بالتزامن مع توفير برامج دعم اقتصادي للفقراء,الصراع بين حاجة الشخص للمال وخطر تحويل جسد الإنسان إلى سلعة تُباع وتُشترى,ضغط العمل الشديد ونظام المواعيد الذي يخصص وقتاً قصيراً لكل مريض,رفع أسعار الكشف الطبي في العيادات الخارجية,إلغاء معيار موت الدماغ والعودة لمعيار توقف القلب فقط,عقد ورش عمل لتدريب الأطباء على مهارات التواصل الفعال وتخصيص وقت كافٍ للشرح,انتهاك المعايير الأخلاقية الطبية وحق المريض الأساسي في الموافقة المستنيرة,قلة خبرتهم الطبية في كيفية تنفيذ هذا الإجراء,إجراء استبيان مجهول الهوية يقدم سيناريوهات أخلاقية للأطباء ويسألهم عن قيمهم,إجراء حوار شامل مع المريض، وإذا استمر التعارض، يتم تحويل رعاية المريض لطبيب آخر يقبل الإجراء,إطلاق حملات توعية وطنية شاملة في الإعلام والمدارس ودور العبادة,ارتفاع أعداد المرضى الوافدين إلى المستشفى يوميًا,نقص الوعي العام بأهمية التبرع وانتشار مفاهيم خاطئة حوله,زيادة عدد المستشفيات التي تقدم الفحوصات وملاحظة الإقبال,تطبيق نظام 'فرز طبي' واضح يعتمد فقط على الحاجة الطبية وخطورة الحالة,وضع سياسات صارمة وإنشاء 'لجنة أخلاقيات بحث' تراجع كل الأبحاث وتضمن موافقة واضحة
2/24/2026 13:12:43,17 / 30,reham.mostafa5@gmail.com,ضرورة وضع معايير أخلاقية ومنصفة لتحديد أولوية الحصول على الموارد,وجود معتقدات دينية أو ثقافية راسخة تمنع المساس بالجسد بعد الوفاة,سؤال الأطباء عن انطباعاتهم الشخصية حول المرضى,انتهاك مبدأ الموافقة المستنيرة وخداع المشاركين,إصدار قانون يجبر جميع المواطنين على التبرع بأعضائهم,انعدام العدالة في توزيع الموارد الصحية مما يمنع البعض من حقه في الرعاية,الخوف من الأعراض الجانبية غير المعروفة أو من كونهم 'فئران تجارب',إجراء مقابلات معمقة واستبيانات مجهولة الهوية مع المرضى الرافضين لسؤالهم عن أسباب رفضهم,انتشار الفقر الشديد بالتزامن مع ضعف الرقابة القانونية,إجبار المرضى الذين ليس لديهم خيار آخر على المشاركة,التعارض بين احترام استقلالية المريضة وواجب الطبيب الأخلاقي في الحفاظ على الحياة,تعارض فكرة موت الدماغ مع معتقداتهم الدينية أو أملهم في حدوث معجزة,سؤال الأثرياء الذين قاموا بشراء الأعضاء عن دوافعهم,سؤال طاقم الممرضين عن انطباعاتهم حول العائلات,تشديد العقوبات القانونية على السماسرة بالتزامن مع توفير برامج دعم اقتصادي للفقراء,الصراع بين حاجة الشخص للمال وخطر تحويل جسد الإنسان إلى سلعة تُباع وتُشترى,ضغط العمل الشديد ونظام المواعيد الذي يخصص وقتاً قصيراً لكل مريض,مراقبة جداول عمل الأطباء وحساب متوسط الوقت المخصص لكل مريض ومقارنته بمستوى رضا المرضى,منع وسائل الإعلام من التحدث عن حالات موت الدماغ,تقليل عدد المرضى المسموح بهم لكل طبيب بشكل دائم,انتهاك المعايير الأخلاقية الطبية وحق المريض الأساسي في الموافقة المستنيرة,قلة خبرتهم الطبية في كيفية تنفيذ هذا الإجراء,سؤال المرضى عن رأيهم في الأطباء الرافضين,إجراء حوار شامل مع المريض، وإذا استمر التعارض، يتم تحويل رعاية المريض لطبيب آخر يقبل الإجراء,إطلاق حملات توعية وطنية شاملة في الإعلام والمدارس ودور العبادة,انتهاك صارخ لمبدأ العدالة والمساواة في تقديم الرعاية الصحية,كراهية عامة لفكرة المستشفيات والعمليات الجراحية,زيادة عدد المستشفيات التي تقدم الفحوصات وملاحظة الإقبال,رفض علاج المرضى الفقراء لتخفيف الضغط,تجاهل الموضوع طالما لم يصب أحد بأذى
2/24/2026 13:42:49,19 / 30,eman.badr.s@gmail.com,ضرورة وضع معايير أخلاقية ومنصفة لتحديد أولوية الحصول على الموارد,وجود معتقدات دينية أو ثقافية راسخة تمنع المساس بالجسد بعد الوفاة,سؤال الأطباء عن انطباعاتهم الشخصية حول المرضى,انتهاك مبدأ الموافقة المستنيرة وخداع المشاركين,إطلاق حملات توعية بالتعاون مع رجال الدين الموثوقين لتوضيح الموقف الديني الصحيح,انعدام العدالة في توزيع الموارد الصحية مما يمنع البعض من حقه في الرعاية,الخوف من الأعراض الجانبية غير المعروفة أو من كونهم 'فئران تجارب',قراءة المقالات الطبية المنشورة عن الدواء الجديد,انتشار الفقر الشديد بالتزامن مع ضعف الرقابة القانونية,تطبيق 'الموافقة المستنيرة' بصرامة، وشرح الفوائد والمخاطر بشفافية كاملة,نقص الأدوية المسكنة الفعالة في المستشفى,تعارض فكرة موت الدماغ مع معتقداتهم الدينية أو أملهم في حدوث معجزة,مراجعة قوائم الطعام وأسعار السلع الأساسية في الأسواق,قياس ضغط الدم ومعدل نبضات قلب أفراد العائلة,رفع الأسعار الرسمية لعمليات زراعة الأعضاء,الصراع بين حاجة الشخص للمال وخطر تحويل جسد الإنسان إلى سلعة تُباع وتُشترى,ضغط العمل الشديد ونظام المواعيد الذي يخصص وقتاً قصيراً لكل مريض,مراقبة جداول عمل الأطباء وحساب متوسط الوقت المخصص لكل مريض ومقارنته بمستوى رضا المرضى,إلغاء معيار موت الدماغ والعودة لمعيار توقف القلب فقط,عقد ورش عمل لتدريب الأطباء على مهارات التواصل الفعال وتخصيص وقت كافٍ للشرح,انتهاك المعايير الأخلاقية الطبية وحق المريض الأساسي في الموافقة المستنيرة,قلة خبرتهم الطبية في كيفية تنفيذ هذا الإجراء,إجراء استبيان مجهول الهوية يقدم سيناريوهات أخلاقية للأطباء ويسألهم عن قيمهم,إجراء حوار شامل مع المريض، وإذا استمر التعارض، يتم تحويل رعاية المريض لطبيب آخر يقبل الإجراء,إطلاق حملات توعية وطنية شاملة في الإعلام والمدارس ودور العبادة,قلة عدد الأطباء والممرضين مقارنة بعدد المرضى,نقص الوعي العام بأهمية التبرع وانتشار مفاهيم خاطئة حوله,زيادة عدد المستشفيات التي تقدم الفحوصات وملاحظة الإقبال,تطبيق نظام 'فرز طبي' واضح يعتمد فقط على الحاجة الطبية وخطورة الحالة,تجاهل الموضوع طالما لم يصب أحد بأذى
2/24/2026 14:12:46,18 / 30,kholoud.yehia.m@gmail.com,ضرورة وضع معايير أخلاقية ومنصفة لتحديد أولوية الحصول على الموارد,عدم معرفة الأغلبية بالطريقة الصحيحة للتسجيل في قوائم التبرع,سؤال الأطباء عن انطباعاتهم الشخصية حول المرضى,انتهاك مبدأ الموافقة المستنيرة وخداع المشاركين,إطلاق حملات توعية بالتعاون مع رجال الدين الموثوقين لتوضيح الموقف الديني الصحيح,انعدام العدالة في توزيع الموارد الصحية مما يمنع البعض من حقه في الرعاية,الخوف من الأعراض الجانبية غير المعروفة أو من كونهم 'فئران تجارب',إجراء فحوصات دم للمرضى لقياس مستوى القلق لديهم,نقص الوعي التعليمي العام بمخاطر هذه العمليات,تقديم مبالغ مالية ضخمة للمشاركين لجذبهم,التعارض بين احترام استقلالية المريضة وواجب الطبيب الأخلاقي في الحفاظ على الحياة,تعارض فكرة موت الدماغ مع معتقداتهم الدينية أو أملهم في حدوث معجزة,زيارة المناطق السياحية في هذه الدولة وملاحظة الزوار,إجراء مقابلات منظمة مع العائلات الرافضة ودراسة خلفياتهم الثقافية والدينية,تشديد العقوبات القانونية على السماسرة بالتزامن مع توفير برامج دعم اقتصادي للفقراء,الصراع بين حاجة الشخص للمال وخطر تحويل جسد الإنسان إلى سلعة تُباع وتُشترى,ضغط العمل الشديد ونظام المواعيد الذي يخصص وقتاً قصيراً لكل مريض,مراقبة جداول عمل الأطباء وحساب متوسط الوقت المخصص لكل مريض ومقارنته بمستوى رضا المرضى,إلغاء معيار موت الدماغ والعودة لمعيار توقف القلب فقط,عقد ورش عمل لتدريب الأطباء على مهارات التواصل الفعال وتخصيص وقت كافٍ للشرح,ارتفاع عدد العمليات الجراحية التي يجريها القسم,قلة خبرتهم الطبية في كيفية تنفيذ هذا الإجراء,إجراء استبيان مجهول الهوية يقدم سيناريوهات أخلاقية للأطباء ويسألهم عن قيمهم,إجراء حوار شامل مع المريض، وإذا استمر التعارض، يتم تحويل رعاية المريض لطبيب آخر يقبل الإجراء,إطلاق حملات توعية وطنية شاملة في الإعلام والمدارس ودور العبادة,قلة عدد الأطباء والممرضين مقارنة بعدد المرضى,نقص الوعي العام بأهمية التبرع وانتشار مفاهيم خاطئة حوله,زيادة عدد المستشفيات التي تقدم الفحوصات وملاحظة الإقبال,رفض علاج المرضى الفقراء لتخفيف الضغط,وضع سياسات صارمة وإنشاء 'لجنة أخلاقيات بحث' تراجع كل الأبحاث وتضمن موافقة واضحة
2/24/2026 14:17:46,15 / 30,buthaina.hamza8@gmail.com,ضرورة وضع معايير أخلاقية ومنصفة لتحديد أولوية الحصول على الموارد,الخوف العام من زيارة المستشفيات والتعامل مع الأطباء,سؤال الأطباء عن انطباعاتهم الشخصية حول المرضى,انتهاك مبدأ الموافقة المستنيرة وخداع المشاركين,إغلاق جميع مراكز زراعة الأعضاء لتجنب الجدل,انعدام العدالة في توزيع الموارد الصحية مما يمنع البعض من حقه في الرعاية,الخوف من الأعراض الجانبية غير المعروفة أو من كونهم 'فئران تجارب',إجراء مقابلات معمقة واستبيانات مجهولة الهوية مع المرضى الرافضين لسؤالهم عن أسباب رفضهم,انتشار الفقر الشديد بالتزامن مع ضعف الرقابة القانونية,إخفاء المخاطر المحتملة والتركيز على الفوائد فقط,التعارض بين احترام استقلالية المريضة وواجب الطبيب الأخلاقي في الحفاظ على الحياة,تعارض فكرة موت الدماغ مع معتقداتهم الدينية أو أملهم في حدوث معجزة,سؤال الأثرياء الذين قاموا بشراء الأعضاء عن دوافعهم,إجراء مقابلات منظمة مع العائلات الرافضة ودراسة خلفياتهم الثقافية والدينية,تشديد العقوبات القانونية على السماسرة بالتزامن مع توفير برامج دعم اقتصادي للفقراء,رفض أسرة المتبرع لهذا القرار خوفًا على صحته,ضغط العمل الشديد ونظام المواعيد الذي يخصص وقتاً قصيراً لكل مريض,زيادة عدد المستشفيات في المدينة لملاحظة الفرق,إجبار العائلات بالقانون على قبول التشخيص وفصل الأجهزة,تقليل عدد المرضى المسموح بهم لكل طبيب بشكل دائم,التنافس المهني بين الأطباء داخل القسم,قلة خبرتهم الطبية في كيفية تنفيذ هذا الإجراء,إجراء استبيان مجهول الهوية يقدم سيناريوهات أخلاقية للأطباء ويسألهم عن قيمهم,إجراء حوار شامل مع المريض، وإذا استمر التعارض، يتم تحويل رعاية المريض لطبيب آخر يقبل الإجراء,إطلاق حملات توعية وطنية شاملة في الإعلام والمدارس ودور العبادة,ارتفاع أعداد المرضى الوافدين إلى المستشفى يوميًا,ارتفاع المستوى الصحي العام في المجتمع وقلة الحاجة للزرع,زيادة عدد المستشفيات التي تقدم الفحوصات وملاحظة الإقبال,تطبيق نظام 'فرز طبي' واضح يعتمد فقط على الحاجة الطبية وخطورة الحالة,تجاهل الموضوع طالما لم يصب أحد بأذى
2/24/2026 15:47:58,23 / 30,mayar.hamdi.s@gmail.com,ضرورة وضع معايير أخلاقية ومنصفة لتحديد أولوية الحصول على الموارد,عدم معرفة الأغلبية بالطريقة الصحيحة للتسجيل في قوائم التبرع,سؤال الأطباء عن انطباعاتهم الشخصية حول المرضى,انتهاك مبدأ الموافقة المستنيرة وخداع المشاركين,إطلاق حملات توعية بالتعاون مع رجال الدين الموثوقين لتوضيح الموقف الديني الصحيح,انعدام العدالة في توزيع الموارد الصحية مما يمنع البعض من حقه في الرعاية,الخوف من الأعراض الجانبية غير المعروفة أو من كونهم 'فئران تجارب',إجراء فحوصات دم للمرضى لقياس مستوى القلق لديهم,انتشار الفقر الشديد بالتزامن مع ضعف الرقابة القانونية,تطبيق 'الموافقة المستنيرة' بصرامة، وشرح الفوائد والمخاطر بشفافية كاملة,التعارض بين احترام استقلالية المريضة وواجب الطبيب الأخلاقي في الحفاظ على الحياة,تعارض فكرة موت الدماغ مع معتقداتهم الدينية أو أملهم في حدوث معجزة,إجراء دراسة ميدانية لتحليل الوضع الاقتصادي والاجتماعي لضحايا بيع الأعضاء,مراجعة الميزانية السنوية لقسم العناية المركزة,تشديد العقوبات القانونية على السماسرة بالتزامن مع توفير برامج دعم اقتصادي للفقراء,الصراع بين حاجة الشخص للمال وخطر تحويل جسد الإنسان إلى سلعة تُباع وتُشترى,ضغط العمل الشديد ونظام المواعيد الذي يخصص وقتاً قصيراً لكل مريض,مراقبة جداول عمل الأطباء وحساب متوسط الوقت المخصص لكل مريض ومقارنته بمستوى رضا المرضى,منع وسائل الإعلام من التحدث عن حالات موت الدماغ,عقد ورش عمل لتدريب الأطباء على مهارات التواصل الفعال وتخصيص وقت كافٍ للشرح,انتهاك المعايير الأخلاقية الطبية وحق المريض الأساسي في الموافقة المستنيرة,قلة خبرتهم الطبية في كيفية تنفيذ هذا الإجراء,إجراء استبيان مجهول الهوية يقدم سيناريوهات أخلاقية للأطباء ويسألهم عن قيمهم,إجراء حوار شامل مع المريض، وإذا استمر التعارض، يتم تحويل رعاية المريض لطبيب آخر يقبل الإجراء,إطلاق حملات توعية وطنية شاملة في الإعلام والمدارس ودور العبادة,انتهاك صارخ لمبدأ العدالة والمساواة في تقديم الرعاية الصحية,نقص الوعي العام بأهمية التبرع وانتشار مفاهيم خاطئة حوله,إجراء استبيان يسأل الناس مباشرة عن ترتيب مخاوفهم كأسباب لعدم إجراء الفحص,تطبيق نظام 'فرز طبي' واضح يعتمد فقط على الحاجة الطبية وخطورة الحالة,الاكتفاء بالحصول على موافقة شفوية غير موثقة
2/24/2026 16:12:48,19 / 30,marwa.shawky.a@gmail.com,ضرورة وضع معايير أخلاقية ومنصفة لتحديد أولوية الحصول على الموارد,الاعتقاد بأن الأطباء لا يهتمون بالمرضى بشكل كافٍ,تحليل المحتوى الإعلامي حول التبرع بالأعضاء في الصحف,انتهاك مبدأ الموافقة المستنيرة وخداع المشاركين,إصدار قانون يجبر جميع المواطنين على التبرع بأعضائهم,انعدام العدالة في توزيع الموارد الصحية مما يمنع البعض من حقه في الرعاية,الخوف من الأعراض الجانبية غير المعروفة أو من كونهم 'فئران تجارب',إجراء فحوصات دم للمرضى لقياس مستوى القلق لديهم,انتشار الفقر الشديد بالتزامن مع ضعف الرقابة القانونية,تطبيق 'الموافقة المستنيرة' بصرامة، وشرح الفوائد والمخاطر بشفافية كاملة,التعارض بين احترام استقلالية المريضة وواجب الطبيب الأخلاقي في الحفاظ على الحياة,تعارض فكرة موت الدماغ مع معتقداتهم الدينية أو أملهم في حدوث معجزة,مراجعة قوائم الطعام وأسعار السلع الأساسية في الأسواق,سؤال طاقم الممرضين عن انطباعاتهم حول العائلات,تشديد العقوبات القانونية على السماسرة بالتزامن مع توفير برامج دعم اقتصادي للفقراء,الصراع بين حاجة الشخص للمال وخطر تحويل جسد الإنسان إلى سلعة تُباع وتُشترى,ضغط العمل الشديد ونظام المواعيد الذي يخصص وقتاً قصيراً لكل مريض,زيادة عدد المستشفيات في المدينة لملاحظة الفرق,إلغاء معيار موت الدماغ والعودة لمعيار توقف القلب فقط,عقد ورش عمل لتدريب الأطباء على مهارات التواصل الفعال وتخصيص وقت كافٍ للشرح,ارتفاع عدد العمليات الجراحية التي يجريها القسم,تعارض هذا الإجراء مع قَسَم أبقراط ومعتقداتهم الأخلاقية والدينية العميقة,إجراء استبيان مجهول الهوية يقدم سيناريوهات أخلاقية للأطباء ويسألهم عن قيمهم,إجراء حوار شامل مع المريض، وإذا استمر التعارض، يتم تحويل رعاية المريض لطبيب آخر يقبل الإجراء,إطلاق حملات توعية وطنية شاملة في الإعلام والمدارس ودور العبادة,ارتفاع أعداد المرضى الوافدين إلى المستشفى يوميًا,كثرة عدد الأطباء المتخصصين في زراعة الأعضاء,إجراء استبيان يسأل الناس مباشرة عن ترتيب مخاوفهم كأسباب لعدم إجراء الفحص,تطبيق نظام 'فرز طبي' واضح يعتمد فقط على الحاجة الطبية وخطورة الحالة,وضع سياسات صارمة وإنشاء 'لجنة أخلاقيات بحث' تراجع كل الأبحاث وتضمن موافقة واضحة
2/24/2026 17:47:50,19 / 30,lamiaa.fathy8@gmail.com,ضرورة وضع معايير أخلاقية ومنصفة لتحديد أولوية الحصول على الموارد,وجود معتقدات دينية أو ثقافية راسخة تمنع المساس بالجسد بعد الوفاة,إجراء دراسة مسحية تقارن معدلات الموافقة لدى مجموعات بخلفيات دينية مختلفة,انتهاك مبدأ الموافقة المستنيرة وخداع المشاركين,منع وسائل الإعلام من مناقشة هذا الموضوع,انعدام العدالة في توزيع الموارد الصحية مما يمنع البعض من حقه في الرعاية,الخوف من الأعراض الجانبية غير المعروفة أو من كونهم 'فئران تجارب',إجراء فحوصات دم للمرضى لقياس مستوى القلق لديهم,رغبة بعض الأشخاص في خوض المغامرات الخطرة,تقديم مبالغ مالية ضخمة للمشاركين لجذبهم,التعارض بين احترام استقلالية المريضة وواجب الطبيب الأخلاقي في الحفاظ على الحياة,تعارض فكرة موت الدماغ مع معتقداتهم الدينية أو أملهم في حدوث معجزة,مراجعة قوائم الطعام وأسعار السلع الأساسية في الأسواق,إجراء مقابلات منظمة مع العائلات الرافضة ودراسة خلفياتهم الثقافية والدينية,تشديد العقوبات القانونية على السماسرة بالتزامن مع توفير برامج دعم اقتصادي للفقراء,رفض أسرة المتبرع لهذا القرار خوفًا على صحته,ضغط العمل الشديد ونظام المواعيد الذي يخصص وقتاً قصيراً لكل مريض,مراقبة جداول عمل الأطباء وحساب متوسط الوقت المخصص لكل مريض ومقارنته بمستوى رضا المرضى,إطلاق حملات توعية عامة وشرح المعايير الطبية بدقة مع تقديم دعم نفسي للعائلات,رفع أجور الأطباء فقط دون تغيير نظام العمل,ارتفاع عدد العمليات الجراحية التي يجريها القسم,تعارض هذا الإجراء مع قَسَم أبقراط ومعتقداتهم الأخلاقية والدينية العميقة,إجراء استبيان مجهول الهوية يقدم سيناريوهات أخلاقية للأطباء ويسألهم عن قيمهم,إجراء حوار شامل مع المريض، وإذا استمر التعارض، يتم تحويل رعاية المريض لطبيب آخر يقبل الإجراء,إطلاق حملات توعية وطنية شاملة في الإعلام والمدارس ودور العبادة,ارتفاع أعداد المرضى الوافدين إلى المستشفى يوميًا,نقص الوعي العام بأهمية التبرع وانتشار مفاهيم خاطئة حوله,زيادة عدد المستشفيات التي تقدم الفحوصات وملاحظة الإقبال,رفض علاج المرضى الفقراء لتخفيف الضغط,وضع سياسات صارمة وإنشاء 'لجنة أخلاقيات بحث' تراجع كل الأبحاث وتضمن موافقة واضحة
2/24/2026 17:53:09,20 / 30,amira.yasser12@gmail.com,ضرورة وضع معايير أخلاقية ومنصفة لتحديد أولوية الحصول على الموارد,وجود معتقدات دينية أو ثقافية راسخة تمنع المساس بالجسد بعد الوفاة,سؤال الأطباء عن انطباعاتهم الشخصية حول المرضى,انتهاك مبدأ الموافقة المستنيرة وخداع المشاركين,منع وسائل الإعلام من مناقشة هذا الموضوع,انعدام العدالة في توزيع الموارد الصحية مما يمنع البعض من حقه في الرعاية,الخوف من الأعراض الجانبية غير المعروفة أو من كونهم 'فئران تجارب',قراءة المقالات الطبية المنشورة عن الدواء الجديد,انتشار الفقر الشديد بالتزامن مع ضعف الرقابة القانونية,تطبيق 'الموافقة المستنيرة' بصرامة، وشرح الفوائد والمخاطر بشفافية كاملة,التعارض بين احترام استقلالية المريضة وواجب الطبيب الأخلاقي في الحفاظ على الحياة,تعارض فكرة موت الدماغ مع معتقداتهم الدينية أو أملهم في حدوث معجزة,مراجعة قوائم الطعام وأسعار السلع الأساسية في الأسواق,إجراء مقابلات منظمة مع العائلات الرافضة ودراسة خلفياتهم الثقافية والدينية,تشديد العقوبات القانونية على السماسرة بالتزامن مع توفير برامج دعم اقتصادي للفقراء,نقص الأطباء المتخصصين في جراحات زراعة الأعضاء,ارتفاع أعداد المرضى بشكل يفوق قدرة الأطباء,مراقبة جداول عمل الأطباء وحساب متوسط الوقت المخصص لكل مريض ومقارنته بمستوى رضا المرضى,إطلاق حملات توعية عامة وشرح المعايير الطبية بدقة مع تقديم دعم نفسي للعائلات,عقد ورش عمل لتدريب الأطباء على مهارات التواصل الفعال وتخصيص وقت كافٍ للشرح,ارتفاع عدد العمليات الجراحية التي يجريها القسم,قلة خبرتهم الطبية في كيفية تنفيذ هذا الإجراء,إجراء استبيان مجهول الهوية يقدم سيناريوهات أخلاقية للأطباء ويسألهم عن قيمهم,إجراء حوار شامل مع المريض، وإذا استمر التعارض، يتم تحويل رعاية المريض لطبيب آخر يقبل الإجراء,إطلاق حملات توعية وطنية شاملة في الإعلام والمدارس ودور العبادة,نقص الأسِرَّة المتاحة في المستشفى لاستقبال المرضى,كراهية عامة لفكرة المستشفيات والعمليات الجراحية,إجراء استبيان يسأل الناس مباشرة عن ترتيب مخاوفهم كأسباب لعدم إجراء الفحص,تطبيق نظام 'فرز طبي' واضح يعتمد فقط على الحاجة الطبية وخطورة الحالة,وضع سياسات صارمة وإنشاء 'لجنة أخلاقيات بحث' تراجع كل الأبحاث وتضمن موافقة واضحة
2/24/2026 18:22:44,11 / 30,roqaya.hosny.s@gmail.com,عدم وجود عدد كافٍ من الأطباء في قسم الطوارئ,عدم معرفة الأغلبية بالطريقة الصحيحة للتسجيل في قوائم التبرع,سؤال الأطباء عن انطباعاتهم الشخصية حول المرضى,انتهاك مبدأ الموافقة المستنيرة وخداع المشاركين,إصدار قانون يجبر جميع المواطنين على التبرع بأعضائهم,انعدام العدالة في توزيع الموارد الصحية مما يمنع البعض من حقه في الرعاية,الخوف من الأعراض الجانبية غير المعروفة أو من كونهم 'فئران تجارب',إجراء مقابلات معمقة واستبيانات مجهولة الهوية مع المرضى الرافضين لسؤالهم عن أسباب رفضهم,زيادة عدد المستشفيات الخاصة التي تجري عمليات الزرع,تقديم مبالغ مالية ضخمة للمشاركين لجذبهم,التعارض بين احترام استقلالية المريضة وواجب الطبيب الأخلاقي في الحفاظ على الحياة,تعارض فكرة موت الدماغ مع معتقداتهم الدينية أو أملهم في حدوث معجزة,إجراء دراسة ميدانية لتحليل الوضع الاقتصادي والاجتماعي لضحايا بيع الأعضاء,قياس ضغط الدم ومعدل نبضات قلب أفراد العائلة,تشديد العقوبات القانونية على السماسرة بالتزامن مع توفير برامج دعم اقتصادي للفقراء,رفض أسرة المتبرع لهذا القرار خوفًا على صحته,ارتفاع أعداد المرضى بشكل يفوق قدرة الأطباء,رفع أسعار الكشف الطبي في العيادات الخارجية,إلغاء معيار موت الدماغ والعودة لمعيار توقف القلب فقط,تقليل عدد المرضى المسموح بهم لكل طبيب بشكل دائم,انتهاك المعايير الأخلاقية الطبية وحق المريض الأساسي في الموافقة المستنيرة,قلة خبرتهم الطبية في كيفية تنفيذ هذا الإجراء,سؤال المرضى عن رأيهم في الأطباء الرافضين,تنفيذ رغبة المريض فورًا دون أي نقاش إضافي,إطلاق حملات توعية وطنية شاملة في الإعلام والمدارس ودور العبادة,ارتفاع أعداد المرضى الوافدين إلى المستشفى يوميًا,كراهية عامة لفكرة المستشفيات والعمليات الجراحية,مقارنة عدد الفحوصات التي تتم للأمراض البسيطة مقابل الخطيرة,تطبيق نظام 'فرز طبي' واضح يعتمد فقط على الحاجة الطبية وخطورة الحالة,السماح بإجراء التجارب دون موافقة لتسريع وتيرة العلم
2/24/2026 18:33:00,20 / 30,naglaa.samy27@gmail.com,ضرورة وضع معايير أخلاقية ومنصفة لتحديد أولوية الحصول على الموارد,وجود معتقدات دينية أو ثقافية راسخة تمنع المساس بالجسد بعد الوفاة,مراجعة قوانين التبرع بالأعضاء في الدول المجاورة,انتهاك مبدأ الموافقة المستنيرة وخداع المشاركين,إطلاق حملات توعية بالتعاون مع رجال الدين الموثوقين لتوضيح الموقف الديني الصحيح,انعدام العدالة في توزيع الموارد الصحية مما يمنع البعض من حقه في الرعاية,الخوف من الأعراض الجانبية غير المعروفة أو من كونهم 'فئران تجارب',إجراء مقابلات معمقة واستبيانات مجهولة الهوية مع المرضى الرافضين لسؤالهم عن أسباب رفضهم,انتشار الفقر الشديد بالتزامن مع ضعف الرقابة القانونية,إجبار المرضى الذين ليس لديهم خيار آخر على المشاركة,التعارض بين احترام استقلالية المريضة وواجب الطبيب الأخلاقي في الحفاظ على الحياة,تعارض فكرة موت الدماغ مع معتقداتهم الدينية أو أملهم في حدوث معجزة,زيارة المناطق السياحية في هذه الدولة وملاحظة الزوار,قياس ضغط الدم ومعدل نبضات قلب أفراد العائلة,تشديد العقوبات القانونية على السماسرة بالتزامن مع توفير برامج دعم اقتصادي للفقراء,الصراع بين حاجة الشخص للمال وخطر تحويل جسد الإنسان إلى سلعة تُباع وتُشترى,ضغط العمل الشديد ونظام المواعيد الذي يخصص وقتاً قصيراً لكل مريض,تقليل عدد المرضى المسموح به لكل طبيب بشكل مؤقت,إجبار العائلات بالقانون على قبول التشخيص وفصل الأجهزة,عقد ورش عمل لتدريب الأطباء على مهارات التواصل الفعال وتخصيص وقت كافٍ للشرح,ارتفاع عدد العمليات الجراحية التي يجريها القسم,الخوف من المسؤولية القانونية رغم أن الإجراء قانوني,إجراء استبيان مجهول الهوية يقدم سيناريوهات أخلاقية للأطباء ويسألهم عن قيمهم,إجراء حوار شامل مع المريض، وإذا استمر التعارض، يتم تحويل رعاية المريض لطبيب آخر يقبل الإجراء,إطلاق حملات توعية وطنية شاملة في الإعلام والمدارس ودور العبادة,قلة عدد الأطباء والممرضين مقارنة بعدد المرضى,نقص الوعي العام بأهمية التبرع وانتشار مفاهيم خاطئة حوله,زيادة عدد المستشفيات التي تقدم الفحوصات وملاحظة الإقبال,تطبيق نظام 'فرز طبي' واضح يعتمد فقط على الحاجة الطبية وخطورة الحالة,وضع سياسات صارمة وإنشاء 'لجنة أخلاقيات بحث' تراجع كل الأبحاث وتضمن موافقة واضحة
2/24/2026 18:37:46,19 / 30,asmaa.hafez.n@gmail.com,ضرورة وضع معايير أخلاقية ومنصفة لتحديد أولوية الحصول على الموارد,الاعتقاد بأن الأطباء لا يهتمون بالمرضى بشكل كافٍ,تحليل المحتوى الإعلامي حول التبرع بالأعضاء في الصحف,انتهاك مبدأ الموافقة المستنيرة وخداع المشاركين,إصدار قانون يجبر جميع المواطنين على التبرع بأعضائهم,انعدام العدالة في توزيع الموارد الصحية مما يمنع البعض من حقه في الرعاية,الخوف من الأعراض الجانبية غير المعروفة أو من كونهم 'فئران تجارب',سؤال الصيادلة في المستشفى عن رأيهم في التجارب,انتشار الفقر الشديد بالتزامن مع ضعف الرقابة القانونية,تقديم مبالغ مالية ضخمة للمشاركين لجذبهم,التعارض بين احترام استقلالية المريضة وواجب الطبيب الأخلاقي في الحفاظ على الحياة,تعارض فكرة موت الدماغ مع معتقداتهم الدينية أو أملهم في حدوث معجزة,مراجعة قوائم الطعام وأسعار السلع الأساسية في الأسواق,قياس ضغط الدم ومعدل نبضات قلب أفراد العائلة,تشديد العقوبات القانونية على السماسرة بالتزامن مع توفير برامج دعم اقتصادي للفقراء,الصراع بين حاجة الشخص للمال وخطر تحويل جسد الإنسان إلى سلعة تُباع وتُشترى,ضغط العمل الشديد ونظام المواعيد الذي يخصص وقتاً قصيراً لكل مريض,مراقبة جداول عمل الأطباء وحساب متوسط الوقت المخصص لكل مريض ومقارنته بمستوى رضا المرضى,إطلاق حملات توعية عامة وشرح المعايير الطبية بدقة مع تقديم دعم نفسي للعائلات,عقد ورش عمل لتدريب الأطباء على مهارات التواصل الفعال وتخصيص وقت كافٍ للشرح,انتهاك المعايير الأخلاقية الطبية وحق المريض الأساسي في الموافقة المستنيرة,تعارض هذا الإجراء مع قَسَم أبقراط ومعتقداتهم الأخلاقية والدينية العميقة,إجراء استبيان مجهول الهوية يقدم سيناريوهات أخلاقية للأطباء ويسألهم عن قيمهم,أن يتجاهل الطبيب رغبة المريض تمامًا ويستمر في العلاج,إطلاق حملات توعية وطنية شاملة في الإعلام والمدارس ودور العبادة,ارتفاع أعداد المرضى الوافدين إلى المستشفى يوميًا,كراهية عامة لفكرة المستشفيات والعمليات الجراحية,مقارنة عدد الفحوصات التي تتم للأمراض البسيطة مقابل الخطيرة,تطبيق نظام 'فرز طبي' واضح يعتمد فقط على الحاجة الطبية وخطورة الحالة,وضع سياسات صارمة وإنشاء 'لجنة أخلاقيات بحث' تراجع كل الأبحاث وتضمن موافقة واضحة
2/24/2026 19:07:44,23 / 30,neveen.bahaa10@gmail.com,ضرورة وضع معايير أخلاقية ومنصفة لتحديد أولوية الحصول على الموارد,الخوف العام من زيارة المستشفيات والتعامل مع الأطباء,سؤال الأطباء عن انطباعاتهم الشخصية حول المرضى,انتهاك مبدأ الموافقة المستنيرة وخداع المشاركين,إطلاق حملات توعية بالتعاون مع رجال الدين الموثوقين لتوضيح الموقف الديني الصحيح,انعدام العدالة في توزيع الموارد الصحية مما يمنع البعض من حقه في الرعاية,الخوف من الأعراض الجانبية غير المعروفة أو من كونهم 'فئران تجارب',إجراء مقابلات معمقة واستبيانات مجهولة الهوية مع المرضى الرافضين لسؤالهم عن أسباب رفضهم,نقص الوعي التعليمي العام بمخاطر هذه العمليات,تطبيق 'الموافقة المستنيرة' بصرامة، وشرح الفوائد والمخاطر بشفافية كاملة,التعارض بين احترام استقلالية المريضة وواجب الطبيب الأخلاقي في الحفاظ على الحياة,تعارض فكرة موت الدماغ مع معتقداتهم الدينية أو أملهم في حدوث معجزة,إجراء دراسة ميدانية لتحليل الوضع الاقتصادي والاجتماعي لضحايا بيع الأعضاء,قياس ضغط الدم ومعدل نبضات قلب أفراد العائلة,تشديد العقوبات القانونية على السماسرة بالتزامن مع توفير برامج دعم اقتصادي للفقراء,رفض أسرة المتبرع لهذا القرار خوفًا على صحته,ضغط العمل الشديد ونظام المواعيد الذي يخصص وقتاً قصيراً لكل مريض,زيادة عدد المستشفيات في المدينة لملاحظة الفرق,إطلاق حملات توعية عامة وشرح المعايير الطبية بدقة مع تقديم دعم نفسي للعائلات,عقد ورش عمل لتدريب الأطباء على مهارات التواصل الفعال وتخصيص وقت كافٍ للشرح,انتهاك المعايير الأخلاقية الطبية وحق المريض الأساسي في الموافقة المستنيرة,قلة خبرتهم الطبية في كيفية تنفيذ هذا الإجراء,إجراء استبيان مجهول الهوية يقدم سيناريوهات أخلاقية للأطباء ويسألهم عن قيمهم,إجراء حوار شامل مع المريض، وإذا استمر التعارض، يتم تحويل رعاية المريض لطبيب آخر يقبل الإجراء,إطلاق حملات توعية وطنية شاملة في الإعلام والمدارس ودور العبادة,انتهاك صارخ لمبدأ العدالة والمساواة في تقديم الرعاية الصحية,نقص الوعي العام بأهمية التبرع وانتشار مفاهيم خاطئة حوله,إجراء استبيان يسأل الناس مباشرة عن ترتيب مخاوفهم كأسباب لعدم إجراء الفحص,تطبيق نظام 'فرز طبي' واضح يعتمد فقط على الحاجة الطبية وخطورة الحالة,وضع سياسات صارمة وإنشاء 'لجنة أخلاقيات بحث' تراجع كل الأبحاث وتضمن موافقة واضحة
2/24/2026 19:12:49,25 / 30,rania.farid.z@gmail.com,ضرورة وضع معايير أخلاقية ومنصفة لتحديد أولوية الحصول على الموارد,وجود معتقدات دينية أو ثقافية راسخة تمنع المساس بالجسد بعد الوفاة,تحليل المحتوى الإعلامي حول التبرع بالأعضاء في الصحف,انتهاك مبدأ الموافقة المستنيرة وخداع المشاركين,إصدار قانون يجبر جميع المواطنين على التبرع بأعضائهم,انعدام العدالة في توزيع الموارد الصحية مما يمنع البعض من حقه في الرعاية,الخوف من الأعراض الجانبية غير المعروفة أو من كونهم 'فئران تجارب',إجراء مقابلات معمقة واستبيانات مجهولة الهوية مع المرضى الرافضين لسؤالهم عن أسباب رفضهم,انتشار الفقر الشديد بالتزامن مع ضعف الرقابة القانونية,تطبيق 'الموافقة المستنيرة' بصرامة، وشرح الفوائد والمخاطر بشفافية كاملة,التعارض بين احترام استقلالية المريضة وواجب الطبيب الأخلاقي في الحفاظ على الحياة,تعارض فكرة موت الدماغ مع معتقداتهم الدينية أو أملهم في حدوث معجزة,مراجعة قوائم الطعام وأسعار السلع الأساسية في الأسواق,إجراء مقابلات منظمة مع العائلات الرافضة ودراسة خلفياتهم الثقافية والدينية,تشديد العقوبات القانونية على السماسرة بالتزامن مع توفير برامج دعم اقتصادي للفقراء,الصراع بين حاجة الشخص للمال وخطر تحويل جسد الإنسان إلى سلعة تُباع وتُشترى,ضغط العمل الشديد ونظام المواعيد الذي يخصص وقتاً قصيراً لكل مريض,مراقبة جداول عمل الأطباء وحساب متوسط الوقت المخصص لكل مريض ومقارنته بمستوى رضا المرضى,إطلاق حملات توعية عامة وشرح المعايير الطبية بدقة مع تقديم دعم نفسي للعائلات,عقد ورش عمل لتدريب الأطباء على مهارات التواصل الفعال وتخصيص وقت كافٍ للشرح,انتهاك المعايير الأخلاقية الطبية وحق المريض الأساسي في الموافقة المستنيرة,تعارض هذا الإجراء مع قَسَم أبقراط ومعتقداتهم الأخلاقية والدينية العميقة,إجراء استبيان مجهول الهوية يقدم سيناريوهات أخلاقية للأطباء ويسألهم عن قيمهم,إجراء حوار شامل مع المريض، وإذا استمر التعارض، يتم تحويل رعاية المريض لطبيب آخر يقبل الإجراء,إطلاق حملات توعية وطنية شاملة في الإعلام والمدارس ودور العبادة,انتهاك صارخ لمبدأ العدالة والمساواة في تقديم الرعاية الصحية,ارتفاع المستوى الصحي العام في المجتمع وقلة الحاجة للزرع,تحليل المقالات الصحفية التي تتحدث عن خطورة الأمراض,تطبيق نظام 'فرز طبي' واضح يعتمد فقط على الحاجة الطبية وخطورة الحالة,وضع سياسات صارمة وإنشاء 'لجنة أخلاقيات بحث' تراجع كل الأبحاث وتضمن موافقة واضحة
2/24/2026 19:47:49,14 / 30,yasmin.wael37@gmail.com,ضرورة وضع معايير أخلاقية ومنصفة لتحديد أولوية الحصول على الموارد,الاعتقاد بأن الأطباء لا يهتمون بالمرضى بشكل كافٍ,سؤال الأطباء عن انطباعاتهم الشخصية حول المرضى,انتهاك مبدأ الموافقة المستنيرة وخداع المشاركين,إغلاق جميع مراكز زراعة الأعضاء لتجنب الجدل,انعدام العدالة في توزيع الموارد الصحية مما يمنع البعض من حقه في الرعاية,الخوف من الأعراض الجانبية غير المعروفة أو من كونهم 'فئران تجارب',إجراء فحوصات دم للمرضى لقياس مستوى القلق لديهم,انتشار الفقر الشديد بالتزامن مع ضعف الرقابة القانونية,تقديم مبالغ مالية ضخمة للمشاركين لجذبهم,التكلفة المالية العالية للأدوية المسكنة,تعارض فكرة موت الدماغ مع معتقداتهم الدينية أو أملهم في حدوث معجزة,إجراء دراسة ميدانية لتحليل الوضع الاقتصادي والاجتماعي لضحايا بيع الأعضاء,قياس ضغط الدم ومعدل نبضات قلب أفراد العائلة,تشديد العقوبات القانونية على السماسرة بالتزامن مع توفير برامج دعم اقتصادي للفقراء,الصراع بين حاجة الشخص للمال وخطر تحويل جسد الإنسان إلى سلعة تُباع وتُشترى,اعتقاد الأطباء أن المرضى يرفضون الاستماع للنصائح,تقليل عدد المرضى المسموح به لكل طبيب بشكل مؤقت,إلغاء معيار موت الدماغ والعودة لمعيار توقف القلب فقط,رفع أجور الأطباء فقط دون تغيير نظام العمل,ارتفاع عدد العمليات الجراحية التي يجريها القسم,تعارض هذا الإجراء مع قَسَم أبقراط ومعتقداتهم الأخلاقية والدينية العميقة,إجراء استبيان مجهول الهوية يقدم سيناريوهات أخلاقية للأطباء ويسألهم عن قيمهم,إجراء حوار شامل مع المريض، وإذا استمر التعارض، يتم تحويل رعاية المريض لطبيب آخر يقبل الإجراء,إطلاق حملات توعية وطنية شاملة في الإعلام والمدارس ودور العبادة,ارتفاع أعداد المرضى الوافدين إلى المستشفى يوميًا,ارتفاع المستوى الصحي العام في المجتمع وقلة الحاجة للزرع,زيادة عدد المستشفيات التي تقدم الفحوصات وملاحظة الإقبال,تطبيق نظام 'فرز طبي' واضح يعتمد فقط على الحاجة الطبية وخطورة الحالة,تجاهل الموضوع طالما لم يصب أحد بأذى
3/11/2026 9:23:48,21 / 30,kawthar.galal35@gmail.com,ضرورة وضع معايير أخلاقية ومنصفة لتحديد أولوية الحصول على الموارد,عدم معرفة الأغلبية بالطريقة الصحيحة للتسجيل في قوائم التبرع,إجراء دراسة مسحية تقارن معدلات الموافقة لدى مجموعات بخلفيات دينية مختلفة,انتهاك مبدأ الموافقة المستنيرة وخداع المشاركين,إغلاق جميع مراكز زراعة الأعضاء لتجنب الجدل,انعدام العدالة في توزيع الموارد الصحية مما يمنع البعض من حقه في الرعاية,الخوف من الأعراض الجانبية غير المعروفة أو من كونهم 'فئران تجارب',إجراء فحوصات دم للمرضى لقياس مستوى القلق لديهم,انتشار الفقر الشديد بالتزامن مع ضعف الرقابة القانونية,إجبار المرضى الذين ليس لديهم خيار آخر على المشاركة,اعتراض أسرة المريضة على قرارها بسبب تعلقهم بها,تعارض فكرة موت الدماغ مع معتقداتهم الدينية أو أملهم في حدوث معجزة,مراجعة قوائم الطعام وأسعار السلع الأساسية في الأسواق,إجراء مقابلات منظمة مع العائلات الرافضة ودراسة خلفياتهم الثقافية والدينية,تشديد العقوبات القانونية على السماسرة بالتزامن مع توفير برامج دعم اقتصادي للفقراء,الصراع بين حاجة الشخص للمال وخطر تحويل جسد الإنسان إلى سلعة تُباع وتُشترى,ضغط العمل الشديد ونظام المواعيد الذي يخصص وقتاً قصيراً لكل مريض,زيادة عدد المستشفيات في المدينة لملاحظة الفرق,إطلاق حملات توعية عامة وشرح المعايير الطبية بدقة مع تقديم دعم نفسي للعائلات,عقد ورش عمل لتدريب الأطباء على مهارات التواصل الفعال وتخصيص وقت كافٍ للشرح,انتهاك المعايير الأخلاقية الطبية وحق المريض الأساسي في الموافقة المستنيرة,تعارض هذا الإجراء مع قَسَم أبقراط ومعتقداتهم الأخلاقية والدينية العميقة,إجراء استبيان مجهول الهوية يقدم سيناريوهات أخلاقية للأطباء ويسألهم عن قيمهم,إجراء حوار شامل مع المريض، وإذا استمر التعارض، يتم تحويل رعاية المريض لطبيب آخر يقبل الإجراء,إطلاق حملات توعية وطنية شاملة في الإعلام والمدارس ودور العبادة,انتهاك صارخ لمبدأ العدالة والمساواة في تقديم الرعاية الصحية,كثرة عدد الأطباء المتخصصين في زراعة الأعضاء,زيادة عدد المستشفيات التي تقدم الفحوصات وملاحظة الإقبال,تطبيق نظام 'فرز طبي' واضح يعتمد فقط على الحاجة الطبية وخطورة الحالة,وضع سياسات صارمة وإنشاء 'لجنة أخلاقيات بحث' تراجع كل الأبحاث وتضمن موافقة واضحة
3/11/2026 9:23:58,15 / 30,rawan.kamal18@gmail.com,نقص التمويل الحكومي المخصص للمستشفيات,عدم معرفة الأغلبية بالطريقة الصحيحة للتسجيل في قوائم التبرع,سؤال الأطباء عن انطباعاتهم الشخصية حول المرضى,انتهاك مبدأ الموافقة المستنيرة وخداع المشاركين,إصدار قانون يجبر جميع المواطنين على التبرع بأعضائهم,انعدام العدالة في توزيع الموارد الصحية مما يمنع البعض من حقه في الرعاية,الخوف من الأعراض الجانبية غير المعروفة أو من كونهم 'فئران تجارب',إجراء مقابلات معمقة واستبيانات مجهولة الهوية مع المرضى الرافضين لسؤالهم عن أسباب رفضهم,نقص الوعي التعليمي العام بمخاطر هذه العمليات,إجبار المرضى الذين ليس لديهم خيار آخر على المشاركة,التعارض بين احترام استقلالية المريضة وواجب الطبيب الأخلاقي في الحفاظ على الحياة,تعارض فكرة موت الدماغ مع معتقداتهم الدينية أو أملهم في حدوث معجزة,سؤال الأثرياء الذين قاموا بشراء الأعضاء عن دوافعهم,قياس ضغط الدم ومعدل نبضات قلب أفراد العائلة,تشديد العقوبات القانونية على السماسرة بالتزامن مع توفير برامج دعم اقتصادي للفقراء,الصراع بين حاجة الشخص للمال وخطر تحويل جسد الإنسان إلى سلعة تُباع وتُشترى,ضغط العمل الشديد ونظام المواعيد الذي يخصص وقتاً قصيراً لكل مريض,زيادة عدد المستشفيات في المدينة لملاحظة الفرق,إلغاء معيار موت الدماغ والعودة لمعيار توقف القلب فقط,عقد ورش عمل لتدريب الأطباء على مهارات التواصل الفعال وتخصيص وقت كافٍ للشرح,انتهاك المعايير الأخلاقية الطبية وحق المريض الأساسي في الموافقة المستنيرة,الخوف من المسؤولية القانونية رغم أن الإجراء قانوني,إجراء استبيان مجهول الهوية يقدم سيناريوهات أخلاقية للأطباء ويسألهم عن قيمهم,أن يتجاهل الطبيب رغبة المريض تمامًا ويستمر في العلاج,إطلاق حملات توعية وطنية شاملة في الإعلام والمدارس ودور العبادة,انتهاك صارخ لمبدأ العدالة والمساواة في تقديم الرعاية الصحية,ارتفاع المستوى الصحي العام في المجتمع وقلة الحاجة للزرع,زيادة عدد المستشفيات التي تقدم الفحوصات وملاحظة الإقبال,تطبيق نظام 'فرز طبي' واضح يعتمد فقط على الحاجة الطبية وخطورة الحالة,تجاهل الموضوع طالما لم يصب أحد بأذى
3/11/2026 10:53:47,19 / 30,arwa.medhat.a@gmail.com,ضرورة وضع معايير أخلاقية ومنصفة لتحديد أولوية الحصول على الموارد,وجود معتقدات دينية أو ثقافية راسخة تمنع المساس بالجسد بعد الوفاة,سؤال الأطباء عن انطباعاتهم الشخصية حول المرضى,انتهاك مبدأ الموافقة المستنيرة وخداع المشاركين,إطلاق حملات توعية بالتعاون مع رجال الدين الموثوقين لتوضيح الموقف الديني الصحيح,انعدام العدالة في توزيع الموارد الصحية مما يمنع البعض من حقه في الرعاية,الخوف من الأعراض الجانبية غير المعروفة أو من كونهم 'فئران تجارب',سؤال الصيادلة في المستشفى عن رأيهم في التجارب,انتشار الفقر الشديد بالتزامن مع ضعف الرقابة القانونية,إخفاء المخاطر المحتملة والتركيز على الفوائد فقط,التعارض بين احترام استقلالية المريضة وواجب الطبيب الأخلاقي في الحفاظ على الحياة,تعارض فكرة موت الدماغ مع معتقداتهم الدينية أو أملهم في حدوث معجزة,مراجعة قوائم الطعام وأسعار السلع الأساسية في الأسواق,إجراء مقابلات منظمة مع العائلات الرافضة ودراسة خلفياتهم الثقافية والدينية,تشديد العقوبات القانونية على السماسرة بالتزامن مع توفير برامج دعم اقتصادي للفقراء,رفض أسرة المتبرع لهذا القرار خوفًا على صحته,ضغط العمل الشديد ونظام المواعيد الذي يخصص وقتاً قصيراً لكل مريض,زيادة عدد المستشفيات في المدينة لملاحظة الفرق,إلغاء معيار موت الدماغ والعودة لمعيار توقف القلب فقط,رفع أجور الأطباء فقط دون تغيير نظام العمل,ارتفاع عدد العمليات الجراحية التي يجريها القسم,قلة خبرتهم الطبية في كيفية تنفيذ هذا الإجراء,إجراء استبيان مجهول الهوية يقدم سيناريوهات أخلاقية للأطباء ويسألهم عن قيمهم,إجراء حوار شامل مع المريض، وإذا استمر التعارض، يتم تحويل رعاية المريض لطبيب آخر يقبل الإجراء,إطلاق حملات توعية وطنية شاملة في الإعلام والمدارس ودور العبادة,انتهاك صارخ لمبدأ العدالة والمساواة في تقديم الرعاية الصحية,نقص الوعي العام بأهمية التبرع وانتشار مفاهيم خاطئة حوله,زيادة عدد المستشفيات التي تقدم الفحوصات وملاحظة الإقبال,تطبيق نظام 'فرز طبي' واضح يعتمد فقط على الحاجة الطبية وخطورة الحالة,وضع سياسات صارمة وإنشاء 'لجنة أخلاقيات بحث' تراجع كل الأبحاث وتضمن موافقة واضحة
3/11/2026 11:33:46,21 / 30,dalia.mounir66@gmail.com,ضرورة وضع معايير أخلاقية ومنصفة لتحديد أولوية الحصول على الموارد,وجود معتقدات دينية أو ثقافية راسخة تمنع المساس بالجسد بعد الوفاة,تحليل المحتوى الإعلامي حول التبرع بالأعضاء في الصحف,انتهاك مبدأ الموافقة المستنيرة وخداع المشاركين,إغلاق جميع مراكز زراعة الأعضاء لتجنب الجدل,انعدام العدالة في توزيع الموارد الصحية مما يمنع البعض من حقه في الرعاية,الخوف من الأعراض الجانبية غير المعروفة أو من كونهم 'فئران تجارب',إجراء مقابلات معمقة واستبيانات مجهولة الهوية مع المرضى الرافضين لسؤالهم عن أسباب رفضهم,انتشار الفقر الشديد بالتزامن مع ضعف الرقابة القانونية,تطبيق 'الموافقة المستنيرة' بصرامة، وشرح الفوائد والمخاطر بشفافية كاملة,التعارض بين احترام استقلالية المريضة وواجب الطبيب الأخلاقي في الحفاظ على الحياة,تعارض فكرة موت الدماغ مع معتقداتهم الدينية أو أملهم في حدوث معجزة,زيارة المناطق السياحية في هذه الدولة وملاحظة الزوار,قياس ضغط الدم ومعدل نبضات قلب أفراد العائلة,تشديد العقوبات القانونية على السماسرة بالتزامن مع توفير برامج دعم اقتصادي للفقراء,رفض أسرة المتبرع لهذا القرار خوفًا على صحته,ضغط العمل الشديد ونظام المواعيد الذي يخصص وقتاً قصيراً لكل مريض,مراقبة جداول عمل الأطباء وحساب متوسط الوقت المخصص لكل مريض ومقارنته بمستوى رضا المرضى,إطلاق حملات توعية عامة وشرح المعايير الطبية بدقة مع تقديم دعم نفسي للعائلات,عقد ورش عمل لتدريب الأطباء على مهارات التواصل الفعال وتخصيص وقت كافٍ للشرح,ارتفاع عدد العمليات الجراحية التي يجريها القسم,قلة خبرتهم الطبية في كيفية تنفيذ هذا الإجراء,إجراء استبيان مجهول الهوية يقدم سيناريوهات أخلاقية للأطباء ويسألهم عن قيمهم,إجراء حوار شامل مع المريض، وإذا استمر التعارض، يتم تحويل رعاية المريض لطبيب آخر يقبل الإجراء,إطلاق حملات توعية وطنية شاملة في الإعلام والمدارس ودور العبادة,ارتفاع أعداد المرضى الوافدين إلى المستشفى يوميًا,نقص الوعي العام بأهمية التبرع وانتشار مفاهيم خاطئة حوله,زيادة عدد المستشفيات التي تقدم الفحوصات وملاحظة الإقبال,تطبيق نظام 'فرز طبي' واضح يعتمد فقط على الحاجة الطبية وخطورة الحالة,وضع سياسات صارمة وإنشاء 'لجنة أخلاقيات بحث' تراجع كل الأبحاث وتضمن موافقة واضحة
3/11/2026 11:38:48,23 / 30,sondos.khairy.r@gmail.com,ضرورة وضع معايير أخلاقية ومنصفة لتحديد أولوية الحصول على الموارد,وجود معتقدات دينية أو ثقافية راسخة تمنع المساس بالجسد بعد الوفاة,إجراء دراسة مسحية تقارن معدلات الموافقة لدى مجموعات بخلفيات دينية مختلفة,انتهاك مبدأ الموافقة المستنيرة وخداع المشاركين,إصدار قانون يجبر جميع المواطنين على التبرع بأعضائهم,انعدام العدالة في توزيع الموارد الصحية مما يمنع البعض من حقه في الرعاية,الخوف من الأعراض الجانبية غير المعروفة أو من كونهم 'فئران تجارب',سؤال الصيادلة في المستشفى عن رأيهم في التجارب,انتشار الفقر الشديد بالتزامن مع ضعف الرقابة القانونية,تطبيق 'الموافقة المستنيرة' بصرامة، وشرح الفوائد والمخاطر بشفافية كاملة,التعارض بين احترام استقلالية المريضة وواجب الطبيب الأخلاقي في الحفاظ على الحياة,تعارض فكرة موت الدماغ مع معتقداتهم الدينية أو أملهم في حدوث معجزة,سؤال الأثرياء الذين قاموا بشراء الأعضاء عن دوافعهم,إجراء مقابلات منظمة مع العائلات الرافضة ودراسة خلفياتهم الثقافية والدينية,تشديد العقوبات القانونية على السماسرة بالتزامن مع توفير برامج دعم اقتصادي للفقراء,الصراع بين حاجة الشخص للمال وخطر تحويل جسد الإنسان إلى سلعة تُباع وتُشترى,ضغط العمل الشديد ونظام المواعيد الذي يخصص وقتاً قصيراً لكل مريض,مراقبة جداول عمل الأطباء وحساب متوسط الوقت المخصص لكل مريض ومقارنته بمستوى رضا المرضى,إطلاق حملات توعية عامة وشرح المعايير الطبية بدقة مع تقديم دعم نفسي للعائلات,تقليل عدد المرضى المسموح بهم لكل طبيب بشكل دائم,انتهاك المعايير الأخلاقية الطبية وحق المريض الأساسي في الموافقة المستنيرة,قلة خبرتهم الطبية في كيفية تنفيذ هذا الإجراء,إجراء استبيان مجهول الهوية يقدم سيناريوهات أخلاقية للأطباء ويسألهم عن قيمهم,إجراء حوار شامل مع المريض، وإذا استمر التعارض، يتم تحويل رعاية المريض لطبيب آخر يقبل الإجراء,إطلاق حملات توعية وطنية شاملة في الإعلام والمدارس ودور العبادة,انتهاك صارخ لمبدأ العدالة والمساواة في تقديم الرعاية الصحية,كراهية عامة لفكرة المستشفيات والعمليات الجراحية,زيادة عدد المستشفيات التي تقدم الفحوصات وملاحظة الإقبال,تطبيق نظام 'فرز طبي' واضح يعتمد فقط على الحاجة الطبية وخطورة الحالة,وضع سياسات صارمة وإنشاء 'لجنة أخلاقيات بحث' تراجع كل الأبحاث وتضمن موافقة واضحة
3/11/2026 12:03:46,21 / 30,omneya.raafat16@gmail.com,ضرورة وضع معايير أخلاقية ومنصفة لتحديد أولوية الحصول على الموارد,وجود معتقدات دينية أو ثقافية راسخة تمنع المساس بالجسد بعد الوفاة,سؤال الأطباء عن انطباعاتهم الشخصية حول المرضى,التكلفة المالية المرتفعة للبحث الجيني,إصدار قانون يجبر جميع المواطنين على التبرع بأعضائهم,انعدام العدالة في توزيع الموارد الصحية مما يمنع البعض من حقه في الرعاية,الخوف من الأعراض الجانبية غير المعروفة أو من كونهم 'فئران تجارب',إجراء مقابلات معمقة واستبيانات مجهولة الهوية مع المرضى الرافضين لسؤالهم عن أسباب رفضهم,انتشار الفقر الشديد بالتزامن مع ضعف الرقابة القانونية,تطبيق 'الموافقة المستنيرة' بصرامة، وشرح الفوائد والمخاطر بشفافية كاملة,التعارض بين احترام استقلالية المريضة وواجب الطبيب الأخلاقي في الحفاظ على الحياة,تعارض فكرة موت الدماغ مع معتقداتهم الدينية أو أملهم في حدوث معجزة,إجراء دراسة ميدانية لتحليل الوضع الاقتصادي والاجتماعي لضحايا بيع الأعضاء,مراجعة الميزانية السنوية لقسم العناية المركزة,تشديد العقوبات القانونية على السماسرة بالتزامن مع توفير برامج دعم اقتصادي للفقراء,الصراع بين حاجة الشخص للمال وخطر تحويل جسد الإنسان إلى سلعة تُباع وتُشترى,ضغط العمل الشديد ونظام المواعيد الذي يخصص وقتاً قصيراً لكل مريض,زيادة عدد المستشفيات في المدينة لملاحظة الفرق,إطلاق حملات توعية عامة وشرح المعايير الطبية بدقة مع تقديم دعم نفسي للعائلات,عقد ورش عمل لتدريب الأطباء على مهارات التواصل الفعال وتخصيص وقت كافٍ للشرح,ارتفاع عدد العمليات الجراحية التي يجريها القسم,الخوف من المسؤولية القانونية رغم أن الإجراء قانوني,إجراء استبيان مجهول الهوية يقدم سيناريوهات أخلاقية للأطباء ويسألهم عن قيمهم,إجراء حوار شامل مع المريض، وإذا استمر التعارض، يتم تحويل رعاية المريض لطبيب آخر يقبل الإجراء,إطلاق حملات توعية وطنية شاملة في الإعلام والمدارس ودور العبادة,قلة عدد الأطباء والممرضين مقارنة بعدد المرضى,نقص الوعي العام بأهمية التبرع وانتشار مفاهيم خاطئة حوله,زيادة عدد المستشفيات التي تقدم الفحوصات وملاحظة الإقبال,تطبيق نظام 'فرز طبي' واضح يعتمد فقط على الحاجة الطبية وخطورة الحالة,وضع سياسات صارمة وإنشاء 'لجنة أخلاقيات بحث' تراجع كل الأبحاث وتضمن موافقة واضحة
3/11/2026 12:13:50,22 / 30,nour.emad42@gmail.com,ضرورة وضع معايير أخلاقية ومنصفة لتحديد أولوية الحصول على الموارد,وجود معتقدات دينية أو ثقافية راسخة تمنع المساس بالجسد بعد الوفاة,تحليل المحتوى الإعلامي حول التبرع بالأعضاء في الصحف,انتهاك مبدأ الموافقة المستنيرة وخداع المشاركين,منع وسائل الإعلام من مناقشة هذا الموضوع,انعدام العدالة في توزيع الموارد الصحية مما يمنع البعض من حقه في الرعاية,الخوف من الأعراض الجانبية غير المعروفة أو من كونهم 'فئران تجارب',إجراء مقابلات معمقة واستبيانات مجهولة الهوية مع المرضى الرافضين لسؤالهم عن أسباب رفضهم,انتشار الفقر الشديد بالتزامن مع ضعف الرقابة القانونية,تطبيق 'الموافقة المستنيرة' بصرامة، وشرح الفوائد والمخاطر بشفافية كاملة,التعارض بين احترام استقلالية المريضة وواجب الطبيب الأخلاقي في الحفاظ على الحياة,تعارض فكرة موت الدماغ مع معتقداتهم الدينية أو أملهم في حدوث معجزة,مراجعة قوائم الطعام وأسعار السلع الأساسية في الأسواق,قياس ضغط الدم ومعدل نبضات قلب أفراد العائلة,تشديد العقوبات القانونية على السماسرة بالتزامن مع توفير برامج دعم اقتصادي للفقراء,نقص الأطباء المتخصصين في جراحات زراعة الأعضاء,ضغط العمل الشديد ونظام المواعيد الذي يخصص وقتاً قصيراً لكل مريض,زيادة عدد المستشفيات في المدينة لملاحظة الفرق,إطلاق حملات توعية عامة وشرح المعايير الطبية بدقة مع تقديم دعم نفسي للعائلات,عقد ورش عمل لتدريب الأطباء على مهارات التواصل الفعال وتخصيص وقت كافٍ للشرح,انتهاك المعايير الأخلاقية الطبية وحق المريض الأساسي في الموافقة المستنيرة,تعارض هذا الإجراء مع قَسَم أبقراط ومعتقداتهم الأخلاقية والدينية العميقة,إجراء استبيان مجهول الهوية يقدم سيناريوهات أخلاقية للأطباء ويسألهم عن قيمهم,إجراء حوار شامل مع المريض، وإذا استمر التعارض، يتم تحويل رعاية المريض لطبيب آخر يقبل الإجراء,إطلاق حملات توعية وطنية شاملة في الإعلام والمدارس ودور العبادة,انتهاك صارخ لمبدأ العدالة والمساواة في تقديم الرعاية الصحية,كثرة عدد الأطباء المتخصصين في زراعة الأعضاء,زيادة عدد المستشفيات التي تقدم الفحوصات وملاحظة الإقبال,تطبيق نظام 'فرز طبي' واضح يعتمد فقط على الحاجة الطبية وخطورة الحالة,وضع سياسات صارمة وإنشاء 'لجنة أخلاقيات بحث' تراجع كل الأبحاث وتضمن موافقة واضحة
3/11/2026 12:23:55,22 / 30,wafaa.mohsen.s@gmail.com,ضرورة وضع معايير أخلاقية ومنصفة لتحديد أولوية الحصول على الموارد,وجود معتقدات دينية أو ثقافية راسخة تمنع المساس بالجسد بعد الوفاة,مراجعة قوانين التبرع بالأعضاء في الدول المجاورة,انتهاك مبدأ الموافقة المستنيرة وخداع المشاركين,منع وسائل الإعلام من مناقشة هذا الموضوع,انعدام العدالة في توزيع الموارد الصحية مما يمنع البعض من حقه في الرعاية,الخوف من الأعراض الجانبية غير المعروفة أو من كونهم 'فئران تجارب',قراءة المقالات الطبية المنشورة عن الدواء الجديد,انتشار الفقر الشديد بالتزامن مع ضعف الرقابة القانونية,تقديم مبالغ مالية ضخمة للمشاركين لجذبهم,نقص الأدوية المسكنة الفعالة في المستشفى,تعارض فكرة موت الدماغ مع معتقداتهم الدينية أو أملهم في حدوث معجزة,سؤال الأثرياء الذين قاموا بشراء الأعضاء عن دوافعهم,قياس ضغط الدم ومعدل نبضات قلب أفراد العائلة,تشديد العقوبات القانونية على السماسرة بالتزامن مع توفير برامج دعم اقتصادي للفقراء,الصراع بين حاجة الشخص للمال وخطر تحويل جسد الإنسان إلى سلعة تُباع وتُشترى,ضغط العمل الشديد ونظام المواعيد الذي يخصص وقتاً قصيراً لكل مريض,مراقبة جداول عمل الأطباء وحساب متوسط الوقت المخصص لكل مريض ومقارنته بمستوى رضا المرضى,إطلاق حملات توعية عامة وشرح المعايير الطبية بدقة مع تقديم دعم نفسي للعائلات,عقد ورش عمل لتدريب الأطباء على مهارات التواصل الفعال وتخصيص وقت كافٍ للشرح,انتهاك المعايير الأخلاقية الطبية وحق المريض الأساسي في الموافقة المستنيرة,تعارض هذا الإجراء مع قَسَم أبقراط ومعتقداتهم الأخلاقية والدينية العميقة,إجراء استبيان مجهول الهوية يقدم سيناريوهات أخلاقية للأطباء ويسألهم عن قيمهم,إجراء حوار شامل مع المريض، وإذا استمر التعارض، يتم تحويل رعاية المريض لطبيب آخر يقبل الإجراء,إطلاق حملات توعية وطنية شاملة في الإعلام والمدارس ودور العبادة,انتهاك صارخ لمبدأ العدالة والمساواة في تقديم الرعاية الصحية,نقص الوعي العام بأهمية التبرع وانتشار مفاهيم خاطئة حوله,مقارنة عدد الفحوصات التي تتم للأمراض البسيطة مقابل الخطيرة,تطبيق نظام 'فرز طبي' واضح يعتمد فقط على الحاجة الطبية وخطورة الحالة,وضع سياسات صارمة وإنشاء 'لجنة أخلاقيات بحث' تراجع كل الأبحاث وتضمن موافقة واضحة
3/11/2026 12:43:57,13 / 30,heba.maged31@gmail.com,ضرورة وضع معايير أخلاقية ومنصفة لتحديد أولوية الحصول على الموارد,عدم معرفة الأغلبية بالطريقة الصحيحة للتسجيل في قوائم التبرع,سؤال الأطباء عن انطباعاتهم الشخصية حول المرضى,انتهاك مبدأ الموافقة المستنيرة وخداع المشاركين,إطلاق حملات توعية بالتعاون مع رجال الدين الموثوقين لتوضيح الموقف الديني الصحيح,انعدام العدالة في توزيع الموارد الصحية مما يمنع البعض من حقه في الرعاية,الخوف من الأعراض الجانبية غير المعروفة أو من كونهم 'فئران تجارب',إجراء فحوصات دم للمرضى لقياس مستوى القلق لديهم,نقص الوعي التعليمي العام بمخاطر هذه العمليات,تقديم مبالغ مالية ضخمة للمشاركين لجذبهم,التعارض بين احترام استقلالية المريضة وواجب الطبيب الأخلاقي في الحفاظ على الحياة,تعارض فكرة موت الدماغ مع معتقداتهم الدينية أو أملهم في حدوث معجزة,زيارة المناطق السياحية في هذه الدولة وملاحظة الزوار,قياس ضغط الدم ومعدل نبضات قلب أفراد العائلة,تشديد العقوبات القانونية على السماسرة بالتزامن مع توفير برامج دعم اقتصادي للفقراء,رفض أسرة المتبرع لهذا القرار خوفًا على صحته,ضغط العمل الشديد ونظام المواعيد الذي يخصص وقتاً قصيراً لكل مريض,تقليل عدد المرضى المسموح به لكل طبيب بشكل مؤقت,إطلاق حملات توعية عامة وشرح المعايير الطبية بدقة مع تقديم دعم نفسي للعائلات,تقليل عدد المرضى المسموح بهم لكل طبيب بشكل دائم,نقص الوقت المتاح للأطباء بسبب ضغط العمل,عدم توفر المعدات والأدوية اللازمة لتنفيذه,سؤال المرضى عن رأيهم في الأطباء الرافضين,إجبار المريض على الاستمرار في العلاج ضد رغبته,إطلاق حملات توعية وطنية شاملة في الإعلام والمدارس ودور العبادة,قلة عدد الأطباء والممرضين مقارنة بعدد المرضى,نقص الوعي العام بأهمية التبرع وانتشار مفاهيم خاطئة حوله,تحليل المقالات الصحفية التي تتحدث عن خطورة الأمراض,إعطاء الأولوية للمرضى الأغنياء القادرين على الدفع,وضع سياسات صارمة وإنشاء 'لجنة أخلاقيات بحث' تراجع كل الأبحاث وتضمن موافقة واضحة
3/11/2026 14:23:53,20 / 30,huda.ibrahim22@gmail.com,ضرورة وضع معايير أخلاقية ومنصفة لتحديد أولوية الحصول على الموارد,وجود معتقدات دينية أو ثقافية راسخة تمنع المساس بالجسد بعد الوفاة,سؤال الأطباء عن انطباعاتهم الشخصية حول المرضى,انتهاك مبدأ الموافقة المستنيرة وخداع المشاركين,إصدار قانون يجبر جميع المواطنين على التبرع بأعضائهم,انعدام العدالة في توزيع الموارد الصحية مما يمنع البعض من حقه في الرعاية,الخوف من الأعراض الجانبية غير المعروفة أو من كونهم 'فئران تجارب',قراءة المقالات الطبية المنشورة عن الدواء الجديد,انتشار الفقر الشديد بالتزامن مع ضعف الرقابة القانونية,تقديم مبالغ مالية ضخمة للمشاركين لجذبهم,التعارض بين احترام استقلالية المريضة وواجب الطبيب الأخلاقي في الحفاظ على الحياة,تعارض فكرة موت الدماغ مع معتقداتهم الدينية أو أملهم في حدوث معجزة,إجراء دراسة ميدانية لتحليل الوضع الاقتصادي والاجتماعي لضحايا بيع الأعضاء,إجراء مقابلات منظمة مع العائلات الرافضة ودراسة خلفياتهم الثقافية والدينية,تشديد العقوبات القانونية على السماسرة بالتزامن مع توفير برامج دعم اقتصادي للفقراء,الصراع بين حاجة الشخص للمال وخطر تحويل جسد الإنسان إلى سلعة تُباع وتُشترى,ضغط العمل الشديد ونظام المواعيد الذي يخصص وقتاً قصيراً لكل مريض,زيادة عدد المستشفيات في المدينة لملاحظة الفرق,إطلاق حملات توعية عامة وشرح المعايير الطبية بدقة مع تقديم دعم نفسي للعائلات,منع المرضى من طرح الأسئلة لتوفير وقت الطبيب,ارتفاع عدد العمليات الجراحية التي يجريها القسم,قلة خبرتهم الطبية في كيفية تنفيذ هذا الإجراء,إجراء استبيان مجهول الهوية يقدم سيناريوهات أخلاقية للأطباء ويسألهم عن قيمهم,إجراء حوار شامل مع المريض، وإذا استمر التعارض، يتم تحويل رعاية المريض لطبيب آخر يقبل الإجراء,إطلاق حملات توعية وطنية شاملة في الإعلام والمدارس ودور العبادة,انتهاك صارخ لمبدأ العدالة والمساواة في تقديم الرعاية الصحية,كراهية عامة لفكرة المستشفيات والعمليات الجراحية,زيادة عدد المستشفيات التي تقدم الفحوصات وملاحظة الإقبال,تطبيق نظام 'فرز طبي' واضح يعتمد فقط على الحاجة الطبية وخطورة الحالة,وضع سياسات صارمة وإنشاء 'لجنة أخلاقيات بحث' تراجع كل الأبحاث وتضمن موافقة واضحة
3/11/2026 15:33:52,23 / 30,abeer.khaled44@gmail.com,ضرورة وضع معايير أخلاقية ومنصفة لتحديد أولوية الحصول على الموارد,وجود معتقدات دينية أو ثقافية راسخة تمنع المساس بالجسد بعد الوفاة,مراجعة قوانين التبرع بالأعضاء في الدول المجاورة,انتهاك مبدأ الموافقة المستنيرة وخداع المشاركين,إطلاق حملات توعية بالتعاون مع رجال الدين الموثوقين لتوضيح الموقف الديني الصحيح,انعدام العدالة في توزيع الموارد الصحية مما يمنع البعض من حقه في الرعاية,الخوف من الأعراض الجانبية غير المعروفة أو من كونهم 'فئران تجارب',إجراء فحوصات دم للمرضى لقياس مستوى القلق لديهم,انتشار الفقر الشديد بالتزامن مع ضعف الرقابة القانونية,تطبيق 'الموافقة المستنيرة' بصرامة، وشرح الفوائد والمخاطر بشفافية كاملة,التعارض بين احترام استقلالية المريضة وواجب الطبيب الأخلاقي في الحفاظ على الحياة,ارتفاع تكاليف المستشفى ورغبتهم في إنهائها سريعًا,مراجعة قوائم الطعام وأسعار السلع الأساسية في الأسواق,سؤال طاقم الممرضين عن انطباعاتهم حول العائلات,تشديد العقوبات القانونية على السماسرة بالتزامن مع توفير برامج دعم اقتصادي للفقراء,الصراع بين حاجة الشخص للمال وخطر تحويل جسد الإنسان إلى سلعة تُباع وتُشترى,ضغط العمل الشديد ونظام المواعيد الذي يخصص وقتاً قصيراً لكل مريض,مراقبة جداول عمل الأطباء وحساب متوسط الوقت المخصص لكل مريض ومقارنته بمستوى رضا المرضى,إطلاق حملات توعية عامة وشرح المعايير الطبية بدقة مع تقديم دعم نفسي للعائلات,عقد ورش عمل لتدريب الأطباء على مهارات التواصل الفعال وتخصيص وقت كافٍ للشرح,ارتفاع عدد العمليات الجراحية التي يجريها القسم,تعارض هذا الإجراء مع قَسَم أبقراط ومعتقداتهم الأخلاقية والدينية العميقة,إجراء استبيان مجهول الهوية يقدم سيناريوهات أخلاقية للأطباء ويسألهم عن قيمهم,إجراء حوار شامل مع المريض، وإذا استمر التعارض، يتم تحويل رعاية المريض لطبيب آخر يقبل الإجراء,إطلاق حملات توعية وطنية شاملة في الإعلام والمدارس ودور العبادة,انتهاك صارخ لمبدأ العدالة والمساواة في تقديم الرعاية الصحية,نقص الوعي العام بأهمية التبرع وانتشار مفاهيم خاطئة حوله,تحليل المقالات الصحفية التي تتحدث عن خطورة الأمراض,تطبيق نظام 'فرز طبي' واضح يعتمد فقط على الحاجة الطبية وخطورة الحالة,وضع سياسات صارمة وإنشاء 'لجنة أخلاقيات بحث' تراجع كل الأبحاث وتضمن موافقة واضحة
3/11/2026 15:38:55,25 / 30,hala.magdy82@gmail.com,ضرورة وضع معايير أخلاقية ومنصفة لتحديد أولوية الحصول على الموارد,وجود معتقدات دينية أو ثقافية راسخة تمنع المساس بالجسد بعد الوفاة,تحليل المحتوى الإعلامي حول التبرع بالأعضاء في الصحف,انتهاك مبدأ الموافقة المستنيرة وخداع المشاركين,إطلاق حملات توعية بالتعاون مع رجال الدين الموثوقين لتوضيح الموقف الديني الصحيح,انعدام العدالة في توزيع الموارد الصحية مما يمنع البعض من حقه في الرعاية,الخوف من الأعراض الجانبية غير المعروفة أو من كونهم 'فئران تجارب',إجراء مقابلات معمقة واستبيانات مجهولة الهوية مع المرضى الرافضين لسؤالهم عن أسباب رفضهم,انتشار الفقر الشديد بالتزامن مع ضعف الرقابة القانونية,تطبيق 'الموافقة المستنيرة' بصرامة، وشرح الفوائد والمخاطر بشفافية كاملة,التعارض بين احترام استقلالية المريضة وواجب الطبيب الأخلاقي في الحفاظ على الحياة,تعارض فكرة موت الدماغ مع معتقداتهم الدينية أو أملهم في حدوث معجزة,إجراء دراسة ميدانية لتحليل الوضع الاقتصادي والاجتماعي لضحايا بيع الأعضاء,قياس ضغط الدم ومعدل نبضات قلب أفراد العائلة,تشديد العقوبات القانونية على السماسرة بالتزامن مع توفير برامج دعم اقتصادي للفقراء,الصراع بين حاجة الشخص للمال وخطر تحويل جسد الإنسان إلى سلعة تُباع وتُشترى,ضغط العمل الشديد ونظام المواعيد الذي يخصص وقتاً قصيراً لكل مريض,رفع أسعار الكشف الطبي في العيادات الخارجية,إطلاق حملات توعية عامة وشرح المعايير الطبية بدقة مع تقديم دعم نفسي للعائلات,عقد ورش عمل لتدريب الأطباء على مهارات التواصل الفعال وتخصيص وقت كافٍ للشرح,انتهاك المعايير الأخلاقية الطبية وحق المريض الأساسي في الموافقة المستنيرة,قلة خبرتهم الطبية في كيفية تنفيذ هذا الإجراء,إجراء استبيان مجهول الهوية يقدم سيناريوهات أخلاقية للأطباء ويسألهم عن قيمهم,إجراء حوار شامل مع المريض، وإذا استمر التعارض، يتم تحويل رعاية المريض لطبيب آخر يقبل الإجراء,إطلاق حملات توعية وطنية شاملة في الإعلام والمدارس ودور العبادة,انتهاك صارخ لمبدأ العدالة والمساواة في تقديم الرعاية الصحية,نقص الوعي العام بأهمية التبرع وانتشار مفاهيم خاطئة حوله,تحليل المقالات الصحفية التي تتحدث عن خطورة الأمراض,تطبيق نظام 'فرز طبي' واضح يعتمد فقط على الحاجة الطبية وخطورة الحالة,وضع سياسات صارمة وإنشاء 'لجنة أخلاقيات بحث' تراجع كل الأبحاث وتضمن موافقة واضحة
3/11/2026 15:39:07,25 / 30,azza.sayed.m7@gmail.com,ضرورة وضع معايير أخلاقية ومنصفة لتحديد أولوية الحصول على الموارد,عدم معرفة الأغلبية بالطريقة الصحيحة للتسجيل في قوائم التبرع,إجراء دراسة مسحية تقارن معدلات الموافقة لدى مجموعات بخلفيات دينية مختلفة,انتهاك مبدأ الموافقة المستنيرة وخداع المشاركين,إطلاق حملات توعية بالتعاون مع رجال الدين الموثوقين لتوضيح الموقف الديني الصحيح,انعدام العدالة في توزيع الموارد الصحية مما يمنع البعض من حقه في الرعاية,الخوف من الأعراض الجانبية غير المعروفة أو من كونهم 'فئران تجارب',سؤال الصيادلة في المستشفى عن رأيهم في التجارب,انتشار الفقر الشديد بالتزامن مع ضعف الرقابة القانونية,تقديم مبالغ مالية ضخمة للمشاركين لجذبهم,التعارض بين احترام استقلالية المريضة وواجب الطبيب الأخلاقي في الحفاظ على الحياة,تعارض فكرة موت الدماغ مع معتقداتهم الدينية أو أملهم في حدوث معجزة,مراجعة قوائم الطعام وأسعار السلع الأساسية في الأسواق,إجراء مقابلات منظمة مع العائلات الرافضة ودراسة خلفياتهم الثقافية والدينية,تشديد العقوبات القانونية على السماسرة بالتزامن مع توفير برامج دعم اقتصادي للفقراء,الصراع بين حاجة الشخص للمال وخطر تحويل جسد الإنسان إلى سلعة تُباع وتُشترى,ضغط العمل الشديد ونظام المواعيد الذي يخصص وقتاً قصيراً لكل مريض,مراقبة جداول عمل الأطباء وحساب متوسط الوقت المخصص لكل مريض ومقارنته بمستوى رضا المرضى,إطلاق حملات توعية عامة وشرح المعايير الطبية بدقة مع تقديم دعم نفسي للعائلات,عقد ورش عمل لتدريب الأطباء على مهارات التواصل الفعال وتخصيص وقت كافٍ للشرح,انتهاك المعايير الأخلاقية الطبية وحق المريض الأساسي في الموافقة المستنيرة,تعارض هذا الإجراء مع قَسَم أبقراط ومعتقداتهم الأخلاقية والدينية العميقة,إجراء استبيان مجهول الهوية يقدم سيناريوهات أخلاقية للأطباء ويسألهم عن قيمهم,إجراء حوار شامل مع المريض، وإذا استمر التعارض، يتم تحويل رعاية المريض لطبيب آخر يقبل الإجراء,إطلاق حملات توعية وطنية شاملة في الإعلام والمدارس ودور العبادة,انتهاك صارخ لمبدأ العدالة والمساواة في تقديم الرعاية الصحية,نقص الوعي العام بأهمية التبرع وانتشار مفاهيم خاطئة حوله,زيادة عدد المستشفيات التي تقدم الفحوصات وملاحظة الإقبال,تطبيق نظام 'فرز طبي' واضح يعتمد فقط على الحاجة الطبية وخطورة الحالة,وضع سياسات صارمة وإنشاء 'لجنة أخلاقيات بحث' تراجع كل الأبحاث وتضمن موافقة واضحة
3/11/2026 17:38:55,15 / 30,toqa.sherif23@gmail.com,ضرورة وضع معايير أخلاقية ومنصفة لتحديد أولوية الحصول على الموارد,الاعتقاد بأن الأطباء لا يهتمون بالمرضى بشكل كافٍ,سؤال الأطباء عن انطباعاتهم الشخصية حول المرضى,انتهاك مبدأ الموافقة المستنيرة وخداع المشاركين,إصدار قانون يجبر جميع المواطنين على التبرع بأعضائهم,انعدام العدالة في توزيع الموارد الصحية مما يمنع البعض من حقه في الرعاية,الخوف من الأعراض الجانبية غير المعروفة أو من كونهم 'فئران تجارب',إجراء فحوصات دم للمرضى لقياس مستوى القلق لديهم,انتشار الفقر الشديد بالتزامن مع ضعف الرقابة القانونية,تقديم مبالغ مالية ضخمة للمشاركين لجذبهم,اعتراض أسرة المريضة على قرارها بسبب تعلقهم بها,تعارض فكرة موت الدماغ مع معتقداتهم الدينية أو أملهم في حدوث معجزة,زيارة المناطق السياحية في هذه الدولة وملاحظة الزوار,سؤال طاقم الممرضين عن انطباعاتهم حول العائلات,تشديد العقوبات القانونية على السماسرة بالتزامن مع توفير برامج دعم اقتصادي للفقراء,الصراع بين حاجة الشخص للمال وخطر تحويل جسد الإنسان إلى سلعة تُباع وتُشترى,ارتفاع أعداد المرضى بشكل يفوق قدرة الأطباء,زيادة عدد المستشفيات في المدينة لملاحظة الفرق,إلغاء معيار موت الدماغ والعودة لمعيار توقف القلب فقط,عقد ورش عمل لتدريب الأطباء على مهارات التواصل الفعال وتخصيص وقت كافٍ للشرح,انتهاك المعايير الأخلاقية الطبية وحق المريض الأساسي في الموافقة المستنيرة,قلة خبرتهم الطبية في كيفية تنفيذ هذا الإجراء,إجراء استبيان مجهول الهوية يقدم سيناريوهات أخلاقية للأطباء ويسألهم عن قيمهم,إجراء حوار شامل مع المريض، وإذا استمر التعارض، يتم تحويل رعاية المريض لطبيب آخر يقبل الإجراء,إطلاق حملات توعية وطنية شاملة في الإعلام والمدارس ودور العبادة,انتهاك صارخ لمبدأ العدالة والمساواة في تقديم الرعاية الصحية,كراهية عامة لفكرة المستشفيات والعمليات الجراحية,زيادة عدد المستشفيات التي تقدم الفحوصات وملاحظة الإقبال,تطبيق نظام 'فرز طبي' واضح يعتمد فقط على الحاجة الطبية وخطورة الحالة,تجاهل الموضوع طالما لم يصب أحد بأذى
3/11/2026 19:39:02,12 / 30,roqaya.hosny.s@gmail.com,الخوف من قيام أهل أحد المريضين بمقاضاة المستشفى,الخوف العام من زيارة المستشفيات والتعامل مع الأطباء,سؤال الأطباء عن انطباعاتهم الشخصية حول المرضى,انتهاك مبدأ الموافقة المستنيرة وخداع المشاركين,منع وسائل الإعلام من مناقشة هذا الموضوع,انعدام العدالة في توزيع الموارد الصحية مما يمنع البعض من حقه في الرعاية,الخوف من الأعراض الجانبية غير المعروفة أو من كونهم 'فئران تجارب',قراءة المقالات الطبية المنشورة عن الدواء الجديد,نقص الوعي التعليمي العام بمخاطر هذه العمليات,تقديم مبالغ مالية ضخمة للمشاركين لجذبهم,اعتراض أسرة المريضة على قرارها بسبب تعلقهم بها,تعارض فكرة موت الدماغ مع معتقداتهم الدينية أو أملهم في حدوث معجزة,مراجعة قوائم الطعام وأسعار السلع الأساسية في الأسواق,قياس ضغط الدم ومعدل نبضات قلب أفراد العائلة,تشديد العقوبات القانونية على السماسرة بالتزامن مع توفير برامج دعم اقتصادي للفقراء,الصراع بين حاجة الشخص للمال وخطر تحويل جسد الإنسان إلى سلعة تُباع وتُشترى,ضغط العمل الشديد ونظام المواعيد الذي يخصص وقتاً قصيراً لكل مريض,تقليل عدد المرضى المسموح به لكل طبيب بشكل مؤقت,إلغاء معيار موت الدماغ والعودة لمعيار توقف القلب فقط,عقد ورش عمل لتدريب الأطباء على مهارات التواصل الفعال وتخصيص وقت كافٍ للشرح,ارتفاع عدد العمليات الجراحية التي يجريها القسم,قلة خبرتهم الطبية في كيفية تنفيذ هذا الإجراء,إجراء استبيان مجهول الهوية يقدم سيناريوهات أخلاقية للأطباء ويسألهم عن قيمهم,أن يتجاهل الطبيب رغبة المريض تمامًا ويستمر في العلاج,إطلاق حملات توعية وطنية شاملة في الإعلام والمدارس ودور العبادة,انتهاك صارخ لمبدأ العدالة والمساواة في تقديم الرعاية الصحية,كراهية عامة لفكرة المستشفيات والعمليات الجراحية,زيادة عدد المستشفيات التي تقدم الفحوصات وملاحظة الإقبال,توزيع الأسرة والخدمات بنظام القرعة العشوائية,وضع سياسات صارمة وإنشاء 'لجنة أخلاقيات بحث' تراجع كل الأبحاث وتضمن موافقة واضحة
3/12/2026 9:29:01,24 / 30,karima.nasser.h@gmail.com,ضرورة وضع معايير أخلاقية ومنصفة لتحديد أولوية الحصول على الموارد,وجود معتقدات دينية أو ثقافية راسخة تمنع المساس بالجسد بعد الوفاة,مراجعة قوانين التبرع بالأعضاء في الدول المجاورة,انتهاك مبدأ الموافقة المستنيرة وخداع المشاركين,إطلاق حملات توعية بالتعاون مع رجال الدين الموثوقين لتوضيح الموقف الديني الصحيح,انعدام العدالة في توزيع الموارد الصحية مما يمنع البعض من حقه في الرعاية,الخوف من الأعراض الجانبية غير المعروفة أو من كونهم 'فئران تجارب',إجراء مقابلات معمقة واستبيانات مجهولة الهوية مع المرضى الرافضين لسؤالهم عن أسباب رفضهم,انتشار الفقر الشديد بالتزامن مع ضعف الرقابة القانونية,تطبيق 'الموافقة المستنيرة' بصرامة، وشرح الفوائد والمخاطر بشفافية كاملة,التعارض بين احترام استقلالية المريضة وواجب الطبيب الأخلاقي في الحفاظ على الحياة,عدم فهمهم للمصطلحات الطبية المعقدة التي يستخدمها الأطباء,إجراء دراسة ميدانية لتحليل الوضع الاقتصادي والاجتماعي لضحايا بيع الأعضاء,قياس ضغط الدم ومعدل نبضات قلب أفراد العائلة,تشديد العقوبات القانونية على السماسرة بالتزامن مع توفير برامج دعم اقتصادي للفقراء,الصراع بين حاجة الشخص للمال وخطر تحويل جسد الإنسان إلى سلعة تُباع وتُشترى,ارتفاع أعداد المرضى بشكل يفوق قدرة الأطباء,مراقبة جداول عمل الأطباء وحساب متوسط الوقت المخصص لكل مريض ومقارنته بمستوى رضا المرضى,إطلاق حملات توعية عامة وشرح المعايير الطبية بدقة مع تقديم دعم نفسي للعائلات,عقد ورش عمل لتدريب الأطباء على مهارات التواصل الفعال وتخصيص وقت كافٍ للشرح,ارتفاع عدد العمليات الجراحية التي يجريها القسم,تعارض هذا الإجراء مع قَسَم أبقراط ومعتقداتهم الأخلاقية والدينية العميقة,إجراء استبيان مجهول الهوية يقدم سيناريوهات أخلاقية للأطباء ويسألهم عن قيمهم,إجراء حوار شامل مع المريض، وإذا استمر التعارض، يتم تحويل رعاية المريض لطبيب آخر يقبل الإجراء,إطلاق حملات توعية وطنية شاملة في الإعلام والمدارس ودور العبادة,انتهاك صارخ لمبدأ العدالة والمساواة في تقديم الرعاية الصحية,نقص الوعي العام بأهمية التبرع وانتشار مفاهيم خاطئة حوله,تحليل المقالات الصحفية التي تتحدث عن خطورة الأمراض,تطبيق نظام 'فرز طبي' واضح يعتمد فقط على الحاجة الطبية وخطورة الحالة,وضع سياسات صارمة وإنشاء 'لجنة أخلاقيات بحث' تراجع كل الأبحاث وتضمن موافقة واضحة
3/12/2026 9:43:49,18 / 30,shimaa.tarek19@gmail.com,ضرورة وضع معايير أخلاقية ومنصفة لتحديد أولوية الحصول على الموارد,الاعتقاد بأن الأطباء لا يهتمون بالمرضى بشكل كافٍ,سؤال الأطباء عن انطباعاتهم الشخصية حول المرضى,انتهاك مبدأ الموافقة المستنيرة وخداع المشاركين,إصدار قانون يجبر جميع المواطنين على التبرع بأعضائهم,انعدام العدالة في توزيع الموارد الصحية مما يمنع البعض من حقه في الرعاية,الخوف من الأعراض الجانبية غير المعروفة أو من كونهم 'فئران تجارب',إجراء مقابلات معمقة واستبيانات مجهولة الهوية مع المرضى الرافضين لسؤالهم عن أسباب رفضهم,زيادة عدد المستشفيات الخاصة التي تجري عمليات الزرع,تقديم مبالغ مالية ضخمة للمشاركين لجذبهم,التعارض بين احترام استقلالية المريضة وواجب الطبيب الأخلاقي في الحفاظ على الحياة,تعارض فكرة موت الدماغ مع معتقداتهم الدينية أو أملهم في حدوث معجزة,مراجعة قوائم الطعام وأسعار السلع الأساسية في الأسواق,إجراء مقابلات منظمة مع العائلات الرافضة ودراسة خلفياتهم الثقافية والدينية,تشديد العقوبات القانونية على السماسرة بالتزامن مع توفير برامج دعم اقتصادي للفقراء,الصراع بين حاجة الشخص للمال وخطر تحويل جسد الإنسان إلى سلعة تُباع وتُشترى,ضغط العمل الشديد ونظام المواعيد الذي يخصص وقتاً قصيراً لكل مريض,مراقبة جداول عمل الأطباء وحساب متوسط الوقت المخصص لكل مريض ومقارنته بمستوى رضا المرضى,إلغاء معيار موت الدماغ والعودة لمعيار توقف القلب فقط,عقد ورش عمل لتدريب الأطباء على مهارات التواصل الفعال وتخصيص وقت كافٍ للشرح,التنافس المهني بين الأطباء داخل القسم,قلة خبرتهم الطبية في كيفية تنفيذ هذا الإجراء,إجراء استبيان مجهول الهوية يقدم سيناريوهات أخلاقية للأطباء ويسألهم عن قيمهم,إجراء حوار شامل مع المريض، وإذا استمر التعارض، يتم تحويل رعاية المريض لطبيب آخر يقبل الإجراء,إطلاق حملات توعية وطنية شاملة في الإعلام والمدارس ودور العبادة,قلة عدد الأطباء والممرضين مقارنة بعدد المرضى,كراهية عامة لفكرة المستشفيات والعمليات الجراحية,تحليل المقالات الصحفية التي تتحدث عن خطورة الأمراض,تطبيق نظام 'فرز طبي' واضح يعتمد فقط على الحاجة الطبية وخطورة الحالة,وضع سياسات صارمة وإنشاء 'لجنة أخلاقيات بحث' تراجع كل الأبحاث وتضمن موافقة واضحة
3/12/2026 10:04:04,21 / 30,salma.omar61@gmail.com,ضرورة وضع معايير أخلاقية ومنصفة لتحديد أولوية الحصول على الموارد,عدم معرفة الأغلبية بالطريقة الصحيحة للتسجيل في قوائم التبرع,سؤال الأطباء عن انطباعاتهم الشخصية حول المرضى,انتهاك مبدأ الموافقة المستنيرة وخداع المشاركين,إطلاق حملات توعية بالتعاون مع رجال الدين الموثوقين لتوضيح الموقف الديني الصحيح,انعدام العدالة في توزيع الموارد الصحية مما يمنع البعض من حقه في الرعاية,الخوف من الأعراض الجانبية غير المعروفة أو من كونهم 'فئران تجارب',إجراء فحوصات دم للمرضى لقياس مستوى القلق لديهم,نقص الوعي التعليمي العام بمخاطر هذه العمليات,إجبار المرضى الذين ليس لديهم خيار آخر على المشاركة,التعارض بين احترام استقلالية المريضة وواجب الطبيب الأخلاقي في الحفاظ على الحياة,تعارض فكرة موت الدماغ مع معتقداتهم الدينية أو أملهم في حدوث معجزة,إجراء دراسة ميدانية لتحليل الوضع الاقتصادي والاجتماعي لضحايا بيع الأعضاء,قياس ضغط الدم ومعدل نبضات قلب أفراد العائلة,تشديد العقوبات القانونية على السماسرة بالتزامن مع توفير برامج دعم اقتصادي للفقراء,رفض أسرة المتبرع لهذا القرار خوفًا على صحته,ضغط العمل الشديد ونظام المواعيد الذي يخصص وقتاً قصيراً لكل مريض,مراقبة جداول عمل الأطباء وحساب متوسط الوقت المخصص لكل مريض ومقارنته بمستوى رضا المرضى,إطلاق حملات توعية عامة وشرح المعايير الطبية بدقة مع تقديم دعم نفسي للعائلات,عقد ورش عمل لتدريب الأطباء على مهارات التواصل الفعال وتخصيص وقت كافٍ للشرح,التنافس المهني بين الأطباء داخل القسم,تعارض هذا الإجراء مع قَسَم أبقراط ومعتقداتهم الأخلاقية والدينية العميقة,إجراء استبيان مجهول الهوية يقدم سيناريوهات أخلاقية للأطباء ويسألهم عن قيمهم,إجراء حوار شامل مع المريض، وإذا استمر التعارض، يتم تحويل رعاية المريض لطبيب آخر يقبل الإجراء,إطلاق حملات توعية وطنية شاملة في الإعلام والمدارس ودور العبادة,انتهاك صارخ لمبدأ العدالة والمساواة في تقديم الرعاية الصحية,كراهية عامة لفكرة المستشفيات والعمليات الجراحية,إجراء استبيان يسأل الناس مباشرة عن ترتيب مخاوفهم كأسباب لعدم إجراء الفحص,تطبيق نظام 'فرز طبي' واضح يعتمد فقط على الحاجة الطبية وخطورة الحالة,وضع سياسات صارمة وإنشاء 'لجنة أخلاقيات بحث' تراجع كل الأبحاث وتضمن موافقة واضحة
3/12/2026 10:13:53,19 / 30,kholoud.yehia.m@gmail.com,ضرورة وضع معايير أخلاقية ومنصفة لتحديد أولوية الحصول على الموارد,عدم معرفة الأغلبية بالطريقة الصحيحة للتسجيل في قوائم التبرع,مراجعة قوانين التبرع بالأعضاء في الدول المجاورة,انتهاك مبدأ الموافقة المستنيرة وخداع المشاركين,إطلاق حملات توعية بالتعاون مع رجال الدين الموثوقين لتوضيح الموقف الديني الصحيح,انعدام العدالة في توزيع الموارد الصحية مما يمنع البعض من حقه في الرعاية,الخوف من الأعراض الجانبية غير المعروفة أو من كونهم 'فئران تجارب',إجراء فحوصات دم للمرضى لقياس مستوى القلق لديهم,نقص الوعي التعليمي العام بمخاطر هذه العمليات,تطبيق 'الموافقة المستنيرة' بصرامة، وشرح الفوائد والمخاطر بشفافية كاملة,التعارض بين احترام استقلالية المريضة وواجب الطبيب الأخلاقي في الحفاظ على الحياة,تعارض فكرة موت الدماغ مع معتقداتهم الدينية أو أملهم في حدوث معجزة,إجراء دراسة ميدانية لتحليل الوضع الاقتصادي والاجتماعي لضحايا بيع الأعضاء,قياس ضغط الدم ومعدل نبضات قلب أفراد العائلة,تشديد العقوبات القانونية على السماسرة بالتزامن مع توفير برامج دعم اقتصادي للفقراء,رفض أسرة المتبرع لهذا القرار خوفًا على صحته,اعتقاد الأطباء أن المرضى يرفضون الاستماع للنصائح,زيادة عدد المستشفيات في المدينة لملاحظة الفرق,إطلاق حملات توعية عامة وشرح المعايير الطبية بدقة مع تقديم دعم نفسي للعائلات,عقد ورش عمل لتدريب الأطباء على مهارات التواصل الفعال وتخصيص وقت كافٍ للشرح,ارتفاع عدد العمليات الجراحية التي يجريها القسم,عدم توفر المعدات والأدوية اللازمة لتنفيذه,إجراء استبيان مجهول الهوية يقدم سيناريوهات أخلاقية للأطباء ويسألهم عن قيمهم,إجراء حوار شامل مع المريض، وإذا استمر التعارض، يتم تحويل رعاية المريض لطبيب آخر يقبل الإجراء,إطلاق حملات توعية وطنية شاملة في الإعلام والمدارس ودور العبادة,انتهاك صارخ لمبدأ العدالة والمساواة في تقديم الرعاية الصحية,نقص الوعي العام بأهمية التبرع وانتشار مفاهيم خاطئة حوله,زيادة عدد المستشفيات التي تقدم الفحوصات وملاحظة الإقبال,تطبيق نظام 'فرز طبي' واضح يعتمد فقط على الحاجة الطبية وخطورة الحالة,وضع سياسات صارمة وإنشاء 'لجنة أخلاقيات بحث' تراجع كل الأبحاث وتضمن موافقة واضحة
3/12/2026 10:23:52,14 / 30,rana.mohamed.k3@gmail.com,ضرورة وضع معايير أخلاقية ومنصفة لتحديد أولوية الحصول على الموارد,عدم معرفة الأغلبية بالطريقة الصحيحة للتسجيل في قوائم التبرع,إجراء دراسة مسحية تقارن معدلات الموافقة لدى مجموعات بخلفيات دينية مختلفة,انتهاك مبدأ الموافقة المستنيرة وخداع المشاركين,إصدار قانون يجبر جميع المواطنين على التبرع بأعضائهم,انعدام العدالة في توزيع الموارد الصحية مما يمنع البعض من حقه في الرعاية,الخوف من الأعراض الجانبية غير المعروفة أو من كونهم 'فئران تجارب',إجراء فحوصات دم للمرضى لقياس مستوى القلق لديهم,زيادة عدد المستشفيات الخاصة التي تجري عمليات الزرع,تطبيق 'الموافقة المستنيرة' بصرامة، وشرح الفوائد والمخاطر بشفافية كاملة,التعارض بين احترام استقلالية المريضة وواجب الطبيب الأخلاقي في الحفاظ على الحياة,تعارض فكرة موت الدماغ مع معتقداتهم الدينية أو أملهم في حدوث معجزة,سؤال الأثرياء الذين قاموا بشراء الأعضاء عن دوافعهم,إجراء مقابلات منظمة مع العائلات الرافضة ودراسة خلفياتهم الثقافية والدينية,تجاهل المشكلة واعتبارها حرية شخصية في بيع الجسد,نقص الأطباء المتخصصين في جراحات زراعة الأعضاء,ضغط العمل الشديد ونظام المواعيد الذي يخصص وقتاً قصيراً لكل مريض,رفع أسعار الكشف الطبي في العيادات الخارجية,إلغاء معيار موت الدماغ والعودة لمعيار توقف القلب فقط,عقد ورش عمل لتدريب الأطباء على مهارات التواصل الفعال وتخصيص وقت كافٍ للشرح,انتهاك المعايير الأخلاقية الطبية وحق المريض الأساسي في الموافقة المستنيرة,تعارض هذا الإجراء مع قَسَم أبقراط ومعتقداتهم الأخلاقية والدينية العميقة,إجراء استبيان مجهول الهوية يقدم سيناريوهات أخلاقية للأطباء ويسألهم عن قيمهم,أن يتجاهل الطبيب رغبة المريض تمامًا ويستمر في العلاج,إغلاق مراكز زراعة الأعضاء لتقليل الطلب,ارتفاع أعداد المرضى الوافدين إلى المستشفى يوميًا,كراهية عامة لفكرة المستشفيات والعمليات الجراحية,زيادة عدد المستشفيات التي تقدم الفحوصات وملاحظة الإقبال,إعطاء الأولوية للمرضى الأغنياء القادرين على الدفع,الاكتفاء بالحصول على موافقة شفوية غير موثقة
3/12/2026 10:53:45,19 / 30,basma.nabil.r@gmail.com,ضرورة وضع معايير أخلاقية ومنصفة لتحديد أولوية الحصول على الموارد,وجود معتقدات دينية أو ثقافية راسخة تمنع المساس بالجسد بعد الوفاة,إجراء دراسة مسحية تقارن معدلات الموافقة لدى مجموعات بخلفيات دينية مختلفة,انتهاك مبدأ الموافقة المستنيرة وخداع المشاركين,إصدار قانون يجبر جميع المواطنين على التبرع بأعضائهم,انعدام العدالة في توزيع الموارد الصحية مما يمنع البعض من حقه في الرعاية,الخوف من الأعراض الجانبية غير المعروفة أو من كونهم 'فئران تجارب',سؤال الصيادلة في المستشفى عن رأيهم في التجارب,انتشار الفقر الشديد بالتزامن مع ضعف الرقابة القانونية,تقديم مبالغ مالية ضخمة للمشاركين لجذبهم,نقص الأدوية المسكنة الفعالة في المستشفى,تعارض فكرة موت الدماغ مع معتقداتهم الدينية أو أملهم في حدوث معجزة,إجراء دراسة ميدانية لتحليل الوضع الاقتصادي والاجتماعي لضحايا بيع الأعضاء,إجراء مقابلات منظمة مع العائلات الرافضة ودراسة خلفياتهم الثقافية والدينية,تشديد العقوبات القانونية على السماسرة بالتزامن مع توفير برامج دعم اقتصادي للفقراء,الصراع بين حاجة الشخص للمال وخطر تحويل جسد الإنسان إلى سلعة تُباع وتُشترى,ضغط العمل الشديد ونظام المواعيد الذي يخصص وقتاً قصيراً لكل مريض,زيادة عدد المستشفيات في المدينة لملاحظة الفرق,إلغاء معيار موت الدماغ والعودة لمعيار توقف القلب فقط,تقليل عدد المرضى المسموح بهم لكل طبيب بشكل دائم,ارتفاع عدد العمليات الجراحية التي يجريها القسم,الخوف من المسؤولية القانونية رغم أن الإجراء قانوني,إجراء استبيان مجهول الهوية يقدم سيناريوهات أخلاقية للأطباء ويسألهم عن قيمهم,إجراء حوار شامل مع المريض، وإذا استمر التعارض، يتم تحويل رعاية المريض لطبيب آخر يقبل الإجراء,إطلاق حملات توعية وطنية شاملة في الإعلام والمدارس ودور العبادة,انتهاك صارخ لمبدأ العدالة والمساواة في تقديم الرعاية الصحية,كراهية عامة لفكرة المستشفيات والعمليات الجراحية,مقارنة عدد الفحوصات التي تتم للأمراض البسيطة مقابل الخطيرة,تطبيق نظام 'فرز طبي' واضح يعتمد فقط على الحاجة الطبية وخطورة الحالة,وضع سياسات صارمة وإنشاء 'لجنة أخلاقيات بحث' تراجع كل الأبحاث وتضمن موافقة واضحة
3/12/2026 11:23:45,25 / 30,hend.salah15@gmail.com,ضرورة وضع معايير أخلاقية ومنصفة لتحديد أولوية الحصول على الموارد,الاعتقاد بأن الأطباء لا يهتمون بالمرضى بشكل كافٍ,مراجعة قوانين التبرع بالأعضاء في الدول المجاورة,انتهاك مبدأ الموافقة المستنيرة وخداع المشاركين,إطلاق حملات توعية بالتعاون مع رجال الدين الموثوقين لتوضيح الموقف الديني الصحيح,انعدام العدالة في توزيع الموارد الصحية مما يمنع البعض من حقه في الرعاية,الخوف من الأعراض الجانبية غير المعروفة أو من كونهم 'فئران تجارب',قراءة المقالات الطبية المنشورة عن الدواء الجديد,انتشار الفقر الشديد بالتزامن مع ضعف الرقابة القانونية,تطبيق 'الموافقة المستنيرة' بصرامة، وشرح الفوائد والمخاطر بشفافية كاملة,التعارض بين احترام استقلالية المريضة وواجب الطبيب الأخلاقي في الحفاظ على الحياة,تعارض فكرة موت الدماغ مع معتقداتهم الدينية أو أملهم في حدوث معجزة,سؤال الأثرياء الذين قاموا بشراء الأعضاء عن دوافعهم,إجراء مقابلات منظمة مع العائلات الرافضة ودراسة خلفياتهم الثقافية والدينية,تشديد العقوبات القانونية على السماسرة بالتزامن مع توفير برامج دعم اقتصادي للفقراء,الصراع بين حاجة الشخص للمال وخطر تحويل جسد الإنسان إلى سلعة تُباع وتُشترى,ضغط العمل الشديد ونظام المواعيد الذي يخصص وقتاً قصيراً لكل مريض,مراقبة جداول عمل الأطباء وحساب متوسط الوقت المخصص لكل مريض ومقارنته بمستوى رضا المرضى,إطلاق حملات توعية عامة وشرح المعايير الطبية بدقة مع تقديم دعم نفسي للعائلات,عقد ورش عمل لتدريب الأطباء على مهارات التواصل الفعال وتخصيص وقت كافٍ للشرح,انتهاك المعايير الأخلاقية الطبية وحق المريض الأساسي في الموافقة المستنيرة,تعارض هذا الإجراء مع قَسَم أبقراط ومعتقداتهم الأخلاقية والدينية العميقة,إجراء استبيان مجهول الهوية يقدم سيناريوهات أخلاقية للأطباء ويسألهم عن قيمهم,إجراء حوار شامل مع المريض، وإذا استمر التعارض، يتم تحويل رعاية المريض لطبيب آخر يقبل الإجراء,إطلاق حملات توعية وطنية شاملة في الإعلام والمدارس ودور العبادة,انتهاك صارخ لمبدأ العدالة والمساواة في تقديم الرعاية الصحية,نقص الوعي العام بأهمية التبرع وانتشار مفاهيم خاطئة حوله,زيادة عدد المستشفيات التي تقدم الفحوصات وملاحظة الإقبال,تطبيق نظام 'فرز طبي' واضح يعتمد فقط على الحاجة الطبية وخطورة الحالة,وضع سياسات صارمة وإنشاء 'لجنة أخلاقيات بحث' تراجع كل الأبحاث وتضمن موافقة واضحة
3/12/2026 11:54:14,19 / 30,mirna.gaber29@gmail.com,ضرورة وضع معايير أخلاقية ومنصفة لتحديد أولوية الحصول على الموارد,الخوف العام من زيارة المستشفيات والتعامل مع الأطباء,سؤال الأطباء عن انطباعاتهم الشخصية حول المرضى,انتهاك مبدأ الموافقة المستنيرة وخداع المشاركين,إطلاق حملات توعية بالتعاون مع رجال الدين الموثوقين لتوضيح الموقف الديني الصحيح,انعدام العدالة في توزيع الموارد الصحية مما يمنع البعض من حقه في الرعاية,الخوف من الأعراض الجانبية غير المعروفة أو من كونهم 'فئران تجارب',إجراء فحوصات دم للمرضى لقياس مستوى القلق لديهم,انتشار الفقر الشديد بالتزامن مع ضعف الرقابة القانونية,إخفاء المخاطر المحتملة والتركيز على الفوائد فقط,التعارض بين احترام استقلالية المريضة وواجب الطبيب الأخلاقي في الحفاظ على الحياة,تعارض فكرة موت الدماغ مع معتقداتهم الدينية أو أملهم في حدوث معجزة,مراجعة قوائم الطعام وأسعار السلع الأساسية في الأسواق,قياس ضغط الدم ومعدل نبضات قلب أفراد العائلة,منع جميع عمليات زراعة الأعضاء في الدولة,الصراع بين حاجة الشخص للمال وخطر تحويل جسد الإنسان إلى سلعة تُباع وتُشترى,ضغط العمل الشديد ونظام المواعيد الذي يخصص وقتاً قصيراً لكل مريض,مراقبة جداول عمل الأطباء وحساب متوسط الوقت المخصص لكل مريض ومقارنته بمستوى رضا المرضى,إطلاق حملات توعية عامة وشرح المعايير الطبية بدقة مع تقديم دعم نفسي للعائلات,عقد ورش عمل لتدريب الأطباء على مهارات التواصل الفعال وتخصيص وقت كافٍ للشرح,نقص الوقت المتاح للأطباء بسبب ضغط العمل,قلة خبرتهم الطبية في كيفية تنفيذ هذا الإجراء,إجراء استبيان مجهول الهوية يقدم سيناريوهات أخلاقية للأطباء ويسألهم عن قيمهم,إجراء حوار شامل مع المريض، وإذا استمر التعارض، يتم تحويل رعاية المريض لطبيب آخر يقبل الإجراء,إطلاق حملات توعية وطنية شاملة في الإعلام والمدارس ودور العبادة,انتهاك صارخ لمبدأ العدالة والمساواة في تقديم الرعاية الصحية,نقص الوعي العام بأهمية التبرع وانتشار مفاهيم خاطئة حوله,تحليل المقالات الصحفية التي تتحدث عن خطورة الأمراض,تطبيق نظام 'فرز طبي' واضح يعتمد فقط على الحاجة الطبية وخطورة الحالة,تجاهل الموضوع طالما لم يصب أحد بأذى
3/12/2026 13:03:57,16 / 30,hagar.abdelaziz3@gmail.com,ضرورة وضع معايير أخلاقية ومنصفة لتحديد أولوية الحصول على الموارد,الاعتقاد بأن الأطباء لا يهتمون بالمرضى بشكل كافٍ,تحليل المحتوى الإعلامي حول التبرع بالأعضاء في الصحف,التكلفة المالية المرتفعة للبحث الجيني,إصدار قانون يجبر جميع المواطنين على التبرع بأعضائهم,انعدام العدالة في توزيع الموارد الصحية مما يمنع البعض من حقه في الرعاية,الخوف من الأعراض الجانبية غير المعروفة أو من كونهم 'فئران تجارب',قراءة المقالات الطبية المنشورة عن الدواء الجديد,انتشار الفقر الشديد بالتزامن مع ضعف الرقابة القانونية,تقديم مبالغ مالية ضخمة للمشاركين لجذبهم,التعارض بين احترام استقلالية المريضة وواجب الطبيب الأخلاقي في الحفاظ على الحياة,تعارض فكرة موت الدماغ مع معتقداتهم الدينية أو أملهم في حدوث معجزة,مراجعة قوائم الطعام وأسعار السلع الأساسية في الأسواق,إجراء مقابلات منظمة مع العائلات الرافضة ودراسة خلفياتهم الثقافية والدينية,تشديد العقوبات القانونية على السماسرة بالتزامن مع توفير برامج دعم اقتصادي للفقراء,التكلفة الطبية المرتفعة لعمليات زراعة الكلى,ضغط العمل الشديد ونظام المواعيد الذي يخصص وقتاً قصيراً لكل مريض,زيادة عدد المستشفيات في المدينة لملاحظة الفرق,إجبار العائلات بالقانون على قبول التشخيص وفصل الأجهزة,عقد ورش عمل لتدريب الأطباء على مهارات التواصل الفعال وتخصيص وقت كافٍ للشرح,انتهاك المعايير الأخلاقية الطبية وحق المريض الأساسي في الموافقة المستنيرة,الخوف من المسؤولية القانونية رغم أن الإجراء قانوني,إجراء استبيان مجهول الهوية يقدم سيناريوهات أخلاقية للأطباء ويسألهم عن قيمهم,أن يتجاهل الطبيب رغبة المريض تمامًا ويستمر في العلاج,إطلاق حملات توعية وطنية شاملة في الإعلام والمدارس ودور العبادة,انتهاك صارخ لمبدأ العدالة والمساواة في تقديم الرعاية الصحية,كثرة عدد الأطباء المتخصصين في زراعة الأعضاء,مقارنة عدد الفحوصات التي تتم للأمراض البسيطة مقابل الخطيرة,تطبيق نظام 'فرز طبي' واضح يعتمد فقط على الحاجة الطبية وخطورة الحالة,وضع سياسات صارمة وإنشاء 'لجنة أخلاقيات بحث' تراجع كل الأبحاث وتضمن موافقة واضحة
3/12/2026 13:08:47,17 / 30,marwa.shawky.a@gmail.com,ضرورة وضع معايير أخلاقية ومنصفة لتحديد أولوية الحصول على الموارد,عدم معرفة الأغلبية بالطريقة الصحيحة للتسجيل في قوائم التبرع,مراجعة قوانين التبرع بالأعضاء في الدول المجاورة,انتهاك مبدأ الموافقة المستنيرة وخداع المشاركين,إصدار قانون يجبر جميع المواطنين على التبرع بأعضائهم,انعدام العدالة في توزيع الموارد الصحية مما يمنع البعض من حقه في الرعاية,ارتفاع التكلفة المالية للاشتراك في هذه التجارب,إجراء مقابلات معمقة واستبيانات مجهولة الهوية مع المرضى الرافضين لسؤالهم عن أسباب رفضهم,زيادة عدد المستشفيات الخاصة التي تجري عمليات الزرع,تقديم مبالغ مالية ضخمة للمشاركين لجذبهم,التعارض بين احترام استقلالية المريضة وواجب الطبيب الأخلاقي في الحفاظ على الحياة,تعارض فكرة موت الدماغ مع معتقداتهم الدينية أو أملهم في حدوث معجزة,إجراء دراسة ميدانية لتحليل الوضع الاقتصادي والاجتماعي لضحايا بيع الأعضاء,قياس ضغط الدم ومعدل نبضات قلب أفراد العائلة,تشديد العقوبات القانونية على السماسرة بالتزامن مع توفير برامج دعم اقتصادي للفقراء,رفض أسرة المتبرع لهذا القرار خوفًا على صحته,اعتقاد الأطباء أن المرضى يرفضون الاستماع للنصائح,مراقبة جداول عمل الأطباء وحساب متوسط الوقت المخصص لكل مريض ومقارنته بمستوى رضا المرضى,منع وسائل الإعلام من التحدث عن حالات موت الدماغ,عقد ورش عمل لتدريب الأطباء على مهارات التواصل الفعال وتخصيص وقت كافٍ للشرح,انتهاك المعايير الأخلاقية الطبية وحق المريض الأساسي في الموافقة المستنيرة,قلة خبرتهم الطبية في كيفية تنفيذ هذا الإجراء,إجراء استبيان مجهول الهوية يقدم سيناريوهات أخلاقية للأطباء ويسألهم عن قيمهم,إجراء حوار شامل مع المريض، وإذا استمر التعارض، يتم تحويل رعاية المريض لطبيب آخر يقبل الإجراء,إطلاق حملات توعية وطنية شاملة في الإعلام والمدارس ودور العبادة,انتهاك صارخ لمبدأ العدالة والمساواة في تقديم الرعاية الصحية,كراهية عامة لفكرة المستشفيات والعمليات الجراحية,مقارنة عدد الفحوصات التي تتم للأمراض البسيطة مقابل الخطيرة,تطبيق نظام 'فرز طبي' واضح يعتمد فقط على الحاجة الطبية وخطورة الحالة,وضع سياسات صارمة وإنشاء 'لجنة أخلاقيات بحث' تراجع كل الأبحاث وتضمن موافقة واضحة
3/12/2026 13:14:02,18 / 30,tasneem.fouad48@gmail.com,ضرورة وضع معايير أخلاقية ومنصفة لتحديد أولوية الحصول على الموارد,وجود معتقدات دينية أو ثقافية راسخة تمنع المساس بالجسد بعد الوفاة,إجراء دراسة مسحية تقارن معدلات الموافقة لدى مجموعات بخلفيات دينية مختلفة,انتهاك مبدأ الموافقة المستنيرة وخداع المشاركين,منع وسائل الإعلام من مناقشة هذا الموضوع,انعدام العدالة في توزيع الموارد الصحية مما يمنع البعض من حقه في الرعاية,الخوف من الأعراض الجانبية غير المعروفة أو من كونهم 'فئران تجارب',سؤال الصيادلة في المستشفى عن رأيهم في التجارب,نقص الوعي التعليمي العام بمخاطر هذه العمليات,تقديم مبالغ مالية ضخمة للمشاركين لجذبهم,التعارض بين احترام استقلالية المريضة وواجب الطبيب الأخلاقي في الحفاظ على الحياة,تعارض فكرة موت الدماغ مع معتقداتهم الدينية أو أملهم في حدوث معجزة,سؤال الأثرياء الذين قاموا بشراء الأعضاء عن دوافعهم,قياس ضغط الدم ومعدل نبضات قلب أفراد العائلة,تشديد العقوبات القانونية على السماسرة بالتزامن مع توفير برامج دعم اقتصادي للفقراء,رفض أسرة المتبرع لهذا القرار خوفًا على صحته,ارتفاع أعداد المرضى بشكل يفوق قدرة الأطباء,رفع أسعار الكشف الطبي في العيادات الخارجية,إطلاق حملات توعية عامة وشرح المعايير الطبية بدقة مع تقديم دعم نفسي للعائلات,رفع أجور الأطباء فقط دون تغيير نظام العمل,انتهاك المعايير الأخلاقية الطبية وحق المريض الأساسي في الموافقة المستنيرة,قلة خبرتهم الطبية في كيفية تنفيذ هذا الإجراء,إجراء استبيان مجهول الهوية يقدم سيناريوهات أخلاقية للأطباء ويسألهم عن قيمهم,إجراء حوار شامل مع المريض، وإذا استمر التعارض، يتم تحويل رعاية المريض لطبيب آخر يقبل الإجراء,إطلاق حملات توعية وطنية شاملة في الإعلام والمدارس ودور العبادة,ارتفاع أعداد المرضى الوافدين إلى المستشفى يوميًا,نقص الوعي العام بأهمية التبرع وانتشار مفاهيم خاطئة حوله,إجراء استبيان يسأل الناس مباشرة عن ترتيب مخاوفهم كأسباب لعدم إجراء الفحص,تطبيق نظام 'فرز طبي' واضح يعتمد فقط على الحاجة الطبية وخطورة الحالة,وضع سياسات صارمة وإنشاء 'لجنة أخلاقيات بحث' تراجع كل الأبحاث وتضمن موافقة واضحة
3/12/2026 13:18:46,14 / 30,mariam.hassan55@gmail.com,ضرورة وضع معايير أخلاقية ومنصفة لتحديد أولوية الحصول على الموارد,الاعتقاد بأن الأطباء لا يهتمون بالمرضى بشكل كافٍ,تحليل المحتوى الإعلامي حول التبرع بالأعضاء في الصحف,انتهاك مبدأ الموافقة المستنيرة وخداع المشاركين,إغلاق جميع مراكز زراعة الأعضاء لتجنب الجدل,انعدام العدالة في توزيع الموارد الصحية مما يمنع البعض من حقه في الرعاية,الخوف من الأعراض الجانبية غير المعروفة أو من كونهم 'فئران تجارب',قراءة المقالات الطبية المنشورة عن الدواء الجديد,زيادة عدد المستشفيات الخاصة التي تجري عمليات الزرع,تقديم مبالغ مالية ضخمة للمشاركين لجذبهم,اعتراض أسرة المريضة على قرارها بسبب تعلقهم بها,تعارض فكرة موت الدماغ مع معتقداتهم الدينية أو أملهم في حدوث معجزة,مراجعة قوائم الطعام وأسعار السلع الأساسية في الأسواق,سؤال طاقم الممرضين عن انطباعاتهم حول العائلات,تشديد العقوبات القانونية على السماسرة بالتزامن مع توفير برامج دعم اقتصادي للفقراء,الصراع بين حاجة الشخص للمال وخطر تحويل جسد الإنسان إلى سلعة تُباع وتُشترى,اعتقاد الأطباء أن المرضى يرفضون الاستماع للنصائح,مراقبة جداول عمل الأطباء وحساب متوسط الوقت المخصص لكل مريض ومقارنته بمستوى رضا المرضى,إطلاق حملات توعية عامة وشرح المعايير الطبية بدقة مع تقديم دعم نفسي للعائلات,تقليل عدد المرضى المسموح بهم لكل طبيب بشكل دائم,انتهاك المعايير الأخلاقية الطبية وحق المريض الأساسي في الموافقة المستنيرة,قلة خبرتهم الطبية في كيفية تنفيذ هذا الإجراء,إجراء استبيان مجهول الهوية يقدم سيناريوهات أخلاقية للأطباء ويسألهم عن قيمهم,أن يتجاهل الطبيب رغبة المريض تمامًا ويستمر في العلاج,إطلاق حملات توعية وطنية شاملة في الإعلام والمدارس ودور العبادة,قلة عدد الأطباء والممرضين مقارنة بعدد المرضى,نقص الوعي العام بأهمية التبرع وانتشار مفاهيم خاطئة حوله,زيادة عدد المستشفيات التي تقدم الفحوصات وملاحظة الإقبال,إعطاء الأولوية للمرضى الأغنياء القادرين على الدفع,وضع سياسات صارمة وإنشاء 'لجنة أخلاقيات بحث' تراجع كل الأبحاث وتضمن موافقة واضحة
3/12/2026 13:43:52,21 / 30,safaa.atef.h@gmail.com,ضرورة وضع معايير أخلاقية ومنصفة لتحديد أولوية الحصول على الموارد,عدم معرفة الأغلبية بالطريقة الصحيحة للتسجيل في قوائم التبرع,سؤال الأطباء عن انطباعاتهم الشخصية حول المرضى,انتهاك مبدأ الموافقة المستنيرة وخداع المشاركين,منع وسائل الإعلام من مناقشة هذا الموضوع,انعدام العدالة في توزيع الموارد الصحية مما يمنع البعض من حقه في الرعاية,الخوف من الأعراض الجانبية غير المعروفة أو من كونهم 'فئران تجارب',قراءة المقالات الطبية المنشورة عن الدواء الجديد,انتشار الفقر الشديد بالتزامن مع ضعف الرقابة القانونية,تقديم مبالغ مالية ضخمة للمشاركين لجذبهم,التعارض بين احترام استقلالية المريضة وواجب الطبيب الأخلاقي في الحفاظ على الحياة,تعارض فكرة موت الدماغ مع معتقداتهم الدينية أو أملهم في حدوث معجزة,إجراء دراسة ميدانية لتحليل الوضع الاقتصادي والاجتماعي لضحايا بيع الأعضاء,قياس ضغط الدم ومعدل نبضات قلب أفراد العائلة,تشديد العقوبات القانونية على السماسرة بالتزامن مع توفير برامج دعم اقتصادي للفقراء,الصراع بين حاجة الشخص للمال وخطر تحويل جسد الإنسان إلى سلعة تُباع وتُشترى,ضغط العمل الشديد ونظام المواعيد الذي يخصص وقتاً قصيراً لكل مريض,زيادة عدد المستشفيات في المدينة لملاحظة الفرق,إطلاق حملات توعية عامة وشرح المعايير الطبية بدقة مع تقديم دعم نفسي للعائلات,عقد ورش عمل لتدريب الأطباء على مهارات التواصل الفعال وتخصيص وقت كافٍ للشرح,انتهاك المعايير الأخلاقية الطبية وحق المريض الأساسي في الموافقة المستنيرة,تعارض هذا الإجراء مع قَسَم أبقراط ومعتقداتهم الأخلاقية والدينية العميقة,إجراء استبيان مجهول الهوية يقدم سيناريوهات أخلاقية للأطباء ويسألهم عن قيمهم,إجراء حوار شامل مع المريض، وإذا استمر التعارض، يتم تحويل رعاية المريض لطبيب آخر يقبل الإجراء,إطلاق حملات توعية وطنية شاملة في الإعلام والمدارس ودور العبادة,انتهاك صارخ لمبدأ العدالة والمساواة في تقديم الرعاية الصحية,ارتفاع المستوى الصحي العام في المجتمع وقلة الحاجة للزرع,تحليل المقالات الصحفية التي تتحدث عن خطورة الأمراض,تطبيق نظام 'فرز طبي' واضح يعتمد فقط على الحاجة الطبية وخطورة الحالة,وضع سياسات صارمة وإنشاء 'لجنة أخلاقيات بحث' تراجع كل الأبحاث وتضمن موافقة واضحة
3/12/2026 13:54:15,13 / 30,aya.abdelrahman7@gmail.com,نقص التمويل الحكومي المخصص للمستشفيات,عدم معرفة الأغلبية بالطريقة الصحيحة للتسجيل في قوائم التبرع,سؤال الأطباء عن انطباعاتهم الشخصية حول المرضى,انتهاك مبدأ الموافقة المستنيرة وخداع المشاركين,إصدار قانون يجبر جميع المواطنين على التبرع بأعضائهم,انعدام العدالة في توزيع الموارد الصحية مما يمنع البعض من حقه في الرعاية,الخوف من الأعراض الجانبية غير المعروفة أو من كونهم 'فئران تجارب',سؤال الصيادلة في المستشفى عن رأيهم في التجارب,انتشار الفقر الشديد بالتزامن مع ضعف الرقابة القانونية,تقديم مبالغ مالية ضخمة للمشاركين لجذبهم,اعتراض أسرة المريضة على قرارها بسبب تعلقهم بها,تعارض فكرة موت الدماغ مع معتقداتهم الدينية أو أملهم في حدوث معجزة,زيارة المناطق السياحية في هذه الدولة وملاحظة الزوار,قياس ضغط الدم ومعدل نبضات قلب أفراد العائلة,تشديد العقوبات القانونية على السماسرة بالتزامن مع توفير برامج دعم اقتصادي للفقراء,الصراع بين حاجة الشخص للمال وخطر تحويل جسد الإنسان إلى سلعة تُباع وتُشترى,ارتفاع أعداد المرضى بشكل يفوق قدرة الأطباء,زيادة عدد المستشفيات في المدينة لملاحظة الفرق,إلغاء معيار موت الدماغ والعودة لمعيار توقف القلب فقط,تقليل عدد المرضى المسموح بهم لكل طبيب بشكل دائم,ارتفاع عدد العمليات الجراحية التي يجريها القسم,تعارض هذا الإجراء مع قَسَم أبقراط ومعتقداتهم الأخلاقية والدينية العميقة,إجراء استبيان مجهول الهوية يقدم سيناريوهات أخلاقية للأطباء ويسألهم عن قيمهم,إجراء حوار شامل مع المريض، وإذا استمر التعارض، يتم تحويل رعاية المريض لطبيب آخر يقبل الإجراء,إطلاق حملات توعية وطنية شاملة في الإعلام والمدارس ودور العبادة,نقص الأسِرَّة المتاحة في المستشفى لاستقبال المرضى,ارتفاع المستوى الصحي العام في المجتمع وقلة الحاجة للزرع,زيادة عدد المستشفيات التي تقدم الفحوصات وملاحظة الإقبال,تطبيق نظام 'فرز طبي' واضح يعتمد فقط على الحاجة الطبية وخطورة الحالة,وضع سياسات صارمة وإنشاء 'لجنة أخلاقيات بحث' تراجع كل الأبحاث وتضمن موافقة واضحة
3/12/2026 14:08:46,23 / 30,lamiaa.fathy8@gmail.com,ضرورة وضع معايير أخلاقية ومنصفة لتحديد أولوية الحصول على الموارد,وجود معتقدات دينية أو ثقافية راسخة تمنع المساس بالجسد بعد الوفاة,مراجعة قوانين التبرع بالأعضاء في الدول المجاورة,انتهاك مبدأ الموافقة المستنيرة وخداع المشاركين,إغلاق جميع مراكز زراعة الأعضاء لتجنب الجدل,انعدام العدالة في توزيع الموارد الصحية مما يمنع البعض من حقه في الرعاية,الخوف من الأعراض الجانبية غير المعروفة أو من كونهم 'فئران تجارب',إجراء مقابلات معمقة واستبيانات مجهولة الهوية مع المرضى الرافضين لسؤالهم عن أسباب رفضهم,نقص الوعي التعليمي العام بمخاطر هذه العمليات,تطبيق 'الموافقة المستنيرة' بصرامة، وشرح الفوائد والمخاطر بشفافية كاملة,التعارض بين احترام استقلالية المريضة وواجب الطبيب الأخلاقي في الحفاظ على الحياة,تعارض فكرة موت الدماغ مع معتقداتهم الدينية أو أملهم في حدوث معجزة,مراجعة قوائم الطعام وأسعار السلع الأساسية في الأسواق,قياس ضغط الدم ومعدل نبضات قلب أفراد العائلة,تشديد العقوبات القانونية على السماسرة بالتزامن مع توفير برامج دعم اقتصادي للفقراء,الصراع بين حاجة الشخص للمال وخطر تحويل جسد الإنسان إلى سلعة تُباع وتُشترى,ضغط العمل الشديد ونظام المواعيد الذي يخصص وقتاً قصيراً لكل مريض,مراقبة جداول عمل الأطباء وحساب متوسط الوقت المخصص لكل مريض ومقارنته بمستوى رضا المرضى,إطلاق حملات توعية عامة وشرح المعايير الطبية بدقة مع تقديم دعم نفسي للعائلات,عقد ورش عمل لتدريب الأطباء على مهارات التواصل الفعال وتخصيص وقت كافٍ للشرح,ارتفاع عدد العمليات الجراحية التي يجريها القسم,تعارض هذا الإجراء مع قَسَم أبقراط ومعتقداتهم الأخلاقية والدينية العميقة,إجراء استبيان مجهول الهوية يقدم سيناريوهات أخلاقية للأطباء ويسألهم عن قيمهم,إجراء حوار شامل مع المريض، وإذا استمر التعارض، يتم تحويل رعاية المريض لطبيب آخر يقبل الإجراء,إطلاق حملات توعية وطنية شاملة في الإعلام والمدارس ودور العبادة,ارتفاع أعداد المرضى الوافدين إلى المستشفى يوميًا,نقص الوعي العام بأهمية التبرع وانتشار مفاهيم خاطئة حوله,إجراء استبيان يسأل الناس مباشرة عن ترتيب مخاوفهم كأسباب لعدم إجراء الفحص,تطبيق نظام 'فرز طبي' واضح يعتمد فقط على الحاجة الطبية وخطورة الحالة,وضع سياسات صارمة وإنشاء 'لجنة أخلاقيات بحث' تراجع كل الأبحاث وتضمن موافقة واضحة
3/12/2026 14:48:51,22 / 30,lobna.hamdan.k@gmail.com,ضرورة وضع معايير أخلاقية ومنصفة لتحديد أولوية الحصول على الموارد,وجود معتقدات دينية أو ثقافية راسخة تمنع المساس بالجسد بعد الوفاة,سؤال الأطباء عن انطباعاتهم الشخصية حول المرضى,انتهاك مبدأ الموافقة المستنيرة وخداع المشاركين,إطلاق حملات توعية بالتعاون مع رجال الدين الموثوقين لتوضيح الموقف الديني الصحيح,انعدام العدالة في توزيع الموارد الصحية مما يمنع البعض من حقه في الرعاية,الخوف من الأعراض الجانبية غير المعروفة أو من كونهم 'فئران تجارب',إجراء فحوصات دم للمرضى لقياس مستوى القلق لديهم,انتشار الفقر الشديد بالتزامن مع ضعف الرقابة القانونية,تطبيق 'الموافقة المستنيرة' بصرامة، وشرح الفوائد والمخاطر بشفافية كاملة,التعارض بين احترام استقلالية المريضة وواجب الطبيب الأخلاقي في الحفاظ على الحياة,تعارض فكرة موت الدماغ مع معتقداتهم الدينية أو أملهم في حدوث معجزة,سؤال الأثرياء الذين قاموا بشراء الأعضاء عن دوافعهم,قياس ضغط الدم ومعدل نبضات قلب أفراد العائلة,تشديد العقوبات القانونية على السماسرة بالتزامن مع توفير برامج دعم اقتصادي للفقراء,الصراع بين حاجة الشخص للمال وخطر تحويل جسد الإنسان إلى سلعة تُباع وتُشترى,ضغط العمل الشديد ونظام المواعيد الذي يخصص وقتاً قصيراً لكل مريض,زيادة عدد المستشفيات في المدينة لملاحظة الفرق,إطلاق حملات توعية عامة وشرح المعايير الطبية بدقة مع تقديم دعم نفسي للعائلات,عقد ورش عمل لتدريب الأطباء على مهارات التواصل الفعال وتخصيص وقت كافٍ للشرح,انتهاك المعايير الأخلاقية الطبية وحق المريض الأساسي في الموافقة المستنيرة,عدم توفر المعدات والأدوية اللازمة لتنفيذه,إجراء استبيان مجهول الهوية يقدم سيناريوهات أخلاقية للأطباء ويسألهم عن قيمهم,إجراء حوار شامل مع المريض، وإذا استمر التعارض، يتم تحويل رعاية المريض لطبيب آخر يقبل الإجراء,إطلاق حملات توعية وطنية شاملة في الإعلام والمدارس ودور العبادة,انتهاك صارخ لمبدأ العدالة والمساواة في تقديم الرعاية الصحية,نقص الوعي العام بأهمية التبرع وانتشار مفاهيم خاطئة حوله,تحليل المقالات الصحفية التي تتحدث عن خطورة الأمراض,تطبيق نظام 'فرز طبي' واضح يعتمد فقط على الحاجة الطبية وخطورة الحالة,تجاهل الموضوع طالما لم يصب أحد بأذى
3/12/2026 14:58:54,17 / 30,esraa.hussein33@gmail.com,ضرورة وضع معايير أخلاقية ومنصفة لتحديد أولوية الحصول على الموارد,وجود معتقدات دينية أو ثقافية راسخة تمنع المساس بالجسد بعد الوفاة,مراجعة قوانين التبرع بالأعضاء في الدول المجاورة,انتهاك مبدأ الموافقة المستنيرة وخداع المشاركين,إصدار قانون يجبر جميع المواطنين على التبرع بأعضائهم,عدم وجود عدد كافٍ من الأطباء المتخصصين في هذا المجال,الخوف من الأعراض الجانبية غير المعروفة أو من كونهم 'فئران تجارب',إجراء مقابلات معمقة واستبيانات مجهولة الهوية مع المرضى الرافضين لسؤالهم عن أسباب رفضهم,انتشار الفقر الشديد بالتزامن مع ضعف الرقابة القانونية,إجبار المرضى الذين ليس لديهم خيار آخر على المشاركة,التعارض بين احترام استقلالية المريضة وواجب الطبيب الأخلاقي في الحفاظ على الحياة,تعارض فكرة موت الدماغ مع معتقداتهم الدينية أو أملهم في حدوث معجزة,مراجعة قوائم الطعام وأسعار السلع الأساسية في الأسواق,مراجعة الميزانية السنوية لقسم العناية المركزة,تشديد العقوبات القانونية على السماسرة بالتزامن مع توفير برامج دعم اقتصادي للفقراء,الصراع بين حاجة الشخص للمال وخطر تحويل جسد الإنسان إلى سلعة تُباع وتُشترى,ضغط العمل الشديد ونظام المواعيد الذي يخصص وقتاً قصيراً لكل مريض,مراقبة جداول عمل الأطباء وحساب متوسط الوقت المخصص لكل مريض ومقارنته بمستوى رضا المرضى,إلغاء معيار موت الدماغ والعودة لمعيار توقف القلب فقط,عقد ورش عمل لتدريب الأطباء على مهارات التواصل الفعال وتخصيص وقت كافٍ للشرح,ارتفاع عدد العمليات الجراحية التي يجريها القسم,قلة خبرتهم الطبية في كيفية تنفيذ هذا الإجراء,إجراء استبيان مجهول الهوية يقدم سيناريوهات أخلاقية للأطباء ويسألهم عن قيمهم,إجراء حوار شامل مع المريض، وإذا استمر التعارض، يتم تحويل رعاية المريض لطبيب آخر يقبل الإجراء,إطلاق حملات توعية وطنية شاملة في الإعلام والمدارس ودور العبادة,ارتفاع أعداد المرضى الوافدين إلى المستشفى يوميًا,كراهية عامة لفكرة المستشفيات والعمليات الجراحية,تحليل المقالات الصحفية التي تتحدث عن خطورة الأمراض,إعطاء الأولوية للمرضى الأغنياء القادرين على الدفع,وضع سياسات صارمة وإنشاء 'لجنة أخلاقيات بحث' تراجع كل الأبحاث وتضمن موافقة واضحة
3/12/2026 15:13:59,20 / 30,alaa.tharwat.n@gmail.com,ضرورة وضع معايير أخلاقية ومنصفة لتحديد أولوية الحصول على الموارد,عدم معرفة الأغلبية بالطريقة الصحيحة للتسجيل في قوائم التبرع,تحليل المحتوى الإعلامي حول التبرع بالأعضاء في الصحف,انتهاك مبدأ الموافقة المستنيرة وخداع المشاركين,إغلاق جميع مراكز زراعة الأعضاء لتجنب الجدل,انعدام العدالة في توزيع الموارد الصحية مما يمنع البعض من حقه في الرعاية,الخوف من الأعراض الجانبية غير المعروفة أو من كونهم 'فئران تجارب',إجراء مقابلات معمقة واستبيانات مجهولة الهوية مع المرضى الرافضين لسؤالهم عن أسباب رفضهم,انتشار الفقر الشديد بالتزامن مع ضعف الرقابة القانونية,تطبيق 'الموافقة المستنيرة' بصرامة، وشرح الفوائد والمخاطر بشفافية كاملة,التعارض بين احترام استقلالية المريضة وواجب الطبيب الأخلاقي في الحفاظ على الحياة,تعارض فكرة موت الدماغ مع معتقداتهم الدينية أو أملهم في حدوث معجزة,زيارة المناطق السياحية في هذه الدولة وملاحظة الزوار,قياس ضغط الدم ومعدل نبضات قلب أفراد العائلة,تشديد العقوبات القانونية على السماسرة بالتزامن مع توفير برامج دعم اقتصادي للفقراء,رفض أسرة المتبرع لهذا القرار خوفًا على صحته,ضغط العمل الشديد ونظام المواعيد الذي يخصص وقتاً قصيراً لكل مريض,زيادة عدد المستشفيات في المدينة لملاحظة الفرق,منع وسائل الإعلام من التحدث عن حالات موت الدماغ,عقد ورش عمل لتدريب الأطباء على مهارات التواصل الفعال وتخصيص وقت كافٍ للشرح,انتهاك المعايير الأخلاقية الطبية وحق المريض الأساسي في الموافقة المستنيرة,قلة خبرتهم الطبية في كيفية تنفيذ هذا الإجراء,إجراء استبيان مجهول الهوية يقدم سيناريوهات أخلاقية للأطباء ويسألهم عن قيمهم,إجراء حوار شامل مع المريض، وإذا استمر التعارض، يتم تحويل رعاية المريض لطبيب آخر يقبل الإجراء,إطلاق حملات توعية وطنية شاملة في الإعلام والمدارس ودور العبادة,انتهاك صارخ لمبدأ العدالة والمساواة في تقديم الرعاية الصحية,نقص الوعي العام بأهمية التبرع وانتشار مفاهيم خاطئة حوله,مقارنة عدد الفحوصات التي تتم للأمراض البسيطة مقابل الخطيرة,تطبيق نظام 'فرز طبي' واضح يعتمد فقط على الحاجة الطبية وخطورة الحالة,وضع سياسات صارمة وإنشاء 'لجنة أخلاقيات بحث' تراجع كل الأبحاث وتضمن موافقة واضحة
3/12/2026 15:24:09,17 / 30,ganna.hesham4@gmail.com,ضرورة وضع معايير أخلاقية ومنصفة لتحديد أولوية الحصول على الموارد,الخوف العام من زيارة المستشفيات والتعامل مع الأطباء,إجراء دراسة مسحية تقارن معدلات الموافقة لدى مجموعات بخلفيات دينية مختلفة,انتهاك مبدأ الموافقة المستنيرة وخداع المشاركين,إطلاق حملات توعية بالتعاون مع رجال الدين الموثوقين لتوضيح الموقف الديني الصحيح,انعدام العدالة في توزيع الموارد الصحية مما يمنع البعض من حقه في الرعاية,الخوف من الأعراض الجانبية غير المعروفة أو من كونهم 'فئران تجارب',إجراء فحوصات دم للمرضى لقياس مستوى القلق لديهم,انتشار الفقر الشديد بالتزامن مع ضعف الرقابة القانونية,إجبار المرضى الذين ليس لديهم خيار آخر على المشاركة,التعارض بين احترام استقلالية المريضة وواجب الطبيب الأخلاقي في الحفاظ على الحياة,تعارض فكرة موت الدماغ مع معتقداتهم الدينية أو أملهم في حدوث معجزة,سؤال الأثرياء الذين قاموا بشراء الأعضاء عن دوافعهم,إجراء مقابلات منظمة مع العائلات الرافضة ودراسة خلفياتهم الثقافية والدينية,تشديد العقوبات القانونية على السماسرة بالتزامن مع توفير برامج دعم اقتصادي للفقراء,رفض أسرة المتبرع لهذا القرار خوفًا على صحته,ضغط العمل الشديد ونظام المواعيد الذي يخصص وقتاً قصيراً لكل مريض,مراقبة جداول عمل الأطباء وحساب متوسط الوقت المخصص لكل مريض ومقارنته بمستوى رضا المرضى,إطلاق حملات توعية عامة وشرح المعايير الطبية بدقة مع تقديم دعم نفسي للعائلات,عقد ورش عمل لتدريب الأطباء على مهارات التواصل الفعال وتخصيص وقت كافٍ للشرح,ارتفاع عدد العمليات الجراحية التي يجريها القسم,قلة خبرتهم الطبية في كيفية تنفيذ هذا الإجراء,سؤال المرضى عن رأيهم في الأطباء الرافضين,إجراء حوار شامل مع المريض، وإذا استمر التعارض، يتم تحويل رعاية المريض لطبيب آخر يقبل الإجراء,إغلاق مراكز زراعة الأعضاء لتقليل الطلب,ارتفاع أعداد المرضى الوافدين إلى المستشفى يوميًا,كثرة عدد الأطباء المتخصصين في زراعة الأعضاء,زيادة عدد المستشفيات التي تقدم الفحوصات وملاحظة الإقبال,توزيع الأسرة والخدمات بنظام القرعة العشوائية,وضع سياسات صارمة وإنشاء 'لجنة أخلاقيات بحث' تراجع كل الأبحاث وتضمن موافقة واضحة
3/12/2026 15:33:47,21 / 30,gehan.fawzy14@gmail.com,ضرورة وضع معايير أخلاقية ومنصفة لتحديد أولوية الحصول على الموارد,عدم معرفة الأغلبية بالطريقة الصحيحة للتسجيل في قوائم التبرع,إجراء دراسة مسحية تقارن معدلات الموافقة لدى مجموعات بخلفيات دينية مختلفة,انتهاك مبدأ الموافقة المستنيرة وخداع المشاركين,إصدار قانون يجبر جميع المواطنين على التبرع بأعضائهم,انعدام العدالة في توزيع الموارد الصحية مما يمنع البعض من حقه في الرعاية,الخوف من الأعراض الجانبية غير المعروفة أو من كونهم 'فئران تجارب',سؤال الصيادلة في المستشفى عن رأيهم في التجارب,انتشار الفقر الشديد بالتزامن مع ضعف الرقابة القانونية,تطبيق 'الموافقة المستنيرة' بصرامة، وشرح الفوائد والمخاطر بشفافية كاملة,نقص الأدوية المسكنة الفعالة في المستشفى,تعارض فكرة موت الدماغ مع معتقداتهم الدينية أو أملهم في حدوث معجزة,مراجعة قوائم الطعام وأسعار السلع الأساسية في الأسواق,قياس ضغط الدم ومعدل نبضات قلب أفراد العائلة,تشديد العقوبات القانونية على السماسرة بالتزامن مع توفير برامج دعم اقتصادي للفقراء,الصراع بين حاجة الشخص للمال وخطر تحويل جسد الإنسان إلى سلعة تُباع وتُشترى,ضغط العمل الشديد ونظام المواعيد الذي يخصص وقتاً قصيراً لكل مريض,رفع أسعار الكشف الطبي في العيادات الخارجية,إطلاق حملات توعية عامة وشرح المعايير الطبية بدقة مع تقديم دعم نفسي للعائلات,عقد ورش عمل لتدريب الأطباء على مهارات التواصل الفعال وتخصيص وقت كافٍ للشرح,ارتفاع عدد العمليات الجراحية التي يجريها القسم,تعارض هذا الإجراء مع قَسَم أبقراط ومعتقداتهم الأخلاقية والدينية العميقة,إجراء استبيان مجهول الهوية يقدم سيناريوهات أخلاقية للأطباء ويسألهم عن قيمهم,إجراء حوار شامل مع المريض، وإذا استمر التعارض، يتم تحويل رعاية المريض لطبيب آخر يقبل الإجراء,إطلاق حملات توعية وطنية شاملة في الإعلام والمدارس ودور العبادة,انتهاك صارخ لمبدأ العدالة والمساواة في تقديم الرعاية الصحية,نقص الوعي العام بأهمية التبرع وانتشار مفاهيم خاطئة حوله,زيادة عدد المستشفيات التي تقدم الفحوصات وملاحظة الإقبال,تطبيق نظام 'فرز طبي' واضح يعتمد فقط على الحاجة الطبية وخطورة الحالة,وضع سياسات صارمة وإنشاء 'لجنة أخلاقيات بحث' تراجع كل الأبحاث وتضمن موافقة واضحة
3/12/2026 16:23:51,20 / 30,maha.reda.m@gmail.com,ضرورة وضع معايير أخلاقية ومنصفة لتحديد أولوية الحصول على الموارد,وجود معتقدات دينية أو ثقافية راسخة تمنع المساس بالجسد بعد الوفاة,سؤال الأطباء عن انطباعاتهم الشخصية حول المرضى,انتهاك مبدأ الموافقة المستنيرة وخداع المشاركين,إطلاق حملات توعية بالتعاون مع رجال الدين الموثوقين لتوضيح الموقف الديني الصحيح,انعدام العدالة في توزيع الموارد الصحية مما يمنع البعض من حقه في الرعاية,الخوف من الأعراض الجانبية غير المعروفة أو من كونهم 'فئران تجارب',سؤال الصيادلة في المستشفى عن رأيهم في التجارب,رغبة بعض الأشخاص في خوض المغامرات الخطرة,تقديم مبالغ مالية ضخمة للمشاركين لجذبهم,اعتراض أسرة المريضة على قرارها بسبب تعلقهم بها,تعارض فكرة موت الدماغ مع معتقداتهم الدينية أو أملهم في حدوث معجزة,سؤال الأثرياء الذين قاموا بشراء الأعضاء عن دوافعهم,قياس ضغط الدم ومعدل نبضات قلب أفراد العائلة,تشديد العقوبات القانونية على السماسرة بالتزامن مع توفير برامج دعم اقتصادي للفقراء,الصراع بين حاجة الشخص للمال وخطر تحويل جسد الإنسان إلى سلعة تُباع وتُشترى,ضغط العمل الشديد ونظام المواعيد الذي يخصص وقتاً قصيراً لكل مريض,رفع أسعار الكشف الطبي في العيادات الخارجية,إطلاق حملات توعية عامة وشرح المعايير الطبية بدقة مع تقديم دعم نفسي للعائلات,عقد ورش عمل لتدريب الأطباء على مهارات التواصل الفعال وتخصيص وقت كافٍ للشرح,انتهاك المعايير الأخلاقية الطبية وحق المريض الأساسي في الموافقة المستنيرة,تعارض هذا الإجراء مع قَسَم أبقراط ومعتقداتهم الأخلاقية والدينية العميقة,إجراء استبيان مجهول الهوية يقدم سيناريوهات أخلاقية للأطباء ويسألهم عن قيمهم,إجراء حوار شامل مع المريض، وإذا استمر التعارض، يتم تحويل رعاية المريض لطبيب آخر يقبل الإجراء,إطلاق حملات توعية وطنية شاملة في الإعلام والمدارس ودور العبادة,انتهاك صارخ لمبدأ العدالة والمساواة في تقديم الرعاية الصحية,كراهية عامة لفكرة المستشفيات والعمليات الجراحية,زيادة عدد المستشفيات التي تقدم الفحوصات وملاحظة الإقبال,تطبيق نظام 'فرز طبي' واضح يعتمد فقط على الحاجة الطبية وخطورة الحالة,وضع سياسات صارمة وإنشاء 'لجنة أخلاقيات بحث' تراجع كل الأبحاث وتضمن موافقة واضحة
3/12/2026 16:48:55,26 / 30,neveen.bahaa10@gmail.com,ضرورة وضع معايير أخلاقية ومنصفة لتحديد أولوية الحصول على الموارد,وجود معتقدات دينية أو ثقافية راسخة تمنع المساس بالجسد بعد الوفاة,سؤال الأطباء عن انطباعاتهم الشخصية حول المرضى,انتهاك مبدأ الموافقة المستنيرة وخداع المشاركين,إطلاق حملات توعية بالتعاون مع رجال الدين الموثوقين لتوضيح الموقف الديني الصحيح,انعدام العدالة في توزيع الموارد الصحية مما يمنع البعض من حقه في الرعاية,الخوف من الأعراض الجانبية غير المعروفة أو من كونهم 'فئران تجارب',قراءة المقالات الطبية المنشورة عن الدواء الجديد,انتشار الفقر الشديد بالتزامن مع ضعف الرقابة القانونية,تقديم مبالغ مالية ضخمة للمشاركين لجذبهم,التعارض بين احترام استقلالية المريضة وواجب الطبيب الأخلاقي في الحفاظ على الحياة,تعارض فكرة موت الدماغ مع معتقداتهم الدينية أو أملهم في حدوث معجزة,إجراء دراسة ميدانية لتحليل الوضع الاقتصادي والاجتماعي لضحايا بيع الأعضاء,إجراء مقابلات منظمة مع العائلات الرافضة ودراسة خلفياتهم الثقافية والدينية,تشديد العقوبات القانونية على السماسرة بالتزامن مع توفير برامج دعم اقتصادي للفقراء,الصراع بين حاجة الشخص للمال وخطر تحويل جسد الإنسان إلى سلعة تُباع وتُشترى,ضغط العمل الشديد ونظام المواعيد الذي يخصص وقتاً قصيراً لكل مريض,مراقبة جداول عمل الأطباء وحساب متوسط الوقت المخصص لكل مريض ومقارنته بمستوى رضا المرضى,إطلاق حملات توعية عامة وشرح المعايير الطبية بدقة مع تقديم دعم نفسي للعائلات,عقد ورش عمل لتدريب الأطباء على مهارات التواصل الفعال وتخصيص وقت كافٍ للشرح,انتهاك المعايير الأخلاقية الطبية وحق المريض الأساسي في الموافقة المستنيرة,تعارض هذا الإجراء مع قَسَم أبقراط ومعتقداتهم الأخلاقية والدينية العميقة,إجراء استبيان مجهول الهوية يقدم سيناريوهات أخلاقية للأطباء ويسألهم عن قيمهم,إجراء حوار شامل مع المريض، وإذا استمر التعارض، يتم تحويل رعاية المريض لطبيب آخر يقبل الإجراء,إطلاق حملات توعية وطنية شاملة في الإعلام والمدارس ودور العبادة,انتهاك صارخ لمبدأ العدالة والمساواة في تقديم الرعاية الصحية,نقص الوعي العام بأهمية التبرع وانتشار مفاهيم خاطئة حوله,زيادة عدد المستشفيات التي تقدم الفحوصات وملاحظة الإقبال,تطبيق نظام 'فرز طبي' واضح يعتمد فقط على الحاجة الطبية وخطورة الحالة,وضع سياسات صارمة وإنشاء 'لجنة أخلاقيات بحث' تراجع كل الأبحاث وتضمن موافقة واضحة
3/12/2026 16:54:11,15 / 30,hagar.abdallah3@gmail.com,ضرورة وضع معايير أخلاقية ومنصفة لتحديد أولوية الحصول على الموارد,وجود معتقدات دينية أو ثقافية راسخة تمنع المساس بالجسد بعد الوفاة,تحليل المحتوى الإعلامي حول التبرع بالأعضاء في الصحف,انتهاك مبدأ الموافقة المستنيرة وخداع المشاركين,إصدار قانون يجبر جميع المواطنين على التبرع بأعضائهم,انعدام العدالة في توزيع الموارد الصحية مما يمنع البعض من حقه في الرعاية,الخوف من الأعراض الجانبية غير المعروفة أو من كونهم 'فئران تجارب',إجراء فحوصات دم للمرضى لقياس مستوى القلق لديهم,انتشار الفقر الشديد بالتزامن مع ضعف الرقابة القانونية,تقديم مبالغ مالية ضخمة للمشاركين لجذبهم,اعتراض أسرة المريضة على قرارها بسبب تعلقهم بها,عدم فهمهم للمصطلحات الطبية المعقدة التي يستخدمها الأطباء,إجراء دراسة ميدانية لتحليل الوضع الاقتصادي والاجتماعي لضحايا بيع الأعضاء,قياس ضغط الدم ومعدل نبضات قلب أفراد العائلة,تشديد العقوبات القانونية على السماسرة بالتزامن مع توفير برامج دعم اقتصادي للفقراء,الصراع بين حاجة الشخص للمال وخطر تحويل جسد الإنسان إلى سلعة تُباع وتُشترى,ارتفاع أعداد المرضى بشكل يفوق قدرة الأطباء,رفع أسعار الكشف الطبي في العيادات الخارجية,إطلاق حملات توعية عامة وشرح المعايير الطبية بدقة مع تقديم دعم نفسي للعائلات,تقليل عدد المرضى المسموح بهم لكل طبيب بشكل دائم,ارتفاع عدد العمليات الجراحية التي يجريها القسم,تعارض هذا الإجراء مع قَسَم أبقراط ومعتقداتهم الأخلاقية والدينية العميقة,إجراء استبيان مجهول الهوية يقدم سيناريوهات أخلاقية للأطباء ويسألهم عن قيمهم,إجراء حوار شامل مع المريض، وإذا استمر التعارض، يتم تحويل رعاية المريض لطبيب آخر يقبل الإجراء,إطلاق حملات توعية وطنية شاملة في الإعلام والمدارس ودور العبادة,نقص الأسِرَّة المتاحة في المستشفى لاستقبال المرضى,كراهية عامة لفكرة المستشفيات والعمليات الجراحية,زيادة عدد المستشفيات التي تقدم الفحوصات وملاحظة الإقبال,تطبيق نظام 'فرز طبي' واضح يعتمد فقط على الحاجة الطبية وخطورة الحالة,السماح بإجراء التجارب دون موافقة لتسريع وتيرة العلم
3/12/2026 18:08:46,18 / 30,reham.mostafa5@gmail.com,ضرورة وضع معايير أخلاقية ومنصفة لتحديد أولوية الحصول على الموارد,عدم معرفة الأغلبية بالطريقة الصحيحة للتسجيل في قوائم التبرع,إجراء دراسة مسحية تقارن معدلات الموافقة لدى مجموعات بخلفيات دينية مختلفة,انتهاك مبدأ الموافقة المستنيرة وخداع المشاركين,إصدار قانون يجبر جميع المواطنين على التبرع بأعضائهم,انعدام العدالة في توزيع الموارد الصحية مما يمنع البعض من حقه في الرعاية,الخوف من الأعراض الجانبية غير المعروفة أو من كونهم 'فئران تجارب',سؤال الصيادلة في المستشفى عن رأيهم في التجارب,رغبة بعض الأشخاص في خوض المغامرات الخطرة,إجبار المرضى الذين ليس لديهم خيار آخر على المشاركة,التعارض بين احترام استقلالية المريضة وواجب الطبيب الأخلاقي في الحفاظ على الحياة,تعارض فكرة موت الدماغ مع معتقداتهم الدينية أو أملهم في حدوث معجزة,سؤال الأثرياء الذين قاموا بشراء الأعضاء عن دوافعهم,إجراء مقابلات منظمة مع العائلات الرافضة ودراسة خلفياتهم الثقافية والدينية,تشديد العقوبات القانونية على السماسرة بالتزامن مع توفير برامج دعم اقتصادي للفقراء,الصراع بين حاجة الشخص للمال وخطر تحويل جسد الإنسان إلى سلعة تُباع وتُشترى,ضغط العمل الشديد ونظام المواعيد الذي يخصص وقتاً قصيراً لكل مريض,زيادة عدد المستشفيات في المدينة لملاحظة الفرق,منع وسائل الإعلام من التحدث عن حالات موت الدماغ,عقد ورش عمل لتدريب الأطباء على مهارات التواصل الفعال وتخصيص وقت كافٍ للشرح,انتهاك المعايير الأخلاقية الطبية وحق المريض الأساسي في الموافقة المستنيرة,قلة خبرتهم الطبية في كيفية تنفيذ هذا الإجراء,إجراء استبيان مجهول الهوية يقدم سيناريوهات أخلاقية للأطباء ويسألهم عن قيمهم,إجراء حوار شامل مع المريض، وإذا استمر التعارض، يتم تحويل رعاية المريض لطبيب آخر يقبل الإجراء,إطلاق حملات توعية وطنية شاملة في الإعلام والمدارس ودور العبادة,ارتفاع أعداد المرضى الوافدين إلى المستشفى يوميًا,كراهية عامة لفكرة المستشفيات والعمليات الجراحية,زيادة عدد المستشفيات التي تقدم الفحوصات وملاحظة الإقبال,تطبيق نظام 'فرز طبي' واضح يعتمد فقط على الحاجة الطبية وخطورة الحالة,وضع سياسات صارمة وإنشاء 'لجنة أخلاقيات بحث' تراجع كل الأبحاث وتضمن موافقة واضحة
3/12/2026 18:19:03,20 / 30,malak.ayman50@gmail.com,ضرورة وضع معايير أخلاقية ومنصفة لتحديد أولوية الحصول على الموارد,عدم معرفة الأغلبية بالطريقة الصحيحة للتسجيل في قوائم التبرع,سؤال الأطباء عن انطباعاتهم الشخصية حول المرضى,انتهاك مبدأ الموافقة المستنيرة وخداع المشاركين,إطلاق حملات توعية بالتعاون مع رجال الدين الموثوقين لتوضيح الموقف الديني الصحيح,انعدام العدالة في توزيع الموارد الصحية مما يمنع البعض من حقه في الرعاية,الخوف من الأعراض الجانبية غير المعروفة أو من كونهم 'فئران تجارب',إجراء مقابلات معمقة واستبيانات مجهولة الهوية مع المرضى الرافضين لسؤالهم عن أسباب رفضهم,انتشار الفقر الشديد بالتزامن مع ضعف الرقابة القانونية,إخفاء المخاطر المحتملة والتركيز على الفوائد فقط,التعارض بين احترام استقلالية المريضة وواجب الطبيب الأخلاقي في الحفاظ على الحياة,تعارض فكرة موت الدماغ مع معتقداتهم الدينية أو أملهم في حدوث معجزة,إجراء دراسة ميدانية لتحليل الوضع الاقتصادي والاجتماعي لضحايا بيع الأعضاء,مراجعة الميزانية السنوية لقسم العناية المركزة,تشديد العقوبات القانونية على السماسرة بالتزامن مع توفير برامج دعم اقتصادي للفقراء,الصراع بين حاجة الشخص للمال وخطر تحويل جسد الإنسان إلى سلعة تُباع وتُشترى,ضغط العمل الشديد ونظام المواعيد الذي يخصص وقتاً قصيراً لكل مريض,مراقبة جداول عمل الأطباء وحساب متوسط الوقت المخصص لكل مريض ومقارنته بمستوى رضا المرضى,إلغاء معيار موت الدماغ والعودة لمعيار توقف القلب فقط,تقليل عدد المرضى المسموح بهم لكل طبيب بشكل دائم,انتهاك المعايير الأخلاقية الطبية وحق المريض الأساسي في الموافقة المستنيرة,قلة خبرتهم الطبية في كيفية تنفيذ هذا الإجراء,إجراء استبيان مجهول الهوية يقدم سيناريوهات أخلاقية للأطباء ويسألهم عن قيمهم,إجراء حوار شامل مع المريض، وإذا استمر التعارض، يتم تحويل رعاية المريض لطبيب آخر يقبل الإجراء,إطلاق حملات توعية وطنية شاملة في الإعلام والمدارس ودور العبادة,ارتفاع أعداد المرضى الوافدين إلى المستشفى يوميًا,كراهية عامة لفكرة المستشفيات والعمليات الجراحية,تحليل المقالات الصحفية التي تتحدث عن خطورة الأمراض,تطبيق نظام 'فرز طبي' واضح يعتمد فقط على الحاجة الطبية وخطورة الحالة,وضع سياسات صارمة وإنشاء 'لجنة أخلاقيات بحث' تراجع كل الأبحاث وتضمن موافقة واضحة
3/12/2026 19:28:57,20 / 30,soraya.karam20@gmail.com,ضرورة وضع معايير أخلاقية ومنصفة لتحديد أولوية الحصول على الموارد,عدم معرفة الأغلبية بالطريقة الصحيحة للتسجيل في قوائم التبرع,مراجعة قوانين التبرع بالأعضاء في الدول المجاورة,انتهاك مبدأ الموافقة المستنيرة وخداع المشاركين,إطلاق حملات توعية بالتعاون مع رجال الدين الموثوقين لتوضيح الموقف الديني الصحيح,عدم وجود عدد كافٍ من الأطباء المتخصصين في هذا المجال,الخوف من الأعراض الجانبية غير المعروفة أو من كونهم 'فئران تجارب',إجراء فحوصات دم للمرضى لقياس مستوى القلق لديهم,نقص الوعي التعليمي العام بمخاطر هذه العمليات,تقديم مبالغ مالية ضخمة للمشاركين لجذبهم,التعارض بين احترام استقلالية المريضة وواجب الطبيب الأخلاقي في الحفاظ على الحياة,تعارض فكرة موت الدماغ مع معتقداتهم الدينية أو أملهم في حدوث معجزة,إجراء دراسة ميدانية لتحليل الوضع الاقتصادي والاجتماعي لضحايا بيع الأعضاء,قياس ضغط الدم ومعدل نبضات قلب أفراد العائلة,تشديد العقوبات القانونية على السماسرة بالتزامن مع توفير برامج دعم اقتصادي للفقراء,الصراع بين حاجة الشخص للمال وخطر تحويل جسد الإنسان إلى سلعة تُباع وتُشترى,ضغط العمل الشديد ونظام المواعيد الذي يخصص وقتاً قصيراً لكل مريض,مراقبة جداول عمل الأطباء وحساب متوسط الوقت المخصص لكل مريض ومقارنته بمستوى رضا المرضى,إطلاق حملات توعية عامة وشرح المعايير الطبية بدقة مع تقديم دعم نفسي للعائلات,عقد ورش عمل لتدريب الأطباء على مهارات التواصل الفعال وتخصيص وقت كافٍ للشرح,انتهاك المعايير الأخلاقية الطبية وحق المريض الأساسي في الموافقة المستنيرة,الخوف من المسؤولية القانونية رغم أن الإجراء قانوني,إجراء استبيان مجهول الهوية يقدم سيناريوهات أخلاقية للأطباء ويسألهم عن قيمهم,إجراء حوار شامل مع المريض، وإذا استمر التعارض، يتم تحويل رعاية المريض لطبيب آخر يقبل الإجراء,إطلاق حملات توعية وطنية شاملة في الإعلام والمدارس ودور العبادة,انتهاك صارخ لمبدأ العدالة والمساواة في تقديم الرعاية الصحية,كراهية عامة لفكرة المستشفيات والعمليات الجراحية,إجراء استبيان يسأل الناس مباشرة عن ترتيب مخاوفهم كأسباب لعدم إجراء الفحص,توزيع الأسرة والخدمات بنظام القرعة العشوائية,وضع سياسات صارمة وإنشاء 'لجنة أخلاقيات بحث' تراجع كل الأبحاث وتضمن موافقة واضحة
3/12/2026 19:34:00,19 / 30,gomana.adel17@gmail.com,ضرورة وضع معايير أخلاقية ومنصفة لتحديد أولوية الحصول على الموارد,عدم معرفة الأغلبية بالطريقة الصحيحة للتسجيل في قوائم التبرع,تحليل المحتوى الإعلامي حول التبرع بالأعضاء في الصحف,انتهاك مبدأ الموافقة المستنيرة وخداع المشاركين,إطلاق حملات توعية بالتعاون مع رجال الدين الموثوقين لتوضيح الموقف الديني الصحيح,انعدام العدالة في توزيع الموارد الصحية مما يمنع البعض من حقه في الرعاية,الخوف من الأعراض الجانبية غير المعروفة أو من كونهم 'فئران تجارب',إجراء فحوصات دم للمرضى لقياس مستوى القلق لديهم,انتشار الفقر الشديد بالتزامن مع ضعف الرقابة القانونية,تقديم مبالغ مالية ضخمة للمشاركين لجذبهم,التعارض بين احترام استقلالية المريضة وواجب الطبيب الأخلاقي في الحفاظ على الحياة,تعارض فكرة موت الدماغ مع معتقداتهم الدينية أو أملهم في حدوث معجزة,مراجعة قوائم الطعام وأسعار السلع الأساسية في الأسواق,قياس ضغط الدم ومعدل نبضات قلب أفراد العائلة,تشديد العقوبات القانونية على السماسرة بالتزامن مع توفير برامج دعم اقتصادي للفقراء,رفض أسرة المتبرع لهذا القرار خوفًا على صحته,ضغط العمل الشديد ونظام المواعيد الذي يخصص وقتاً قصيراً لكل مريض,مراقبة جداول عمل الأطباء وحساب متوسط الوقت المخصص لكل مريض ومقارنته بمستوى رضا المرضى,إجبار العائلات بالقانون على قبول التشخيص وفصل الأجهزة,عقد ورش عمل لتدريب الأطباء على مهارات التواصل الفعال وتخصيص وقت كافٍ للشرح,انتهاك المعايير الأخلاقية الطبية وحق المريض الأساسي في الموافقة المستنيرة,تعارض هذا الإجراء مع قَسَم أبقراط ومعتقداتهم الأخلاقية والدينية العميقة,إجراء استبيان مجهول الهوية يقدم سيناريوهات أخلاقية للأطباء ويسألهم عن قيمهم,إجراء حوار شامل مع المريض، وإذا استمر التعارض، يتم تحويل رعاية المريض لطبيب آخر يقبل الإجراء,إطلاق حملات توعية وطنية شاملة في الإعلام والمدارس ودور العبادة,ارتفاع أعداد المرضى الوافدين إلى المستشفى يوميًا,نقص الوعي العام بأهمية التبرع وانتشار مفاهيم خاطئة حوله,مقارنة عدد الفحوصات التي تتم للأمراض البسيطة مقابل الخطيرة,إعطاء الأولوية للمرضى الأغنياء القادرين على الدفع,وضع سياسات صارمة وإنشاء 'لجنة أخلاقيات بحث' تراجع كل الأبحاث وتضمن موافقة واضحة
3/12/2026 19:58:51,18 / 30,amal.farouk58@gmail.com,ضرورة وضع معايير أخلاقية ومنصفة لتحديد أولوية الحصول على الموارد,الخوف العام من زيارة المستشفيات والتعامل مع الأطباء,مراجعة قوانين التبرع بالأعضاء في الدول المجاورة,انتهاك مبدأ الموافقة المستنيرة وخداع المشاركين,إطلاق حملات توعية بالتعاون مع رجال الدين الموثوقين لتوضيح الموقف الديني الصحيح,انعدام العدالة في توزيع الموارد الصحية مما يمنع البعض من حقه في الرعاية,الخوف من الأعراض الجانبية غير المعروفة أو من كونهم 'فئران تجارب',سؤال الصيادلة في المستشفى عن رأيهم في التجارب,نقص الوعي التعليمي العام بمخاطر هذه العمليات,تطبيق 'الموافقة المستنيرة' بصرامة، وشرح الفوائد والمخاطر بشفافية كاملة,اعتراض أسرة المريضة على قرارها بسبب تعلقهم بها,تعارض فكرة موت الدماغ مع معتقداتهم الدينية أو أملهم في حدوث معجزة,مراجعة قوائم الطعام وأسعار السلع الأساسية في الأسواق,قياس ضغط الدم ومعدل نبضات قلب أفراد العائلة,تشديد العقوبات القانونية على السماسرة بالتزامن مع توفير برامج دعم اقتصادي للفقراء,الصراع بين حاجة الشخص للمال وخطر تحويل جسد الإنسان إلى سلعة تُباع وتُشترى,ضغط العمل الشديد ونظام المواعيد الذي يخصص وقتاً قصيراً لكل مريض,مراقبة جداول عمل الأطباء وحساب متوسط الوقت المخصص لكل مريض ومقارنته بمستوى رضا المرضى,إلغاء معيار موت الدماغ والعودة لمعيار توقف القلب فقط,عقد ورش عمل لتدريب الأطباء على مهارات التواصل الفعال وتخصيص وقت كافٍ للشرح,التنافس المهني بين الأطباء داخل القسم,عدم توفر المعدات والأدوية اللازمة لتنفيذه,إجراء استبيان مجهول الهوية يقدم سيناريوهات أخلاقية للأطباء ويسألهم عن قيمهم,إجراء حوار شامل مع المريض، وإذا استمر التعارض، يتم تحويل رعاية المريض لطبيب آخر يقبل الإجراء,إطلاق حملات توعية وطنية شاملة في الإعلام والمدارس ودور العبادة,ارتفاع أعداد المرضى الوافدين إلى المستشفى يوميًا,نقص الوعي العام بأهمية التبرع وانتشار مفاهيم خاطئة حوله,زيادة عدد المستشفيات التي تقدم الفحوصات وملاحظة الإقبال,تطبيق نظام 'فرز طبي' واضح يعتمد فقط على الحاجة الطبية وخطورة الحالة,وضع سياسات صارمة وإنشاء 'لجنة أخلاقيات بحث' تراجع كل الأبحاث وتضمن موافقة واضحة
3/13/2026 9:23:48,25 / 30,suzan.hany.m@gmail.com,ضرورة وضع معايير أخلاقية ومنصفة لتحديد أولوية الحصول على الموارد,عدم معرفة الأغلبية بالطريقة الصحيحة للتسجيل في قوائم التبرع,إجراء دراسة مسحية تقارن معدلات الموافقة لدى مجموعات بخلفيات دينية مختلفة,انتهاك مبدأ الموافقة المستنيرة وخداع المشاركين,إطلاق حملات توعية بالتعاون مع رجال الدين الموثوقين لتوضيح الموقف الديني الصحيح,انعدام العدالة في توزيع الموارد الصحية مما يمنع البعض من حقه في الرعاية,الخوف من الأعراض الجانبية غير المعروفة أو من كونهم 'فئران تجارب',إجراء مقابلات معمقة واستبيانات مجهولة الهوية مع المرضى الرافضين لسؤالهم عن أسباب رفضهم,انتشار الفقر الشديد بالتزامن مع ضعف الرقابة القانونية,تطبيق 'الموافقة المستنيرة' بصرامة، وشرح الفوائد والمخاطر بشفافية كاملة,التعارض بين احترام استقلالية المريضة وواجب الطبيب الأخلاقي في الحفاظ على الحياة,تعارض فكرة موت الدماغ مع معتقداتهم الدينية أو أملهم في حدوث معجزة,مراجعة قوائم الطعام وأسعار السلع الأساسية في الأسواق,إجراء مقابلات منظمة مع العائلات الرافضة ودراسة خلفياتهم الثقافية والدينية,تشديد العقوبات القانونية على السماسرة بالتزامن مع توفير برامج دعم اقتصادي للفقراء,الصراع بين حاجة الشخص للمال وخطر تحويل جسد الإنسان إلى سلعة تُباع وتُشترى,ضغط العمل الشديد ونظام المواعيد الذي يخصص وقتاً قصيراً لكل مريض,مراقبة جداول عمل الأطباء وحساب متوسط الوقت المخصص لكل مريض ومقارنته بمستوى رضا المرضى,إطلاق حملات توعية عامة وشرح المعايير الطبية بدقة مع تقديم دعم نفسي للعائلات,عقد ورش عمل لتدريب الأطباء على مهارات التواصل الفعال وتخصيص وقت كافٍ للشرح,انتهاك المعايير الأخلاقية الطبية وحق المريض الأساسي في الموافقة المستنيرة,تعارض هذا الإجراء مع قَسَم أبقراط ومعتقداتهم الأخلاقية والدينية العميقة,قياس معدل نبضات قلب الأطباء عند مناقشة الموضوع,إجراء حوار شامل مع المريض، وإذا استمر التعارض، يتم تحويل رعاية المريض لطبيب آخر يقبل الإجراء,إطلاق حملات توعية وطنية شاملة في الإعلام والمدارس ودور العبادة,انتهاك صارخ لمبدأ العدالة والمساواة في تقديم الرعاية الصحية,نقص الوعي العام بأهمية التبرع وانتشار مفاهيم خاطئة حوله,مقارنة عدد الفحوصات التي تتم للأمراض البسيطة مقابل الخطيرة,إعطاء الأولوية للمرضى الأغنياء القادرين على الدفع,وضع سياسات صارمة وإنشاء 'لجنة أخلاقيات بحث' تراجع كل الأبحاث وتضمن موافقة واضحة
3/13/2026 9:53:55,19 / 30,somaya.ragab.s@gmail.com,ضرورة وضع معايير أخلاقية ومنصفة لتحديد أولوية الحصول على الموارد,الخوف العام من زيارة المستشفيات والتعامل مع الأطباء,إجراء دراسة مسحية تقارن معدلات الموافقة لدى مجموعات بخلفيات دينية مختلفة,انتهاك مبدأ الموافقة المستنيرة وخداع المشاركين,إصدار قانون يجبر جميع المواطنين على التبرع بأعضائهم,انعدام العدالة في توزيع الموارد الصحية مما يمنع البعض من حقه في الرعاية,الخوف من الأعراض الجانبية غير المعروفة أو من كونهم 'فئران تجارب',سؤال الصيادلة في المستشفى عن رأيهم في التجارب,نقص الوعي التعليمي العام بمخاطر هذه العمليات,تطبيق 'الموافقة المستنيرة' بصرامة، وشرح الفوائد والمخاطر بشفافية كاملة,التعارض بين احترام استقلالية المريضة وواجب الطبيب الأخلاقي في الحفاظ على الحياة,تعارض فكرة موت الدماغ مع معتقداتهم الدينية أو أملهم في حدوث معجزة,مراجعة قوائم الطعام وأسعار السلع الأساسية في الأسواق,قياس ضغط الدم ومعدل نبضات قلب أفراد العائلة,تشديد العقوبات القانونية على السماسرة بالتزامن مع توفير برامج دعم اقتصادي للفقراء,الصراع بين حاجة الشخص للمال وخطر تحويل جسد الإنسان إلى سلعة تُباع وتُشترى,ضغط العمل الشديد ونظام المواعيد الذي يخصص وقتاً قصيراً لكل مريض,مراقبة جداول عمل الأطباء وحساب متوسط الوقت المخصص لكل مريض ومقارنته بمستوى رضا المرضى,إطلاق حملات توعية عامة وشرح المعايير الطبية بدقة مع تقديم دعم نفسي للعائلات,منع المرضى من طرح الأسئلة لتوفير وقت الطبيب,ارتفاع عدد العمليات الجراحية التي يجريها القسم,قلة خبرتهم الطبية في كيفية تنفيذ هذا الإجراء,إجراء استبيان مجهول الهوية يقدم سيناريوهات أخلاقية للأطباء ويسألهم عن قيمهم,إجراء حوار شامل مع المريض، وإذا استمر التعارض، يتم تحويل رعاية المريض لطبيب آخر يقبل الإجراء,إطلاق حملات توعية وطنية شاملة في الإعلام والمدارس ودور العبادة,انتهاك صارخ لمبدأ العدالة والمساواة في تقديم الرعاية الصحية,كثرة عدد الأطباء المتخصصين في زراعة الأعضاء,زيادة عدد المستشفيات التي تقدم الفحوصات وملاحظة الإقبال,تطبيق نظام 'فرز طبي' واضح يعتمد فقط على الحاجة الطبية وخطورة الحالة,وضع سياسات صارمة وإنشاء 'لجنة أخلاقيات بحث' تراجع كل الأبحاث وتضمن موافقة واضحة
3/13/2026 11:08:47,17 / 30,ebtesam.awad60@gmail.com,ضرورة وضع معايير أخلاقية ومنصفة لتحديد أولوية الحصول على الموارد,عدم معرفة الأغلبية بالطريقة الصحيحة للتسجيل في قوائم التبرع,تحليل المحتوى الإعلامي حول التبرع بالأعضاء في الصحف,انتهاك مبدأ الموافقة المستنيرة وخداع المشاركين,إطلاق حملات توعية بالتعاون مع رجال الدين الموثوقين لتوضيح الموقف الديني الصحيح,انعدام العدالة في توزيع الموارد الصحية مما يمنع البعض من حقه في الرعاية,الخوف من الأعراض الجانبية غير المعروفة أو من كونهم 'فئران تجارب',إجراء فحوصات دم للمرضى لقياس مستوى القلق لديهم,انتشار الفقر الشديد بالتزامن مع ضعف الرقابة القانونية,تقديم مبالغ مالية ضخمة للمشاركين لجذبهم,اعتراض أسرة المريضة على قرارها بسبب تعلقهم بها,تعارض فكرة موت الدماغ مع معتقداتهم الدينية أو أملهم في حدوث معجزة,إجراء دراسة ميدانية لتحليل الوضع الاقتصادي والاجتماعي لضحايا بيع الأعضاء,مراجعة الميزانية السنوية لقسم العناية المركزة,تشديد العقوبات القانونية على السماسرة بالتزامن مع توفير برامج دعم اقتصادي للفقراء,الصراع بين حاجة الشخص للمال وخطر تحويل جسد الإنسان إلى سلعة تُباع وتُشترى,ارتفاع أعداد المرضى بشكل يفوق قدرة الأطباء,زيادة عدد المستشفيات في المدينة لملاحظة الفرق,إجبار العائلات بالقانون على قبول التشخيص وفصل الأجهزة,عقد ورش عمل لتدريب الأطباء على مهارات التواصل الفعال وتخصيص وقت كافٍ للشرح,انتهاك المعايير الأخلاقية الطبية وحق المريض الأساسي في الموافقة المستنيرة,تعارض هذا الإجراء مع قَسَم أبقراط ومعتقداتهم الأخلاقية والدينية العميقة,إجراء استبيان مجهول الهوية يقدم سيناريوهات أخلاقية للأطباء ويسألهم عن قيمهم,إجراء حوار شامل مع المريض، وإذا استمر التعارض، يتم تحويل رعاية المريض لطبيب آخر يقبل الإجراء,إغلاق مراكز زراعة الأعضاء لتقليل الطلب,ارتفاع أعداد المرضى الوافدين إلى المستشفى يوميًا,ارتفاع المستوى الصحي العام في المجتمع وقلة الحاجة للزرع,تحليل المقالات الصحفية التي تتحدث عن خطورة الأمراض,تطبيق نظام 'فرز طبي' واضح يعتمد فقط على الحاجة الطبية وخطورة الحالة,وضع سياسات صارمة وإنشاء 'لجنة أخلاقيات بحث' تراجع كل الأبحاث وتضمن موافقة واضحة
3/13/2026 11:48:45,15 / 30,farah.zakaria26@gmail.com,الخوف من قيام أهل أحد المريضين بمقاضاة المستشفى,الاعتقاد بأن الأطباء لا يهتمون بالمرضى بشكل كافٍ,سؤال الأطباء عن انطباعاتهم الشخصية حول المرضى,انتهاك مبدأ الموافقة المستنيرة وخداع المشاركين,إطلاق حملات توعية بالتعاون مع رجال الدين الموثوقين لتوضيح الموقف الديني الصحيح,انعدام العدالة في توزيع الموارد الصحية مما يمنع البعض من حقه في الرعاية,الخوف من الأعراض الجانبية غير المعروفة أو من كونهم 'فئران تجارب',إجراء فحوصات دم للمرضى لقياس مستوى القلق لديهم,انتشار الفقر الشديد بالتزامن مع ضعف الرقابة القانونية,إجبار المرضى الذين ليس لديهم خيار آخر على المشاركة,التعارض بين احترام استقلالية المريضة وواجب الطبيب الأخلاقي في الحفاظ على الحياة,تعارض فكرة موت الدماغ مع معتقداتهم الدينية أو أملهم في حدوث معجزة,مراجعة قوائم الطعام وأسعار السلع الأساسية في الأسواق,إجراء مقابلات منظمة مع العائلات الرافضة ودراسة خلفياتهم الثقافية والدينية,تشديد العقوبات القانونية على السماسرة بالتزامن مع توفير برامج دعم اقتصادي للفقراء,الصراع بين حاجة الشخص للمال وخطر تحويل جسد الإنسان إلى سلعة تُباع وتُشترى,ضغط العمل الشديد ونظام المواعيد الذي يخصص وقتاً قصيراً لكل مريض,رفع أسعار الكشف الطبي في العيادات الخارجية,إلغاء معيار موت الدماغ والعودة لمعيار توقف القلب فقط,تقليل عدد المرضى المسموح بهم لكل طبيب بشكل دائم,ارتفاع عدد العمليات الجراحية التي يجريها القسم,الخوف من المسؤولية القانونية رغم أن الإجراء قانوني,سؤال المرضى عن رأيهم في الأطباء الرافضين,إجراء حوار شامل مع المريض، وإذا استمر التعارض، يتم تحويل رعاية المريض لطبيب آخر يقبل الإجراء,إغلاق مراكز زراعة الأعضاء لتقليل الطلب,ارتفاع أعداد المرضى الوافدين إلى المستشفى يوميًا,نقص الوعي العام بأهمية التبرع وانتشار مفاهيم خاطئة حوله,زيادة عدد المستشفيات التي تقدم الفحوصات وملاحظة الإقبال,تطبيق نظام 'فرز طبي' واضح يعتمد فقط على الحاجة الطبية وخطورة الحالة,وضع سياسات صارمة وإنشاء 'لجنة أخلاقيات بحث' تراجع كل الأبحاث وتضمن موافقة واضحة
3/13/2026 11:53:50,16 / 30,logain.samir.a@gmail.com,ضرورة وضع معايير أخلاقية ومنصفة لتحديد أولوية الحصول على الموارد,عدم معرفة الأغلبية بالطريقة الصحيحة للتسجيل في قوائم التبرع,إجراء دراسة مسحية تقارن معدلات الموافقة لدى مجموعات بخلفيات دينية مختلفة,انتهاك مبدأ الموافقة المستنيرة وخداع المشاركين,إغلاق جميع مراكز زراعة الأعضاء لتجنب الجدل,انعدام العدالة في توزيع الموارد الصحية مما يمنع البعض من حقه في الرعاية,الخوف من الأعراض الجانبية غير المعروفة أو من كونهم 'فئران تجارب',إجراء فحوصات دم للمرضى لقياس مستوى القلق لديهم,نقص الوعي التعليمي العام بمخاطر هذه العمليات,تطبيق 'الموافقة المستنيرة' بصرامة، وشرح الفوائد والمخاطر بشفافية كاملة,اعتراض أسرة المريضة على قرارها بسبب تعلقهم بها,تعارض فكرة موت الدماغ مع معتقداتهم الدينية أو أملهم في حدوث معجزة,مراجعة قوائم الطعام وأسعار السلع الأساسية في الأسواق,إجراء مقابلات منظمة مع العائلات الرافضة ودراسة خلفياتهم الثقافية والدينية,تشديد العقوبات القانونية على السماسرة بالتزامن مع توفير برامج دعم اقتصادي للفقراء,رفض أسرة المتبرع لهذا القرار خوفًا على صحته,شعور الأطباء بالملل من تكرار نفس الشرح,رفع أسعار الكشف الطبي في العيادات الخارجية,إطلاق حملات توعية عامة وشرح المعايير الطبية بدقة مع تقديم دعم نفسي للعائلات,عقد ورش عمل لتدريب الأطباء على مهارات التواصل الفعال وتخصيص وقت كافٍ للشرح,ارتفاع عدد العمليات الجراحية التي يجريها القسم,قلة خبرتهم الطبية في كيفية تنفيذ هذا الإجراء,إجراء استبيان مجهول الهوية يقدم سيناريوهات أخلاقية للأطباء ويسألهم عن قيمهم,إجراء حوار شامل مع المريض، وإذا استمر التعارض، يتم تحويل رعاية المريض لطبيب آخر يقبل الإجراء,إطلاق حملات توعية وطنية شاملة في الإعلام والمدارس ودور العبادة,ارتفاع أعداد المرضى الوافدين إلى المستشفى يوميًا,كراهية عامة لفكرة المستشفيات والعمليات الجراحية,زيادة عدد المستشفيات التي تقدم الفحوصات وملاحظة الإقبال,تطبيق نظام 'فرز طبي' واضح يعتمد فقط على الحاجة الطبية وخطورة الحالة,وضع سياسات صارمة وإنشاء 'لجنة أخلاقيات بحث' تراجع كل الأبحاث وتضمن موافقة واضحة
3/13/2026 12:03:54,25 / 30,ghada.refaat45@gmail.com,ضرورة وضع معايير أخلاقية ومنصفة لتحديد أولوية الحصول على الموارد,عدم معرفة الأغلبية بالطريقة الصحيحة للتسجيل في قوائم التبرع,مراجعة قوانين التبرع بالأعضاء في الدول المجاورة,انتهاك مبدأ الموافقة المستنيرة وخداع المشاركين,إطلاق حملات توعية بالتعاون مع رجال الدين الموثوقين لتوضيح الموقف الديني الصحيح,انعدام العدالة في توزيع الموارد الصحية مما يمنع البعض من حقه في الرعاية,الخوف من الأعراض الجانبية غير المعروفة أو من كونهم 'فئران تجارب',إجراء مقابلات معمقة واستبيانات مجهولة الهوية مع المرضى الرافضين لسؤالهم عن أسباب رفضهم,انتشار الفقر الشديد بالتزامن مع ضعف الرقابة القانونية,تطبيق 'الموافقة المستنيرة' بصرامة، وشرح الفوائد والمخاطر بشفافية كاملة,التعارض بين احترام استقلالية المريضة وواجب الطبيب الأخلاقي في الحفاظ على الحياة,تعارض فكرة موت الدماغ مع معتقداتهم الدينية أو أملهم في حدوث معجزة,إجراء دراسة ميدانية لتحليل الوضع الاقتصادي والاجتماعي لضحايا بيع الأعضاء,سؤال طاقم الممرضين عن انطباعاتهم حول العائلات,تشديد العقوبات القانونية على السماسرة بالتزامن مع توفير برامج دعم اقتصادي للفقراء,الصراع بين حاجة الشخص للمال وخطر تحويل جسد الإنسان إلى سلعة تُباع وتُشترى,ضغط العمل الشديد ونظام المواعيد الذي يخصص وقتاً قصيراً لكل مريض,مراقبة جداول عمل الأطباء وحساب متوسط الوقت المخصص لكل مريض ومقارنته بمستوى رضا المرضى,إطلاق حملات توعية عامة وشرح المعايير الطبية بدقة مع تقديم دعم نفسي للعائلات,عقد ورش عمل لتدريب الأطباء على مهارات التواصل الفعال وتخصيص وقت كافٍ للشرح,انتهاك المعايير الأخلاقية الطبية وحق المريض الأساسي في الموافقة المستنيرة,قلة خبرتهم الطبية في كيفية تنفيذ هذا الإجراء,إجراء استبيان مجهول الهوية يقدم سيناريوهات أخلاقية للأطباء ويسألهم عن قيمهم,إجراء حوار شامل مع المريض، وإذا استمر التعارض، يتم تحويل رعاية المريض لطبيب آخر يقبل الإجراء,إطلاق حملات توعية وطنية شاملة في الإعلام والمدارس ودور العبادة,انتهاك صارخ لمبدأ العدالة والمساواة في تقديم الرعاية الصحية,نقص الوعي العام بأهمية التبرع وانتشار مفاهيم خاطئة حوله,زيادة عدد المستشفيات التي تقدم الفحوصات وملاحظة الإقبال,تطبيق نظام 'فرز طبي' واضح يعتمد فقط على الحاجة الطبية وخطورة الحالة,وضع سياسات صارمة وإنشاء 'لجنة أخلاقيات بحث' تراجع كل الأبحاث وتضمن موافقة واضحة
3/13/2026 12:23:50,14 / 30,nourhan.ahmed84@gmail.com,ضرورة وضع معايير أخلاقية ومنصفة لتحديد أولوية الحصول على الموارد,الخوف العام من زيارة المستشفيات والتعامل مع الأطباء,سؤال الأطباء عن انطباعاتهم الشخصية حول المرضى,انتهاك مبدأ الموافقة المستنيرة وخداع المشاركين,إطلاق حملات توعية بالتعاون مع رجال الدين الموثوقين لتوضيح الموقف الديني الصحيح,انعدام العدالة في توزيع الموارد الصحية مما يمنع البعض من حقه في الرعاية,الخوف من الأعراض الجانبية غير المعروفة أو من كونهم 'فئران تجارب',إجراء فحوصات دم للمرضى لقياس مستوى القلق لديهم,رغبة بعض الأشخاص في خوض المغامرات الخطرة,تقديم مبالغ مالية ضخمة للمشاركين لجذبهم,التعارض بين احترام استقلالية المريضة وواجب الطبيب الأخلاقي في الحفاظ على الحياة,تعارض فكرة موت الدماغ مع معتقداتهم الدينية أو أملهم في حدوث معجزة,سؤال الأثرياء الذين قاموا بشراء الأعضاء عن دوافعهم,قياس ضغط الدم ومعدل نبضات قلب أفراد العائلة,تجاهل المشكلة واعتبارها حرية شخصية في بيع الجسد,الصراع بين حاجة الشخص للمال وخطر تحويل جسد الإنسان إلى سلعة تُباع وتُشترى,ضغط العمل الشديد ونظام المواعيد الذي يخصص وقتاً قصيراً لكل مريض,زيادة عدد المستشفيات في المدينة لملاحظة الفرق,إطلاق حملات توعية عامة وشرح المعايير الطبية بدقة مع تقديم دعم نفسي للعائلات,تقليل عدد المرضى المسموح بهم لكل طبيب بشكل دائم,نقص الوقت المتاح للأطباء بسبب ضغط العمل,الخوف من المسؤولية القانونية رغم أن الإجراء قانوني,إجراء استبيان مجهول الهوية يقدم سيناريوهات أخلاقية للأطباء ويسألهم عن قيمهم,أن يتجاهل الطبيب رغبة المريض تمامًا ويستمر في العلاج,إطلاق حملات توعية وطنية شاملة في الإعلام والمدارس ودور العبادة,ارتفاع أعداد المرضى الوافدين إلى المستشفى يوميًا,نقص الوعي العام بأهمية التبرع وانتشار مفاهيم خاطئة حوله,زيادة عدد المستشفيات التي تقدم الفحوصات وملاحظة الإقبال,تطبيق نظام 'فرز طبي' واضح يعتمد فقط على الحاجة الطبية وخطورة الحالة,تجاهل الموضوع طالما لم يصب أحد بأذى
3/13/2026 13:09:26,24 / 30,habiba.essam11@gmail.com,ضرورة وضع معايير أخلاقية ومنصفة لتحديد أولوية الحصول على الموارد,وجود معتقدات دينية أو ثقافية راسخة تمنع المساس بالجسد بعد الوفاة,مراجعة قوانين التبرع بالأعضاء في الدول المجاورة,انتهاك مبدأ الموافقة المستنيرة وخداع المشاركين,إطلاق حملات توعية بالتعاون مع رجال الدين الموثوقين لتوضيح الموقف الديني الصحيح,انعدام العدالة في توزيع الموارد الصحية مما يمنع البعض من حقه في الرعاية,الخوف من الأعراض الجانبية غير المعروفة أو من كونهم 'فئران تجارب',إجراء فحوصات دم للمرضى لقياس مستوى القلق لديهم,انتشار الفقر الشديد بالتزامن مع ضعف الرقابة القانونية,تطبيق 'الموافقة المستنيرة' بصرامة، وشرح الفوائد والمخاطر بشفافية كاملة,التعارض بين احترام استقلالية المريضة وواجب الطبيب الأخلاقي في الحفاظ على الحياة,تعارض فكرة موت الدماغ مع معتقداتهم الدينية أو أملهم في حدوث معجزة,إجراء دراسة ميدانية لتحليل الوضع الاقتصادي والاجتماعي لضحايا بيع الأعضاء,سؤال طاقم الممرضين عن انطباعاتهم حول العائلات,تشديد العقوبات القانونية على السماسرة بالتزامن مع توفير برامج دعم اقتصادي للفقراء,الصراع بين حاجة الشخص للمال وخطر تحويل جسد الإنسان إلى سلعة تُباع وتُشترى,ضغط العمل الشديد ونظام المواعيد الذي يخصص وقتاً قصيراً لكل مريض,مراقبة جداول عمل الأطباء وحساب متوسط الوقت المخصص لكل مريض ومقارنته بمستوى رضا المرضى,إطلاق حملات توعية عامة وشرح المعايير الطبية بدقة مع تقديم دعم نفسي للعائلات,عقد ورش عمل لتدريب الأطباء على مهارات التواصل الفعال وتخصيص وقت كافٍ للشرح,انتهاك المعايير الأخلاقية الطبية وحق المريض الأساسي في الموافقة المستنيرة,تعارض هذا الإجراء مع قَسَم أبقراط ومعتقداتهم الأخلاقية والدينية العميقة,إجراء استبيان مجهول الهوية يقدم سيناريوهات أخلاقية للأطباء ويسألهم عن قيمهم,إجراء حوار شامل مع المريض، وإذا استمر التعارض، يتم تحويل رعاية المريض لطبيب آخر يقبل الإجراء,إطلاق حملات توعية وطنية شاملة في الإعلام والمدارس ودور العبادة,نقص الأسِرَّة المتاحة في المستشفى لاستقبال المرضى,كثرة عدد الأطباء المتخصصين في زراعة الأعضاء,مقارنة عدد الفحوصات التي تتم للأمراض البسيطة مقابل الخطيرة,تطبيق نظام 'فرز طبي' واضح يعتمد فقط على الحاجة الطبية وخطورة الحالة,وضع سياسات صارمة وإنشاء 'لجنة أخلاقيات بحث' تراجع كل الأبحاث وتضمن موافقة واضحة
3/13/2026 14:13:46,21 / 30,engy.hazem36@gmail.com,عدم وجود عدد كافٍ من الأطباء في قسم الطوارئ,عدم معرفة الأغلبية بالطريقة الصحيحة للتسجيل في قوائم التبرع,سؤال الأطباء عن انطباعاتهم الشخصية حول المرضى,انتهاك مبدأ الموافقة المستنيرة وخداع المشاركين,منع وسائل الإعلام من مناقشة هذا الموضوع,انعدام العدالة في توزيع الموارد الصحية مما يمنع البعض من حقه في الرعاية,الخوف من الأعراض الجانبية غير المعروفة أو من كونهم 'فئران تجارب',إجراء فحوصات دم للمرضى لقياس مستوى القلق لديهم,انتشار الفقر الشديد بالتزامن مع ضعف الرقابة القانونية,تطبيق 'الموافقة المستنيرة' بصرامة، وشرح الفوائد والمخاطر بشفافية كاملة,التعارض بين احترام استقلالية المريضة وواجب الطبيب الأخلاقي في الحفاظ على الحياة,تعارض فكرة موت الدماغ مع معتقداتهم الدينية أو أملهم في حدوث معجزة,زيارة المناطق السياحية في هذه الدولة وملاحظة الزوار,إجراء مقابلات منظمة مع العائلات الرافضة ودراسة خلفياتهم الثقافية والدينية,تشديد العقوبات القانونية على السماسرة بالتزامن مع توفير برامج دعم اقتصادي للفقراء,الصراع بين حاجة الشخص للمال وخطر تحويل جسد الإنسان إلى سلعة تُباع وتُشترى,ضغط العمل الشديد ونظام المواعيد الذي يخصص وقتاً قصيراً لكل مريض,زيادة عدد المستشفيات في المدينة لملاحظة الفرق,إطلاق حملات توعية عامة وشرح المعايير الطبية بدقة مع تقديم دعم نفسي للعائلات,عقد ورش عمل لتدريب الأطباء على مهارات التواصل الفعال وتخصيص وقت كافٍ للشرح,انتهاك المعايير الأخلاقية الطبية وحق المريض الأساسي في الموافقة المستنيرة,قلة خبرتهم الطبية في كيفية تنفيذ هذا الإجراء,إجراء استبيان مجهول الهوية يقدم سيناريوهات أخلاقية للأطباء ويسألهم عن قيمهم,إجراء حوار شامل مع المريض، وإذا استمر التعارض، يتم تحويل رعاية المريض لطبيب آخر يقبل الإجراء,إطلاق حملات توعية وطنية شاملة في الإعلام والمدارس ودور العبادة,قلة عدد الأطباء والممرضين مقارنة بعدد المرضى,نقص الوعي العام بأهمية التبرع وانتشار مفاهيم خاطئة حوله,إجراء استبيان يسأل الناس مباشرة عن ترتيب مخاوفهم كأسباب لعدم إجراء الفحص,تطبيق نظام 'فرز طبي' واضح يعتمد فقط على الحاجة الطبية وخطورة الحالة,وضع سياسات صارمة وإنشاء 'لجنة أخلاقيات بحث' تراجع كل الأبحاث وتضمن موافقة واضحة
3/13/2026 15:58:50,25 / 30,yomna.mamdouh.s@gmail.com,ضرورة وضع معايير أخلاقية ومنصفة لتحديد أولوية الحصول على الموارد,الاعتقاد بأن الأطباء لا يهتمون بالمرضى بشكل كافٍ,إجراء دراسة مسحية تقارن معدلات الموافقة لدى مجموعات بخلفيات دينية مختلفة,انتهاك مبدأ الموافقة المستنيرة وخداع المشاركين,إطلاق حملات توعية بالتعاون مع رجال الدين الموثوقين لتوضيح الموقف الديني الصحيح,انعدام العدالة في توزيع الموارد الصحية مما يمنع البعض من حقه في الرعاية,الخوف من الأعراض الجانبية غير المعروفة أو من كونهم 'فئران تجارب',إجراء مقابلات معمقة واستبيانات مجهولة الهوية مع المرضى الرافضين لسؤالهم عن أسباب رفضهم,انتشار الفقر الشديد بالتزامن مع ضعف الرقابة القانونية,تطبيق 'الموافقة المستنيرة' بصرامة، وشرح الفوائد والمخاطر بشفافية كاملة,التعارض بين احترام استقلالية المريضة وواجب الطبيب الأخلاقي في الحفاظ على الحياة,تعارض فكرة موت الدماغ مع معتقداتهم الدينية أو أملهم في حدوث معجزة,مراجعة قوائم الطعام وأسعار السلع الأساسية في الأسواق,قياس ضغط الدم ومعدل نبضات قلب أفراد العائلة,تشديد العقوبات القانونية على السماسرة بالتزامن مع توفير برامج دعم اقتصادي للفقراء,الصراع بين حاجة الشخص للمال وخطر تحويل جسد الإنسان إلى سلعة تُباع وتُشترى,ضغط العمل الشديد ونظام المواعيد الذي يخصص وقتاً قصيراً لكل مريض,زيادة عدد المستشفيات في المدينة لملاحظة الفرق,إطلاق حملات توعية عامة وشرح المعايير الطبية بدقة مع تقديم دعم نفسي للعائلات,عقد ورش عمل لتدريب الأطباء على مهارات التواصل الفعال وتخصيص وقت كافٍ للشرح,انتهاك المعايير الأخلاقية الطبية وحق المريض الأساسي في الموافقة المستنيرة,تعارض هذا الإجراء مع قَسَم أبقراط ومعتقداتهم الأخلاقية والدينية العميقة,إجراء استبيان مجهول الهوية يقدم سيناريوهات أخلاقية للأطباء ويسألهم عن قيمهم,إجراء حوار شامل مع المريض، وإذا استمر التعارض، يتم تحويل رعاية المريض لطبيب آخر يقبل الإجراء,إطلاق حملات توعية وطنية شاملة في الإعلام والمدارس ودور العبادة,نقص الأسِرَّة المتاحة في المستشفى لاستقبال المرضى,نقص الوعي العام بأهمية التبرع وانتشار مفاهيم خاطئة حوله,إجراء استبيان يسأل الناس مباشرة عن ترتيب مخاوفهم كأسباب لعدم إجراء الفحص,تطبيق نظام 'فرز طبي' واضح يعتمد فقط على الحاجة الطبية وخطورة الحالة,وضع سياسات صارمة وإنشاء 'لجنة أخلاقيات بحث' تراجع كل الأبحاث وتضمن موافقة واضحة
3/13/2026 17:18:54,21 / 30,rasha.ashraf9@gmail.com,ضرورة وضع معايير أخلاقية ومنصفة لتحديد أولوية الحصول على الموارد,عدم معرفة الأغلبية بالطريقة الصحيحة للتسجيل في قوائم التبرع,تحليل المحتوى الإعلامي حول التبرع بالأعضاء في الصحف,انتهاك مبدأ الموافقة المستنيرة وخداع المشاركين,إطلاق حملات توعية بالتعاون مع رجال الدين الموثوقين لتوضيح الموقف الديني الصحيح,انعدام العدالة في توزيع الموارد الصحية مما يمنع البعض من حقه في الرعاية,الخوف من الأعراض الجانبية غير المعروفة أو من كونهم 'فئران تجارب',إجراء مقابلات معمقة واستبيانات مجهولة الهوية مع المرضى الرافضين لسؤالهم عن أسباب رفضهم,انتشار الفقر الشديد بالتزامن مع ضعف الرقابة القانونية,تطبيق 'الموافقة المستنيرة' بصرامة، وشرح الفوائد والمخاطر بشفافية كاملة,التعارض بين احترام استقلالية المريضة وواجب الطبيب الأخلاقي في الحفاظ على الحياة,تعارض فكرة موت الدماغ مع معتقداتهم الدينية أو أملهم في حدوث معجزة,إجراء دراسة ميدانية لتحليل الوضع الاقتصادي والاجتماعي لضحايا بيع الأعضاء,قياس ضغط الدم ومعدل نبضات قلب أفراد العائلة,تشديد العقوبات القانونية على السماسرة بالتزامن مع توفير برامج دعم اقتصادي للفقراء,الصراع بين حاجة الشخص للمال وخطر تحويل جسد الإنسان إلى سلعة تُباع وتُشترى,ضغط العمل الشديد ونظام المواعيد الذي يخصص وقتاً قصيراً لكل مريض,مراقبة جداول عمل الأطباء وحساب متوسط الوقت المخصص لكل مريض ومقارنته بمستوى رضا المرضى,إطلاق حملات توعية عامة وشرح المعايير الطبية بدقة مع تقديم دعم نفسي للعائلات,عقد ورش عمل لتدريب الأطباء على مهارات التواصل الفعال وتخصيص وقت كافٍ للشرح,ارتفاع عدد العمليات الجراحية التي يجريها القسم,عدم توفر المعدات والأدوية اللازمة لتنفيذه,إجراء استبيان مجهول الهوية يقدم سيناريوهات أخلاقية للأطباء ويسألهم عن قيمهم,إجراء حوار شامل مع المريض، وإذا استمر التعارض، يتم تحويل رعاية المريض لطبيب آخر يقبل الإجراء,إغلاق مراكز زراعة الأعضاء لتقليل الطلب,قلة عدد الأطباء والممرضين مقارنة بعدد المرضى,نقص الوعي العام بأهمية التبرع وانتشار مفاهيم خاطئة حوله,تحليل المقالات الصحفية التي تتحدث عن خطورة الأمراض,إعطاء الأولوية للمرضى الأغنياء القادرين على الدفع,وضع سياسات صارمة وإنشاء 'لجنة أخلاقيات بحث' تراجع كل الأبحاث وتضمن موافقة واضحة
3/13/2026 18:43:59,15 / 30,nada.ramadan.h@gmail.com,ضرورة وضع معايير أخلاقية ومنصفة لتحديد أولوية الحصول على الموارد,عدم معرفة الأغلبية بالطريقة الصحيحة للتسجيل في قوائم التبرع,سؤال الأطباء عن انطباعاتهم الشخصية حول المرضى,انتهاك مبدأ الموافقة المستنيرة وخداع المشاركين,إصدار قانون يجبر جميع المواطنين على التبرع بأعضائهم,انعدام العدالة في توزيع الموارد الصحية مما يمنع البعض من حقه في الرعاية,الخوف من الأعراض الجانبية غير المعروفة أو من كونهم 'فئران تجارب',إجراء فحوصات دم للمرضى لقياس مستوى القلق لديهم,رغبة بعض الأشخاص في خوض المغامرات الخطرة,تقديم مبالغ مالية ضخمة للمشاركين لجذبهم,اعتراض أسرة المريضة على قرارها بسبب تعلقهم بها,تعارض فكرة موت الدماغ مع معتقداتهم الدينية أو أملهم في حدوث معجزة,مراجعة قوائم الطعام وأسعار السلع الأساسية في الأسواق,قياس ضغط الدم ومعدل نبضات قلب أفراد العائلة,تشديد العقوبات القانونية على السماسرة بالتزامن مع توفير برامج دعم اقتصادي للفقراء,التكلفة الطبية المرتفعة لعمليات زراعة الكلى,اعتقاد الأطباء أن المرضى يرفضون الاستماع للنصائح,مراقبة جداول عمل الأطباء وحساب متوسط الوقت المخصص لكل مريض ومقارنته بمستوى رضا المرضى,إطلاق حملات توعية عامة وشرح المعايير الطبية بدقة مع تقديم دعم نفسي للعائلات,رفع أجور الأطباء فقط دون تغيير نظام العمل,ارتفاع عدد العمليات الجراحية التي يجريها القسم,تعارض هذا الإجراء مع قَسَم أبقراط ومعتقداتهم الأخلاقية والدينية العميقة,إجراء استبيان مجهول الهوية يقدم سيناريوهات أخلاقية للأطباء ويسألهم عن قيمهم,تنفيذ رغبة المريض فورًا دون أي نقاش إضافي,إطلاق حملات توعية وطنية شاملة في الإعلام والمدارس ودور العبادة,انتهاك صارخ لمبدأ العدالة والمساواة في تقديم الرعاية الصحية,كراهية عامة لفكرة المستشفيات والعمليات الجراحية,إجراء استبيان يسأل الناس مباشرة عن ترتيب مخاوفهم كأسباب لعدم إجراء الفحص,تطبيق نظام 'فرز طبي' واضح يعتمد فقط على الحاجة الطبية وخطورة الحالة,وضع سياسات صارمة وإنشاء 'لجنة أخلاقيات بحث' تراجع كل الأبحاث وتضمن موافقة واضحة
3/13/2026 19:23:45,24 / 30,wegdan.sobhy22@gmail.com,ضرورة وضع معايير أخلاقية ومنصفة لتحديد أولوية الحصول على الموارد,وجود معتقدات دينية أو ثقافية راسخة تمنع المساس بالجسد بعد الوفاة,سؤال الأطباء عن انطباعاتهم الشخصية حول المرضى,انتهاك مبدأ الموافقة المستنيرة وخداع المشاركين,إصدار قانون يجبر جميع المواطنين على التبرع بأعضائهم,انعدام العدالة في توزيع الموارد الصحية مما يمنع البعض من حقه في الرعاية,الخوف من الأعراض الجانبية غير المعروفة أو من كونهم 'فئران تجارب',سؤال الصيادلة في المستشفى عن رأيهم في التجارب,انتشار الفقر الشديد بالتزامن مع ضعف الرقابة القانونية,تطبيق 'الموافقة المستنيرة' بصرامة، وشرح الفوائد والمخاطر بشفافية كاملة,التعارض بين احترام استقلالية المريضة وواجب الطبيب الأخلاقي في الحفاظ على الحياة,تعارض فكرة موت الدماغ مع معتقداتهم الدينية أو أملهم في حدوث معجزة,إجراء دراسة ميدانية لتحليل الوضع الاقتصادي والاجتماعي لضحايا بيع الأعضاء,إجراء مقابلات منظمة مع العائلات الرافضة ودراسة خلفياتهم الثقافية والدينية,تشديد العقوبات القانونية على السماسرة بالتزامن مع توفير برامج دعم اقتصادي للفقراء,التكلفة الطبية المرتفعة لعمليات زراعة الكلى,ضغط العمل الشديد ونظام المواعيد الذي يخصص وقتاً قصيراً لكل مريض,زيادة عدد المستشفيات في المدينة لملاحظة الفرق,إطلاق حملات توعية عامة وشرح المعايير الطبية بدقة مع تقديم دعم نفسي للعائلات,عقد ورش عمل لتدريب الأطباء على مهارات التواصل الفعال وتخصيص وقت كافٍ للشرح,انتهاك المعايير الأخلاقية الطبية وحق المريض الأساسي في الموافقة المستنيرة,تعارض هذا الإجراء مع قَسَم أبقراط ومعتقداتهم الأخلاقية والدينية العميقة,إجراء استبيان مجهول الهوية يقدم سيناريوهات أخلاقية للأطباء ويسألهم عن قيمهم,إجراء حوار شامل مع المريض، وإذا استمر التعارض، يتم تحويل رعاية المريض لطبيب آخر يقبل الإجراء,إطلاق حملات توعية وطنية شاملة في الإعلام والمدارس ودور العبادة,انتهاك صارخ لمبدأ العدالة والمساواة في تقديم الرعاية الصحية,نقص الوعي العام بأهمية التبرع وانتشار مفاهيم خاطئة حوله,زيادة عدد المستشفيات التي تقدم الفحوصات وملاحظة الإقبال,تطبيق نظام 'فرز طبي' واضح يعتمد فقط على الحاجة الطبية وخطورة الحالة,وضع سياسات صارمة وإنشاء 'لجنة أخلاقيات بحث' تراجع كل الأبحاث وتضمن موافقة واضحة
3/13/2026 19:53:55,20 / 30,rahma.taha.n@gmail.com,ضرورة وضع معايير أخلاقية ومنصفة لتحديد أولوية الحصول على الموارد,عدم معرفة الأغلبية بالطريقة الصحيحة للتسجيل في قوائم التبرع,إجراء دراسة مسحية تقارن معدلات الموافقة لدى مجموعات بخلفيات دينية مختلفة,انتهاك مبدأ الموافقة المستنيرة وخداع المشاركين,إطلاق حملات توعية بالتعاون مع رجال الدين الموثوقين لتوضيح الموقف الديني الصحيح,انعدام العدالة في توزيع الموارد الصحية مما يمنع البعض من حقه في الرعاية,الخوف من الأعراض الجانبية غير المعروفة أو من كونهم 'فئران تجارب',قراءة المقالات الطبية المنشورة عن الدواء الجديد,نقص الوعي التعليمي العام بمخاطر هذه العمليات,تقديم مبالغ مالية ضخمة للمشاركين لجذبهم,التعارض بين احترام استقلالية المريضة وواجب الطبيب الأخلاقي في الحفاظ على الحياة,تعارض فكرة موت الدماغ مع معتقداتهم الدينية أو أملهم في حدوث معجزة,إجراء دراسة ميدانية لتحليل الوضع الاقتصادي والاجتماعي لضحايا بيع الأعضاء,إجراء مقابلات منظمة مع العائلات الرافضة ودراسة خلفياتهم الثقافية والدينية,تشديد العقوبات القانونية على السماسرة بالتزامن مع توفير برامج دعم اقتصادي للفقراء,الصراع بين حاجة الشخص للمال وخطر تحويل جسد الإنسان إلى سلعة تُباع وتُشترى,ضغط العمل الشديد ونظام المواعيد الذي يخصص وقتاً قصيراً لكل مريض,زيادة عدد المستشفيات في المدينة لملاحظة الفرق,منع وسائل الإعلام من التحدث عن حالات موت الدماغ,عقد ورش عمل لتدريب الأطباء على مهارات التواصل الفعال وتخصيص وقت كافٍ للشرح,التنافس المهني بين الأطباء داخل القسم,قلة خبرتهم الطبية في كيفية تنفيذ هذا الإجراء,إجراء استبيان مجهول الهوية يقدم سيناريوهات أخلاقية للأطباء ويسألهم عن قيمهم,إجراء حوار شامل مع المريض، وإذا استمر التعارض، يتم تحويل رعاية المريض لطبيب آخر يقبل الإجراء,إطلاق حملات توعية وطنية شاملة في الإعلام والمدارس ودور العبادة,انتهاك صارخ لمبدأ العدالة والمساواة في تقديم الرعاية الصحية,نقص الوعي العام بأهمية التبرع وانتشار مفاهيم خاطئة حوله,زيادة عدد المستشفيات التي تقدم الفحوصات وملاحظة الإقبال,رفض علاج المرضى الفقراء لتخفيف الضغط,وضع سياسات صارمة وإنشاء 'لجنة أخلاقيات بحث' تراجع كل الأبحاث وتضمن موافقة واضحة
3/14/2026 9:48:47,23 / 30,amira.yasser12@gmail.com,ضرورة وضع معايير أخلاقية ومنصفة لتحديد أولوية الحصول على الموارد,وجود معتقدات دينية أو ثقافية راسخة تمنع المساس بالجسد بعد الوفاة,إجراء دراسة مسحية تقارن معدلات الموافقة لدى مجموعات بخلفيات دينية مختلفة,التكلفة المالية المرتفعة للبحث الجيني,إطلاق حملات توعية بالتعاون مع رجال الدين الموثوقين لتوضيح الموقف الديني الصحيح,انعدام العدالة في توزيع الموارد الصحية مما يمنع البعض من حقه في الرعاية,الخوف من الأعراض الجانبية غير المعروفة أو من كونهم 'فئران تجارب',قراءة المقالات الطبية المنشورة عن الدواء الجديد,انتشار الفقر الشديد بالتزامن مع ضعف الرقابة القانونية,تطبيق 'الموافقة المستنيرة' بصرامة، وشرح الفوائد والمخاطر بشفافية كاملة,التعارض بين احترام استقلالية المريضة وواجب الطبيب الأخلاقي في الحفاظ على الحياة,تعارض فكرة موت الدماغ مع معتقداتهم الدينية أو أملهم في حدوث معجزة,مراجعة قوائم الطعام وأسعار السلع الأساسية في الأسواق,إجراء مقابلات منظمة مع العائلات الرافضة ودراسة خلفياتهم الثقافية والدينية,تشديد العقوبات القانونية على السماسرة بالتزامن مع توفير برامج دعم اقتصادي للفقراء,الصراع بين حاجة الشخص للمال وخطر تحويل جسد الإنسان إلى سلعة تُباع وتُشترى,ضغط العمل الشديد ونظام المواعيد الذي يخصص وقتاً قصيراً لكل مريض,مراقبة جداول عمل الأطباء وحساب متوسط الوقت المخصص لكل مريض ومقارنته بمستوى رضا المرضى,إلغاء معيار موت الدماغ والعودة لمعيار توقف القلب فقط,عقد ورش عمل لتدريب الأطباء على مهارات التواصل الفعال وتخصيص وقت كافٍ للشرح,نقص الوقت المتاح للأطباء بسبب ضغط العمل,تعارض هذا الإجراء مع قَسَم أبقراط ومعتقداتهم الأخلاقية والدينية العميقة,إجراء استبيان مجهول الهوية يقدم سيناريوهات أخلاقية للأطباء ويسألهم عن قيمهم,إجراء حوار شامل مع المريض، وإذا استمر التعارض، يتم تحويل رعاية المريض لطبيب آخر يقبل الإجراء,إطلاق حملات توعية وطنية شاملة في الإعلام والمدارس ودور العبادة,انتهاك صارخ لمبدأ العدالة والمساواة في تقديم الرعاية الصحية,نقص الوعي العام بأهمية التبرع وانتشار مفاهيم خاطئة حوله,زيادة عدد المستشفيات التي تقدم الفحوصات وملاحظة الإقبال,تطبيق نظام 'فرز طبي' واضح يعتمد فقط على الحاجة الطبية وخطورة الحالة,تجاهل الموضوع طالما لم يصب أحد بأذى
3/14/2026 11:38:48,19 / 30,sahar.abdelfatah@gmail.com,ضرورة وضع معايير أخلاقية ومنصفة لتحديد أولوية الحصول على الموارد,وجود معتقدات دينية أو ثقافية راسخة تمنع المساس بالجسد بعد الوفاة,تحليل المحتوى الإعلامي حول التبرع بالأعضاء في الصحف,انتهاك مبدأ الموافقة المستنيرة وخداع المشاركين,إصدار قانون يجبر جميع المواطنين على التبرع بأعضائهم,انعدام العدالة في توزيع الموارد الصحية مما يمنع البعض من حقه في الرعاية,الخوف من الأعراض الجانبية غير المعروفة أو من كونهم 'فئران تجارب',إجراء فحوصات دم للمرضى لقياس مستوى القلق لديهم,انتشار الفقر الشديد بالتزامن مع ضعف الرقابة القانونية,تطبيق 'الموافقة المستنيرة' بصرامة، وشرح الفوائد والمخاطر بشفافية كاملة,نقص الأدوية المسكنة الفعالة في المستشفى,تعارض فكرة موت الدماغ مع معتقداتهم الدينية أو أملهم في حدوث معجزة,مراجعة قوائم الطعام وأسعار السلع الأساسية في الأسواق,سؤال طاقم الممرضين عن انطباعاتهم حول العائلات,تشديد العقوبات القانونية على السماسرة بالتزامن مع توفير برامج دعم اقتصادي للفقراء,الصراع بين حاجة الشخص للمال وخطر تحويل جسد الإنسان إلى سلعة تُباع وتُشترى,ضغط العمل الشديد ونظام المواعيد الذي يخصص وقتاً قصيراً لكل مريض,رفع أسعار الكشف الطبي في العيادات الخارجية,منع وسائل الإعلام من التحدث عن حالات موت الدماغ,عقد ورش عمل لتدريب الأطباء على مهارات التواصل الفعال وتخصيص وقت كافٍ للشرح,انتهاك المعايير الأخلاقية الطبية وحق المريض الأساسي في الموافقة المستنيرة,تعارض هذا الإجراء مع قَسَم أبقراط ومعتقداتهم الأخلاقية والدينية العميقة,إجراء استبيان مجهول الهوية يقدم سيناريوهات أخلاقية للأطباء ويسألهم عن قيمهم,إجراء حوار شامل مع المريض، وإذا استمر التعارض، يتم تحويل رعاية المريض لطبيب آخر يقبل الإجراء,إطلاق حملات توعية وطنية شاملة في الإعلام والمدارس ودور العبادة,انتهاك صارخ لمبدأ العدالة والمساواة في تقديم الرعاية الصحية,كراهية عامة لفكرة المستشفيات والعمليات الجراحية,مقارنة عدد الفحوصات التي تتم للأمراض البسيطة مقابل الخطيرة,رفض علاج المرضى الفقراء لتخفيف الضغط,وضع سياسات صارمة وإنشاء 'لجنة أخلاقيات بحث' تراجع كل الأبحاث وتضمن موافقة واضحة
3/14/2026 11:48:56,23 / 30,ola.hamdy.m@gmail.com,ضرورة وضع معايير أخلاقية ومنصفة لتحديد أولوية الحصول على الموارد,وجود معتقدات دينية أو ثقافية راسخة تمنع المساس بالجسد بعد الوفاة,تحليل المحتوى الإعلامي حول التبرع بالأعضاء في الصحف,انتهاك مبدأ الموافقة المستنيرة وخداع المشاركين,إطلاق حملات توعية بالتعاون مع رجال الدين الموثوقين لتوضيح الموقف الديني الصحيح,انعدام العدالة في توزيع الموارد الصحية مما يمنع البعض من حقه في الرعاية,الخوف من الأعراض الجانبية غير المعروفة أو من كونهم 'فئران تجارب',إجراء فحوصات دم للمرضى لقياس مستوى القلق لديهم,انتشار الفقر الشديد بالتزامن مع ضعف الرقابة القانونية,إجبار المرضى الذين ليس لديهم خيار آخر على المشاركة,التعارض بين احترام استقلالية المريضة وواجب الطبيب الأخلاقي في الحفاظ على الحياة,تعارض فكرة موت الدماغ مع معتقداتهم الدينية أو أملهم في حدوث معجزة,سؤال الأثرياء الذين قاموا بشراء الأعضاء عن دوافعهم,قياس ضغط الدم ومعدل نبضات قلب أفراد العائلة,تشديد العقوبات القانونية على السماسرة بالتزامن مع توفير برامج دعم اقتصادي للفقراء,الصراع بين حاجة الشخص للمال وخطر تحويل جسد الإنسان إلى سلعة تُباع وتُشترى,ضغط العمل الشديد ونظام المواعيد الذي يخصص وقتاً قصيراً لكل مريض,رفع أسعار الكشف الطبي في العيادات الخارجية,إطلاق حملات توعية عامة وشرح المعايير الطبية بدقة مع تقديم دعم نفسي للعائلات,عقد ورش عمل لتدريب الأطباء على مهارات التواصل الفعال وتخصيص وقت كافٍ للشرح,انتهاك المعايير الأخلاقية الطبية وحق المريض الأساسي في الموافقة المستنيرة,تعارض هذا الإجراء مع قَسَم أبقراط ومعتقداتهم الأخلاقية والدينية العميقة,إجراء استبيان مجهول الهوية يقدم سيناريوهات أخلاقية للأطباء ويسألهم عن قيمهم,إجراء حوار شامل مع المريض، وإذا استمر التعارض، يتم تحويل رعاية المريض لطبيب آخر يقبل الإجراء,إطلاق حملات توعية وطنية شاملة في الإعلام والمدارس ودور العبادة,انتهاك صارخ لمبدأ العدالة والمساواة في تقديم الرعاية الصحية,نقص الوعي العام بأهمية التبرع وانتشار مفاهيم خاطئة حوله,مقارنة عدد الفحوصات التي تتم للأمراض البسيطة مقابل الخطيرة,تطبيق نظام 'فرز طبي' واضح يعتمد فقط على الحاجة الطبية وخطورة الحالة,وضع سياسات صارمة وإنشاء 'لجنة أخلاقيات بحث' تراجع كل الأبحاث وتضمن موافقة واضحة
3/14/2026 11:58:48,19 / 30,fatma.ali.k2@gmail.com,ضرورة وضع معايير أخلاقية ومنصفة لتحديد أولوية الحصول على الموارد,عدم معرفة الأغلبية بالطريقة الصحيحة للتسجيل في قوائم التبرع,إجراء دراسة مسحية تقارن معدلات الموافقة لدى مجموعات بخلفيات دينية مختلفة,انتهاك مبدأ الموافقة المستنيرة وخداع المشاركين,إصدار قانون يجبر جميع المواطنين على التبرع بأعضائهم,انعدام العدالة في توزيع الموارد الصحية مما يمنع البعض من حقه في الرعاية,الخوف من الأعراض الجانبية غير المعروفة أو من كونهم 'فئران تجارب',قراءة المقالات الطبية المنشورة عن الدواء الجديد,رغبة بعض الأشخاص في خوض المغامرات الخطرة,تطبيق 'الموافقة المستنيرة' بصرامة، وشرح الفوائد والمخاطر بشفافية كاملة,التعارض بين احترام استقلالية المريضة وواجب الطبيب الأخلاقي في الحفاظ على الحياة,عدم فهمهم للمصطلحات الطبية المعقدة التي يستخدمها الأطباء,مراجعة قوائم الطعام وأسعار السلع الأساسية في الأسواق,قياس ضغط الدم ومعدل نبضات قلب أفراد العائلة,تشديد العقوبات القانونية على السماسرة بالتزامن مع توفير برامج دعم اقتصادي للفقراء,الصراع بين حاجة الشخص للمال وخطر تحويل جسد الإنسان إلى سلعة تُباع وتُشترى,ضغط العمل الشديد ونظام المواعيد الذي يخصص وقتاً قصيراً لكل مريض,مراقبة جداول عمل الأطباء وحساب متوسط الوقت المخصص لكل مريض ومقارنته بمستوى رضا المرضى,منع وسائل الإعلام من التحدث عن حالات موت الدماغ,عقد ورش عمل لتدريب الأطباء على مهارات التواصل الفعال وتخصيص وقت كافٍ للشرح,انتهاك المعايير الأخلاقية الطبية وحق المريض الأساسي في الموافقة المستنيرة,تعارض هذا الإجراء مع قَسَم أبقراط ومعتقداتهم الأخلاقية والدينية العميقة,إجراء استبيان مجهول الهوية يقدم سيناريوهات أخلاقية للأطباء ويسألهم عن قيمهم,إجراء حوار شامل مع المريض، وإذا استمر التعارض، يتم تحويل رعاية المريض لطبيب آخر يقبل الإجراء,إغلاق مراكز زراعة الأعضاء لتقليل الطلب,انتهاك صارخ لمبدأ العدالة والمساواة في تقديم الرعاية الصحية,ارتفاع المستوى الصحي العام في المجتمع وقلة الحاجة للزرع,زيادة عدد المستشفيات التي تقدم الفحوصات وملاحظة الإقبال,تطبيق نظام 'فرز طبي' واضح يعتمد فقط على الحاجة الطبية وخطورة الحالة,وضع سياسات صارمة وإنشاء 'لجنة أخلاقيات بحث' تراجع كل الأبحاث وتضمن موافقة واضحة
3/14/2026 12:33:47,16 / 30,yasmin.wael37@gmail.com,ضرورة وضع معايير أخلاقية ومنصفة لتحديد أولوية الحصول على الموارد,الخوف العام من زيارة المستشفيات والتعامل مع الأطباء,سؤال الأطباء عن انطباعاتهم الشخصية حول المرضى,انتهاك مبدأ الموافقة المستنيرة وخداع المشاركين,إصدار قانون يجبر جميع المواطنين على التبرع بأعضائهم,انعدام العدالة في توزيع الموارد الصحية مما يمنع البعض من حقه في الرعاية,الخوف من الأعراض الجانبية غير المعروفة أو من كونهم 'فئران تجارب',إجراء فحوصات دم للمرضى لقياس مستوى القلق لديهم,انتشار الفقر الشديد بالتزامن مع ضعف الرقابة القانونية,تقديم مبالغ مالية ضخمة للمشاركين لجذبهم,التعارض بين احترام استقلالية المريضة وواجب الطبيب الأخلاقي في الحفاظ على الحياة,تعارض فكرة موت الدماغ مع معتقداتهم الدينية أو أملهم في حدوث معجزة,إجراء دراسة ميدانية لتحليل الوضع الاقتصادي والاجتماعي لضحايا بيع الأعضاء,قياس ضغط الدم ومعدل نبضات قلب أفراد العائلة,تشديد العقوبات القانونية على السماسرة بالتزامن مع توفير برامج دعم اقتصادي للفقراء,رفض أسرة المتبرع لهذا القرار خوفًا على صحته,ضغط العمل الشديد ونظام المواعيد الذي يخصص وقتاً قصيراً لكل مريض,مراقبة جداول عمل الأطباء وحساب متوسط الوقت المخصص لكل مريض ومقارنته بمستوى رضا المرضى,إطلاق حملات توعية عامة وشرح المعايير الطبية بدقة مع تقديم دعم نفسي للعائلات,تقليل عدد المرضى المسموح بهم لكل طبيب بشكل دائم,ارتفاع عدد العمليات الجراحية التي يجريها القسم,الخوف من المسؤولية القانونية رغم أن الإجراء قانوني,إجراء استبيان مجهول الهوية يقدم سيناريوهات أخلاقية للأطباء ويسألهم عن قيمهم,أن يتجاهل الطبيب رغبة المريض تمامًا ويستمر في العلاج,إطلاق حملات توعية وطنية شاملة في الإعلام والمدارس ودور العبادة,انتهاك صارخ لمبدأ العدالة والمساواة في تقديم الرعاية الصحية,ارتفاع المستوى الصحي العام في المجتمع وقلة الحاجة للزرع,تحليل المقالات الصحفية التي تتحدث عن خطورة الأمراض,تطبيق نظام 'فرز طبي' واضح يعتمد فقط على الحاجة الطبية وخطورة الحالة,تجاهل الموضوع طالما لم يصب أحد بأذى
3/14/2026 13:08:54,14 / 30,yasmin.khaled77@gmail.com,ضرورة وضع معايير أخلاقية ومنصفة لتحديد أولوية الحصول على الموارد,عدم معرفة الأغلبية بالطريقة الصحيحة للتسجيل في قوائم التبرع,سؤال الأطباء عن انطباعاتهم الشخصية حول المرضى,انتهاك مبدأ الموافقة المستنيرة وخداع المشاركين,إطلاق حملات توعية بالتعاون مع رجال الدين الموثوقين لتوضيح الموقف الديني الصحيح,انعدام العدالة في توزيع الموارد الصحية مما يمنع البعض من حقه في الرعاية,الخوف من الأعراض الجانبية غير المعروفة أو من كونهم 'فئران تجارب',إجراء فحوصات دم للمرضى لقياس مستوى القلق لديهم,انتشار الفقر الشديد بالتزامن مع ضعف الرقابة القانونية,تقديم مبالغ مالية ضخمة للمشاركين لجذبهم,التعارض بين احترام استقلالية المريضة وواجب الطبيب الأخلاقي في الحفاظ على الحياة,تعارض فكرة موت الدماغ مع معتقداتهم الدينية أو أملهم في حدوث معجزة,زيارة المناطق السياحية في هذه الدولة وملاحظة الزوار,قياس ضغط الدم ومعدل نبضات قلب أفراد العائلة,تشديد العقوبات القانونية على السماسرة بالتزامن مع توفير برامج دعم اقتصادي للفقراء,رفض أسرة المتبرع لهذا القرار خوفًا على صحته,شعور الأطباء بالملل من تكرار نفس الشرح,زيادة عدد المستشفيات في المدينة لملاحظة الفرق,إلغاء معيار موت الدماغ والعودة لمعيار توقف القلب فقط,رفع أجور الأطباء فقط دون تغيير نظام العمل,انتهاك المعايير الأخلاقية الطبية وحق المريض الأساسي في الموافقة المستنيرة,تعارض هذا الإجراء مع قَسَم أبقراط ومعتقداتهم الأخلاقية والدينية العميقة,إجراء استبيان مجهول الهوية يقدم سيناريوهات أخلاقية للأطباء ويسألهم عن قيمهم,إجراء حوار شامل مع المريض، وإذا استمر التعارض، يتم تحويل رعاية المريض لطبيب آخر يقبل الإجراء,إطلاق حملات توعية وطنية شاملة في الإعلام والمدارس ودور العبادة,نقص الأسِرَّة المتاحة في المستشفى لاستقبال المرضى,كثرة عدد الأطباء المتخصصين في زراعة الأعضاء,مقارنة عدد الفحوصات التي تتم للأمراض البسيطة مقابل الخطيرة,إعطاء الأولوية للمرضى الأغنياء القادرين على الدفع,تجاهل الموضوع طالما لم يصب أحد بأذى
3/14/2026 13:13:45,21 / 30,hanan.waleed.s@gmail.com,ضرورة وضع معايير أخلاقية ومنصفة لتحديد أولوية الحصول على الموارد,وجود معتقدات دينية أو ثقافية راسخة تمنع المساس بالجسد بعد الوفاة,إجراء دراسة مسحية تقارن معدلات الموافقة لدى مجموعات بخلفيات دينية مختلفة,انتهاك مبدأ الموافقة المستنيرة وخداع المشاركين,إصدار قانون يجبر جميع المواطنين على التبرع بأعضائهم,انعدام العدالة في توزيع الموارد الصحية مما يمنع البعض من حقه في الرعاية,الخوف من الأعراض الجانبية غير المعروفة أو من كونهم 'فئران تجارب',إجراء فحوصات دم للمرضى لقياس مستوى القلق لديهم,انتشار الفقر الشديد بالتزامن مع ضعف الرقابة القانونية,تطبيق 'الموافقة المستنيرة' بصرامة، وشرح الفوائد والمخاطر بشفافية كاملة,التعارض بين احترام استقلالية المريضة وواجب الطبيب الأخلاقي في الحفاظ على الحياة,تعارض فكرة موت الدماغ مع معتقداتهم الدينية أو أملهم في حدوث معجزة,إجراء دراسة ميدانية لتحليل الوضع الاقتصادي والاجتماعي لضحايا بيع الأعضاء,سؤال طاقم الممرضين عن انطباعاتهم حول العائلات,تشديد العقوبات القانونية على السماسرة بالتزامن مع توفير برامج دعم اقتصادي للفقراء,الصراع بين حاجة الشخص للمال وخطر تحويل جسد الإنسان إلى سلعة تُباع وتُشترى,ضغط العمل الشديد ونظام المواعيد الذي يخصص وقتاً قصيراً لكل مريض,مراقبة جداول عمل الأطباء وحساب متوسط الوقت المخصص لكل مريض ومقارنته بمستوى رضا المرضى,إطلاق حملات توعية عامة وشرح المعايير الطبية بدقة مع تقديم دعم نفسي للعائلات,عقد ورش عمل لتدريب الأطباء على مهارات التواصل الفعال وتخصيص وقت كافٍ للشرح,التنافس المهني بين الأطباء داخل القسم,قلة خبرتهم الطبية في كيفية تنفيذ هذا الإجراء,إجراء استبيان مجهول الهوية يقدم سيناريوهات أخلاقية للأطباء ويسألهم عن قيمهم,إجراء حوار شامل مع المريض، وإذا استمر التعارض، يتم تحويل رعاية المريض لطبيب آخر يقبل الإجراء,إطلاق حملات توعية وطنية شاملة في الإعلام والمدارس ودور العبادة,ارتفاع أعداد المرضى الوافدين إلى المستشفى يوميًا,كراهية عامة لفكرة المستشفيات والعمليات الجراحية,زيادة عدد المستشفيات التي تقدم الفحوصات وملاحظة الإقبال,تطبيق نظام 'فرز طبي' واضح يعتمد فقط على الحاجة الطبية وخطورة الحالة,تجاهل الموضوع طالما لم يصب أحد بأذى
3/14/2026 13:33:55,18 / 30,mona.gamal.a@gmail.com,ضرورة وضع معايير أخلاقية ومنصفة لتحديد أولوية الحصول على الموارد,عدم معرفة الأغلبية بالطريقة الصحيحة للتسجيل في قوائم التبرع,تحليل المحتوى الإعلامي حول التبرع بالأعضاء في الصحف,انتهاك مبدأ الموافقة المستنيرة وخداع المشاركين,إصدار قانون يجبر جميع المواطنين على التبرع بأعضائهم,انعدام العدالة في توزيع الموارد الصحية مما يمنع البعض من حقه في الرعاية,الخوف من الأعراض الجانبية غير المعروفة أو من كونهم 'فئران تجارب',إجراء فحوصات دم للمرضى لقياس مستوى القلق لديهم,انتشار الفقر الشديد بالتزامن مع ضعف الرقابة القانونية,تطبيق 'الموافقة المستنيرة' بصرامة، وشرح الفوائد والمخاطر بشفافية كاملة,اعتراض أسرة المريضة على قرارها بسبب تعلقهم بها,تعارض فكرة موت الدماغ مع معتقداتهم الدينية أو أملهم في حدوث معجزة,إجراء دراسة ميدانية لتحليل الوضع الاقتصادي والاجتماعي لضحايا بيع الأعضاء,قياس ضغط الدم ومعدل نبضات قلب أفراد العائلة,تشديد العقوبات القانونية على السماسرة بالتزامن مع توفير برامج دعم اقتصادي للفقراء,الصراع بين حاجة الشخص للمال وخطر تحويل جسد الإنسان إلى سلعة تُباع وتُشترى,ارتفاع أعداد المرضى بشكل يفوق قدرة الأطباء,زيادة عدد المستشفيات في المدينة لملاحظة الفرق,منع وسائل الإعلام من التحدث عن حالات موت الدماغ,عقد ورش عمل لتدريب الأطباء على مهارات التواصل الفعال وتخصيص وقت كافٍ للشرح,التنافس المهني بين الأطباء داخل القسم,تعارض هذا الإجراء مع قَسَم أبقراط ومعتقداتهم الأخلاقية والدينية العميقة,إجراء استبيان مجهول الهوية يقدم سيناريوهات أخلاقية للأطباء ويسألهم عن قيمهم,إجراء حوار شامل مع المريض، وإذا استمر التعارض، يتم تحويل رعاية المريض لطبيب آخر يقبل الإجراء,إطلاق حملات توعية وطنية شاملة في الإعلام والمدارس ودور العبادة,انتهاك صارخ لمبدأ العدالة والمساواة في تقديم الرعاية الصحية,كراهية عامة لفكرة المستشفيات والعمليات الجراحية,تحليل المقالات الصحفية التي تتحدث عن خطورة الأمراض,تطبيق نظام 'فرز طبي' واضح يعتمد فقط على الحاجة الطبية وخطورة الحالة,وضع سياسات صارمة وإنشاء 'لجنة أخلاقيات بحث' تراجع كل الأبحاث وتضمن موافقة واضحة
3/14/2026 13:58:55,8 / 30,zeinab.abdallah6@gmail.com,نقص التمويل الحكومي المخصص للمستشفيات,عدم معرفة الأغلبية بالطريقة الصحيحة للتسجيل في قوائم التبرع,سؤال الأطباء عن انطباعاتهم الشخصية حول المرضى,انتهاك مبدأ الموافقة المستنيرة وخداع المشاركين,إغلاق جميع مراكز زراعة الأعضاء لتجنب الجدل,انعدام العدالة في توزيع الموارد الصحية مما يمنع البعض من حقه في الرعاية,الكسل العام وعدم الرغبة في بذل مجهود للمشاركة,إجراء مقابلات معمقة واستبيانات مجهولة الهوية مع المرضى الرافضين لسؤالهم عن أسباب رفضهم,نقص الوعي التعليمي العام بمخاطر هذه العمليات,تقديم مبالغ مالية ضخمة للمشاركين لجذبهم,اعتراض أسرة المريضة على قرارها بسبب تعلقهم بها,تعارض فكرة موت الدماغ مع معتقداتهم الدينية أو أملهم في حدوث معجزة,مراجعة قوائم الطعام وأسعار السلع الأساسية في الأسواق,قياس ضغط الدم ومعدل نبضات قلب أفراد العائلة,رفع الأسعار الرسمية لعمليات زراعة الأعضاء,التكلفة الطبية المرتفعة لعمليات زراعة الكلى,ضغط العمل الشديد ونظام المواعيد الذي يخصص وقتاً قصيراً لكل مريض,زيادة عدد المستشفيات في المدينة لملاحظة الفرق,منع وسائل الإعلام من التحدث عن حالات موت الدماغ,رفع أجور الأطباء فقط دون تغيير نظام العمل,نقص الوقت المتاح للأطباء بسبب ضغط العمل,قلة خبرتهم الطبية في كيفية تنفيذ هذا الإجراء,إجراء استبيان مجهول الهوية يقدم سيناريوهات أخلاقية للأطباء ويسألهم عن قيمهم,إجبار المريض على الاستمرار في العلاج ضد رغبته,إطلاق حملات توعية وطنية شاملة في الإعلام والمدارس ودور العبادة,ارتفاع أعداد المرضى الوافدين إلى المستشفى يوميًا,كراهية عامة لفكرة المستشفيات والعمليات الجراحية,زيادة عدد المستشفيات التي تقدم الفحوصات وملاحظة الإقبال,رفض علاج المرضى الفقراء لتخفيف الضغط,وضع سياسات صارمة وإنشاء 'لجنة أخلاقيات بحث' تراجع كل الأبحاث وتضمن موافقة واضحة
3/14/2026 14:08:46,26 / 30,taghreed.lotfy41@gmail.com,ضرورة وضع معايير أخلاقية ومنصفة لتحديد أولوية الحصول على الموارد,وجود معتقدات دينية أو ثقافية راسخة تمنع المساس بالجسد بعد الوفاة,تحليل المحتوى الإعلامي حول التبرع بالأعضاء في الصحف,انتهاك مبدأ الموافقة المستنيرة وخداع المشاركين,إصدار قانون يجبر جميع المواطنين على التبرع بأعضائهم,انعدام العدالة في توزيع الموارد الصحية مما يمنع البعض من حقه في الرعاية,الخوف من الأعراض الجانبية غير المعروفة أو من كونهم 'فئران تجارب',إجراء فحوصات دم للمرضى لقياس مستوى القلق لديهم,انتشار الفقر الشديد بالتزامن مع ضعف الرقابة القانونية,تطبيق 'الموافقة المستنيرة' بصرامة، وشرح الفوائد والمخاطر بشفافية كاملة,التعارض بين احترام استقلالية المريضة وواجب الطبيب الأخلاقي في الحفاظ على الحياة,تعارض فكرة موت الدماغ مع معتقداتهم الدينية أو أملهم في حدوث معجزة,إجراء دراسة ميدانية لتحليل الوضع الاقتصادي والاجتماعي لضحايا بيع الأعضاء,إجراء مقابلات منظمة مع العائلات الرافضة ودراسة خلفياتهم الثقافية والدينية,تشديد العقوبات القانونية على السماسرة بالتزامن مع توفير برامج دعم اقتصادي للفقراء,الصراع بين حاجة الشخص للمال وخطر تحويل جسد الإنسان إلى سلعة تُباع وتُشترى,ضغط العمل الشديد ونظام المواعيد الذي يخصص وقتاً قصيراً لكل مريض,مراقبة جداول عمل الأطباء وحساب متوسط الوقت المخصص لكل مريض ومقارنته بمستوى رضا المرضى,إطلاق حملات توعية عامة وشرح المعايير الطبية بدقة مع تقديم دعم نفسي للعائلات,عقد ورش عمل لتدريب الأطباء على مهارات التواصل الفعال وتخصيص وقت كافٍ للشرح,انتهاك المعايير الأخلاقية الطبية وحق المريض الأساسي في الموافقة المستنيرة,تعارض هذا الإجراء مع قَسَم أبقراط ومعتقداتهم الأخلاقية والدينية العميقة,إجراء استبيان مجهول الهوية يقدم سيناريوهات أخلاقية للأطباء ويسألهم عن قيمهم,إجراء حوار شامل مع المريض، وإذا استمر التعارض، يتم تحويل رعاية المريض لطبيب آخر يقبل الإجراء,إطلاق حملات توعية وطنية شاملة في الإعلام والمدارس ودور العبادة,انتهاك صارخ لمبدأ العدالة والمساواة في تقديم الرعاية الصحية,نقص الوعي العام بأهمية التبرع وانتشار مفاهيم خاطئة حوله,زيادة عدد المستشفيات التي تقدم الفحوصات وملاحظة الإقبال,تطبيق نظام 'فرز طبي' واضح يعتمد فقط على الحاجة الطبية وخطورة الحالة,وضع سياسات صارمة وإنشاء 'لجنة أخلاقيات بحث' تراجع كل الأبحاث وتضمن موافقة واضحة
3/14/2026 14:08:55,19 / 30,samar.hossam.k@gmail.com,ضرورة وضع معايير أخلاقية ومنصفة لتحديد أولوية الحصول على الموارد,عدم معرفة الأغلبية بالطريقة الصحيحة للتسجيل في قوائم التبرع,سؤال الأطباء عن انطباعاتهم الشخصية حول المرضى,انتهاك مبدأ الموافقة المستنيرة وخداع المشاركين,إصدار قانون يجبر جميع المواطنين على التبرع بأعضائهم,انعدام العدالة في توزيع الموارد الصحية مما يمنع البعض من حقه في الرعاية,الخوف من الأعراض الجانبية غير المعروفة أو من كونهم 'فئران تجارب',إجراء فحوصات دم للمرضى لقياس مستوى القلق لديهم,انتشار الفقر الشديد بالتزامن مع ضعف الرقابة القانونية,تقديم مبالغ مالية ضخمة للمشاركين لجذبهم,نقص الأدوية المسكنة الفعالة في المستشفى,تعارض فكرة موت الدماغ مع معتقداتهم الدينية أو أملهم في حدوث معجزة,مراجعة قوائم الطعام وأسعار السلع الأساسية في الأسواق,إجراء مقابلات منظمة مع العائلات الرافضة ودراسة خلفياتهم الثقافية والدينية,تشديد العقوبات القانونية على السماسرة بالتزامن مع توفير برامج دعم اقتصادي للفقراء,الصراع بين حاجة الشخص للمال وخطر تحويل جسد الإنسان إلى سلعة تُباع وتُشترى,ضغط العمل الشديد ونظام المواعيد الذي يخصص وقتاً قصيراً لكل مريض,مراقبة جداول عمل الأطباء وحساب متوسط الوقت المخصص لكل مريض ومقارنته بمستوى رضا المرضى,إلغاء معيار موت الدماغ والعودة لمعيار توقف القلب فقط,عقد ورش عمل لتدريب الأطباء على مهارات التواصل الفعال وتخصيص وقت كافٍ للشرح,التنافس المهني بين الأطباء داخل القسم,قلة خبرتهم الطبية في كيفية تنفيذ هذا الإجراء,إجراء استبيان مجهول الهوية يقدم سيناريوهات أخلاقية للأطباء ويسألهم عن قيمهم,إجراء حوار شامل مع المريض، وإذا استمر التعارض، يتم تحويل رعاية المريض لطبيب آخر يقبل الإجراء,إطلاق حملات توعية وطنية شاملة في الإعلام والمدارس ودور العبادة,انتهاك صارخ لمبدأ العدالة والمساواة في تقديم الرعاية الصحية,نقص الوعي العام بأهمية التبرع وانتشار مفاهيم خاطئة حوله,زيادة عدد المستشفيات التي تقدم الفحوصات وملاحظة الإقبال,تطبيق نظام 'فرز طبي' واضح يعتمد فقط على الحاجة الطبية وخطورة الحالة,وضع سياسات صارمة وإنشاء 'لجنة أخلاقيات بحث' تراجع كل الأبحاث وتضمن موافقة واضحة
3/14/2026 14:14:10,23 / 30,eman.badr.s@gmail.com,ضرورة وضع معايير أخلاقية ومنصفة لتحديد أولوية الحصول على الموارد,عدم معرفة الأغلبية بالطريقة الصحيحة للتسجيل في قوائم التبرع,سؤال الأطباء عن انطباعاتهم الشخصية حول المرضى,انتهاك مبدأ الموافقة المستنيرة وخداع المشاركين,منع وسائل الإعلام من مناقشة هذا الموضوع,انعدام العدالة في توزيع الموارد الصحية مما يمنع البعض من حقه في الرعاية,الخوف من الأعراض الجانبية غير المعروفة أو من كونهم 'فئران تجارب',إجراء مقابلات معمقة واستبيانات مجهولة الهوية مع المرضى الرافضين لسؤالهم عن أسباب رفضهم,انتشار الفقر الشديد بالتزامن مع ضعف الرقابة القانونية,تطبيق 'الموافقة المستنيرة' بصرامة، وشرح الفوائد والمخاطر بشفافية كاملة,التعارض بين احترام استقلالية المريضة وواجب الطبيب الأخلاقي في الحفاظ على الحياة,تعارض فكرة موت الدماغ مع معتقداتهم الدينية أو أملهم في حدوث معجزة,زيارة المناطق السياحية في هذه الدولة وملاحظة الزوار,إجراء مقابلات منظمة مع العائلات الرافضة ودراسة خلفياتهم الثقافية والدينية,تشديد العقوبات القانونية على السماسرة بالتزامن مع توفير برامج دعم اقتصادي للفقراء,التكلفة الطبية المرتفعة لعمليات زراعة الكلى,ضغط العمل الشديد ونظام المواعيد الذي يخصص وقتاً قصيراً لكل مريض,مراقبة جداول عمل الأطباء وحساب متوسط الوقت المخصص لكل مريض ومقارنته بمستوى رضا المرضى,إلغاء معيار موت الدماغ والعودة لمعيار توقف القلب فقط,عقد ورش عمل لتدريب الأطباء على مهارات التواصل الفعال وتخصيص وقت كافٍ للشرح,انتهاك المعايير الأخلاقية الطبية وحق المريض الأساسي في الموافقة المستنيرة,تعارض هذا الإجراء مع قَسَم أبقراط ومعتقداتهم الأخلاقية والدينية العميقة,إجراء استبيان مجهول الهوية يقدم سيناريوهات أخلاقية للأطباء ويسألهم عن قيمهم,إجراء حوار شامل مع المريض، وإذا استمر التعارض، يتم تحويل رعاية المريض لطبيب آخر يقبل الإجراء,إطلاق حملات توعية وطنية شاملة في الإعلام والمدارس ودور العبادة,انتهاك صارخ لمبدأ العدالة والمساواة في تقديم الرعاية الصحية,نقص الوعي العام بأهمية التبرع وانتشار مفاهيم خاطئة حوله,مقارنة عدد الفحوصات التي تتم للأمراض البسيطة مقابل الخطيرة,تطبيق نظام 'فرز طبي' واضح يعتمد فقط على الحاجة الطبية وخطورة الحالة,وضع سياسات صارمة وإنشاء 'لجنة أخلاقيات بحث' تراجع كل الأبحاث وتضمن موافقة واضحة
3/14/2026 14:14:29,16 / 30,dina.saeed40@gmail.com,ضرورة وضع معايير أخلاقية ومنصفة لتحديد أولوية الحصول على الموارد,وجود معتقدات دينية أو ثقافية راسخة تمنع المساس بالجسد بعد الوفاة,سؤال الأطباء عن انطباعاتهم الشخصية حول المرضى,انتهاك مبدأ الموافقة المستنيرة وخداع المشاركين,إطلاق حملات توعية بالتعاون مع رجال الدين الموثوقين لتوضيح الموقف الديني الصحيح,انعدام العدالة في توزيع الموارد الصحية مما يمنع البعض من حقه في الرعاية,الخوف من الأعراض الجانبية غير المعروفة أو من كونهم 'فئران تجارب',إجراء فحوصات دم للمرضى لقياس مستوى القلق لديهم,نقص الوعي التعليمي العام بمخاطر هذه العمليات,تقديم مبالغ مالية ضخمة للمشاركين لجذبهم,نقص الأدوية المسكنة الفعالة في المستشفى,تعارض فكرة موت الدماغ مع معتقداتهم الدينية أو أملهم في حدوث معجزة,سؤال الأثرياء الذين قاموا بشراء الأعضاء عن دوافعهم,قياس ضغط الدم ومعدل نبضات قلب أفراد العائلة,تشديد العقوبات القانونية على السماسرة بالتزامن مع توفير برامج دعم اقتصادي للفقراء,رفض أسرة المتبرع لهذا القرار خوفًا على صحته,ضغط العمل الشديد ونظام المواعيد الذي يخصص وقتاً قصيراً لكل مريض,تقليل عدد المرضى المسموح به لكل طبيب بشكل مؤقت,إلغاء معيار موت الدماغ والعودة لمعيار توقف القلب فقط,رفع أجور الأطباء فقط دون تغيير نظام العمل,ارتفاع عدد العمليات الجراحية التي يجريها القسم,تعارض هذا الإجراء مع قَسَم أبقراط ومعتقداتهم الأخلاقية والدينية العميقة,إجراء استبيان مجهول الهوية يقدم سيناريوهات أخلاقية للأطباء ويسألهم عن قيمهم,إجراء حوار شامل مع المريض، وإذا استمر التعارض، يتم تحويل رعاية المريض لطبيب آخر يقبل الإجراء,إطلاق حملات توعية وطنية شاملة في الإعلام والمدارس ودور العبادة,قلة عدد الأطباء والممرضين مقارنة بعدد المرضى,ارتفاع المستوى الصحي العام في المجتمع وقلة الحاجة للزرع,إجراء استبيان يسأل الناس مباشرة عن ترتيب مخاوفهم كأسباب لعدم إجراء الفحص,تطبيق نظام 'فرز طبي' واضح يعتمد فقط على الحاجة الطبية وخطورة الحالة,وضع سياسات صارمة وإنشاء 'لجنة أخلاقيات بحث' تراجع كل الأبحاث وتضمن موافقة واضحة
3/14/2026 14:33:46,16 / 30,buthaina.hamza8@gmail.com,ضرورة وضع معايير أخلاقية ومنصفة لتحديد أولوية الحصول على الموارد,وجود معتقدات دينية أو ثقافية راسخة تمنع المساس بالجسد بعد الوفاة,تحليل المحتوى الإعلامي حول التبرع بالأعضاء في الصحف,انتهاك مبدأ الموافقة المستنيرة وخداع المشاركين,إغلاق جميع مراكز زراعة الأعضاء لتجنب الجدل,انعدام العدالة في توزيع الموارد الصحية مما يمنع البعض من حقه في الرعاية,الخوف من الأعراض الجانبية غير المعروفة أو من كونهم 'فئران تجارب',سؤال الصيادلة في المستشفى عن رأيهم في التجارب,انتشار الفقر الشديد بالتزامن مع ضعف الرقابة القانونية,تقديم مبالغ مالية ضخمة للمشاركين لجذبهم,التكلفة المالية العالية للأدوية المسكنة,تعارض فكرة موت الدماغ مع معتقداتهم الدينية أو أملهم في حدوث معجزة,إجراء دراسة ميدانية لتحليل الوضع الاقتصادي والاجتماعي لضحايا بيع الأعضاء,قياس ضغط الدم ومعدل نبضات قلب أفراد العائلة,تشديد العقوبات القانونية على السماسرة بالتزامن مع توفير برامج دعم اقتصادي للفقراء,الصراع بين حاجة الشخص للمال وخطر تحويل جسد الإنسان إلى سلعة تُباع وتُشترى,ضغط العمل الشديد ونظام المواعيد الذي يخصص وقتاً قصيراً لكل مريض,زيادة عدد المستشفيات في المدينة لملاحظة الفرق,إلغاء معيار موت الدماغ والعودة لمعيار توقف القلب فقط,عقد ورش عمل لتدريب الأطباء على مهارات التواصل الفعال وتخصيص وقت كافٍ للشرح,ارتفاع عدد العمليات الجراحية التي يجريها القسم,قلة خبرتهم الطبية في كيفية تنفيذ هذا الإجراء,إجراء استبيان مجهول الهوية يقدم سيناريوهات أخلاقية للأطباء ويسألهم عن قيمهم,إجراء حوار شامل مع المريض، وإذا استمر التعارض، يتم تحويل رعاية المريض لطبيب آخر يقبل الإجراء,إطلاق حملات توعية وطنية شاملة في الإعلام والمدارس ودور العبادة,ارتفاع أعداد المرضى الوافدين إلى المستشفى يوميًا,كراهية عامة لفكرة المستشفيات والعمليات الجراحية,زيادة عدد المستشفيات التي تقدم الفحوصات وملاحظة الإقبال,تطبيق نظام 'فرز طبي' واضح يعتمد فقط على الحاجة الطبية وخطورة الحالة,تجاهل الموضوع طالما لم يصب أحد بأذى
3/14/2026 15:33:46,15 / 30,sara.mahmoud91@gmail.com,ضرورة وضع معايير أخلاقية ومنصفة لتحديد أولوية الحصول على الموارد,الخوف العام من زيارة المستشفيات والتعامل مع الأطباء,مراجعة قوانين التبرع بالأعضاء في الدول المجاورة,انتهاك مبدأ الموافقة المستنيرة وخداع المشاركين,منع وسائل الإعلام من مناقشة هذا الموضوع,انعدام العدالة في توزيع الموارد الصحية مما يمنع البعض من حقه في الرعاية,الخوف من الأعراض الجانبية غير المعروفة أو من كونهم 'فئران تجارب',إجراء فحوصات دم للمرضى لقياس مستوى القلق لديهم,نقص الوعي التعليمي العام بمخاطر هذه العمليات,تقديم مبالغ مالية ضخمة للمشاركين لجذبهم,التكلفة المالية العالية للأدوية المسكنة,تعارض فكرة موت الدماغ مع معتقداتهم الدينية أو أملهم في حدوث معجزة,مراجعة قوائم الطعام وأسعار السلع الأساسية في الأسواق,قياس ضغط الدم ومعدل نبضات قلب أفراد العائلة,تشديد العقوبات القانونية على السماسرة بالتزامن مع توفير برامج دعم اقتصادي للفقراء,الصراع بين حاجة الشخص للمال وخطر تحويل جسد الإنسان إلى سلعة تُباع وتُشترى,اعتقاد الأطباء أن المرضى يرفضون الاستماع للنصائح,زيادة عدد المستشفيات في المدينة لملاحظة الفرق,إلغاء معيار موت الدماغ والعودة لمعيار توقف القلب فقط,عقد ورش عمل لتدريب الأطباء على مهارات التواصل الفعال وتخصيص وقت كافٍ للشرح,انتهاك المعايير الأخلاقية الطبية وحق المريض الأساسي في الموافقة المستنيرة,تعارض هذا الإجراء مع قَسَم أبقراط ومعتقداتهم الأخلاقية والدينية العميقة,إجراء استبيان مجهول الهوية يقدم سيناريوهات أخلاقية للأطباء ويسألهم عن قيمهم,إجراء حوار شامل مع المريض، وإذا استمر التعارض، يتم تحويل رعاية المريض لطبيب آخر يقبل الإجراء,إطلاق حملات توعية وطنية شاملة في الإعلام والمدارس ودور العبادة,ارتفاع أعداد المرضى الوافدين إلى المستشفى يوميًا,كراهية عامة لفكرة المستشفيات والعمليات الجراحية,زيادة عدد المستشفيات التي تقدم الفحوصات وملاحظة الإقبال,تطبيق نظام 'فرز طبي' واضح يعتمد فقط على الحاجة الطبية وخطورة الحالة,وضع سياسات صارمة وإنشاء 'لجنة أخلاقيات بحث' تراجع كل الأبحاث وتضمن موافقة واضحة
3/14/2026 15:33:56,24 / 30,naglaa.samy27@gmail.com,ضرورة وضع معايير أخلاقية ومنصفة لتحديد أولوية الحصول على الموارد,وجود معتقدات دينية أو ثقافية راسخة تمنع المساس بالجسد بعد الوفاة,سؤال الأطباء عن انطباعاتهم الشخصية حول المرضى,انتهاك مبدأ الموافقة المستنيرة وخداع المشاركين,منع وسائل الإعلام من مناقشة هذا الموضوع,عدم وجود عدد كافٍ من الأطباء المتخصصين في هذا المجال,الخوف من الأعراض الجانبية غير المعروفة أو من كونهم 'فئران تجارب',قراءة المقالات الطبية المنشورة عن الدواء الجديد,انتشار الفقر الشديد بالتزامن مع ضعف الرقابة القانونية,تطبيق 'الموافقة المستنيرة' بصرامة، وشرح الفوائد والمخاطر بشفافية كاملة,التعارض بين احترام استقلالية المريضة وواجب الطبيب الأخلاقي في الحفاظ على الحياة,تعارض فكرة موت الدماغ مع معتقداتهم الدينية أو أملهم في حدوث معجزة,مراجعة قوائم الطعام وأسعار السلع الأساسية في الأسواق,إجراء مقابلات منظمة مع العائلات الرافضة ودراسة خلفياتهم الثقافية والدينية,تشديد العقوبات القانونية على السماسرة بالتزامن مع توفير برامج دعم اقتصادي للفقراء,الصراع بين حاجة الشخص للمال وخطر تحويل جسد الإنسان إلى سلعة تُباع وتُشترى,ضغط العمل الشديد ونظام المواعيد الذي يخصص وقتاً قصيراً لكل مريض,مراقبة جداول عمل الأطباء وحساب متوسط الوقت المخصص لكل مريض ومقارنته بمستوى رضا المرضى,إطلاق حملات توعية عامة وشرح المعايير الطبية بدقة مع تقديم دعم نفسي للعائلات,عقد ورش عمل لتدريب الأطباء على مهارات التواصل الفعال وتخصيص وقت كافٍ للشرح,انتهاك المعايير الأخلاقية الطبية وحق المريض الأساسي في الموافقة المستنيرة,تعارض هذا الإجراء مع قَسَم أبقراط ومعتقداتهم الأخلاقية والدينية العميقة,إجراء استبيان مجهول الهوية يقدم سيناريوهات أخلاقية للأطباء ويسألهم عن قيمهم,إجراء حوار شامل مع المريض، وإذا استمر التعارض، يتم تحويل رعاية المريض لطبيب آخر يقبل الإجراء,إطلاق حملات توعية وطنية شاملة في الإعلام والمدارس ودور العبادة,انتهاك صارخ لمبدأ العدالة والمساواة في تقديم الرعاية الصحية,كراهية عامة لفكرة المستشفيات والعمليات الجراحية,إجراء استبيان يسأل الناس مباشرة عن ترتيب مخاوفهم كأسباب لعدم إجراء الفحص,تطبيق نظام 'فرز طبي' واضح يعتمد فقط على الحاجة الطبية وخطورة الحالة,وضع سياسات صارمة وإنشاء 'لجنة أخلاقيات بحث' تراجع كل الأبحاث وتضمن موافقة واضحة
3/14/2026 15:54:15,22 / 30,rania.shaaban53@gmail.com,ضرورة وضع معايير أخلاقية ومنصفة لتحديد أولوية الحصول على الموارد,عدم معرفة الأغلبية بالطريقة الصحيحة للتسجيل في قوائم التبرع,سؤال الأطباء عن انطباعاتهم الشخصية حول المرضى,التكلفة المالية المرتفعة للبحث الجيني,إطلاق حملات توعية بالتعاون مع رجال الدين الموثوقين لتوضيح الموقف الديني الصحيح,انعدام العدالة في توزيع الموارد الصحية مما يمنع البعض من حقه في الرعاية,بُعد المستشفى الذي تُجرى فيه التجارب عن أماكن سكنهم,إجراء فحوصات دم للمرضى لقياس مستوى القلق لديهم,انتشار الفقر الشديد بالتزامن مع ضعف الرقابة القانونية,تطبيق 'الموافقة المستنيرة' بصرامة، وشرح الفوائد والمخاطر بشفافية كاملة,التعارض بين احترام استقلالية المريضة وواجب الطبيب الأخلاقي في الحفاظ على الحياة,تعارض فكرة موت الدماغ مع معتقداتهم الدينية أو أملهم في حدوث معجزة,إجراء دراسة ميدانية لتحليل الوضع الاقتصادي والاجتماعي لضحايا بيع الأعضاء,قياس ضغط الدم ومعدل نبضات قلب أفراد العائلة,تشديد العقوبات القانونية على السماسرة بالتزامن مع توفير برامج دعم اقتصادي للفقراء,الصراع بين حاجة الشخص للمال وخطر تحويل جسد الإنسان إلى سلعة تُباع وتُشترى,ضغط العمل الشديد ونظام المواعيد الذي يخصص وقتاً قصيراً لكل مريض,مراقبة جداول عمل الأطباء وحساب متوسط الوقت المخصص لكل مريض ومقارنته بمستوى رضا المرضى,إطلاق حملات توعية عامة وشرح المعايير الطبية بدقة مع تقديم دعم نفسي للعائلات,عقد ورش عمل لتدريب الأطباء على مهارات التواصل الفعال وتخصيص وقت كافٍ للشرح,انتهاك المعايير الأخلاقية الطبية وحق المريض الأساسي في الموافقة المستنيرة,قلة خبرتهم الطبية في كيفية تنفيذ هذا الإجراء,إجراء استبيان مجهول الهوية يقدم سيناريوهات أخلاقية للأطباء ويسألهم عن قيمهم,إجراء حوار شامل مع المريض، وإذا استمر التعارض، يتم تحويل رعاية المريض لطبيب آخر يقبل الإجراء,إطلاق حملات توعية وطنية شاملة في الإعلام والمدارس ودور العبادة,انتهاك صارخ لمبدأ العدالة والمساواة في تقديم الرعاية الصحية,نقص الوعي العام بأهمية التبرع وانتشار مفاهيم خاطئة حوله,زيادة عدد المستشفيات التي تقدم الفحوصات وملاحظة الإقبال,تطبيق نظام 'فرز طبي' واضح يعتمد فقط على الحاجة الطبية وخطورة الحالة,وضع سياسات صارمة وإنشاء 'لجنة أخلاقيات بحث' تراجع كل الأبحاث وتضمن موافقة واضحة
3/14/2026 16:43:48,26 / 30,nermeen.shaker.a@gmail.com,ضرورة وضع معايير أخلاقية ومنصفة لتحديد أولوية الحصول على الموارد,وجود معتقدات دينية أو ثقافية راسخة تمنع المساس بالجسد بعد الوفاة,إجراء دراسة مسحية تقارن معدلات الموافقة لدى مجموعات بخلفيات دينية مختلفة,التكلفة المالية المرتفعة للبحث الجيني,إطلاق حملات توعية بالتعاون مع رجال الدين الموثوقين لتوضيح الموقف الديني الصحيح,انعدام العدالة في توزيع الموارد الصحية مما يمنع البعض من حقه في الرعاية,الخوف من الأعراض الجانبية غير المعروفة أو من كونهم 'فئران تجارب',إجراء مقابلات معمقة واستبيانات مجهولة الهوية مع المرضى الرافضين لسؤالهم عن أسباب رفضهم,انتشار الفقر الشديد بالتزامن مع ضعف الرقابة القانونية,تطبيق 'الموافقة المستنيرة' بصرامة، وشرح الفوائد والمخاطر بشفافية كاملة,التعارض بين احترام استقلالية المريضة وواجب الطبيب الأخلاقي في الحفاظ على الحياة,تعارض فكرة موت الدماغ مع معتقداتهم الدينية أو أملهم في حدوث معجزة,مراجعة قوائم الطعام وأسعار السلع الأساسية في الأسواق,إجراء مقابلات منظمة مع العائلات الرافضة ودراسة خلفياتهم الثقافية والدينية,تشديد العقوبات القانونية على السماسرة بالتزامن مع توفير برامج دعم اقتصادي للفقراء,الصراع بين حاجة الشخص للمال وخطر تحويل جسد الإنسان إلى سلعة تُباع وتُشترى,ضغط العمل الشديد ونظام المواعيد الذي يخصص وقتاً قصيراً لكل مريض,مراقبة جداول عمل الأطباء وحساب متوسط الوقت المخصص لكل مريض ومقارنته بمستوى رضا المرضى,إطلاق حملات توعية عامة وشرح المعايير الطبية بدقة مع تقديم دعم نفسي للعائلات,عقد ورش عمل لتدريب الأطباء على مهارات التواصل الفعال وتخصيص وقت كافٍ للشرح,انتهاك المعايير الأخلاقية الطبية وحق المريض الأساسي في الموافقة المستنيرة,الخوف من المسؤولية القانونية رغم أن الإجراء قانوني,إجراء استبيان مجهول الهوية يقدم سيناريوهات أخلاقية للأطباء ويسألهم عن قيمهم,إجراء حوار شامل مع المريض، وإذا استمر التعارض، يتم تحويل رعاية المريض لطبيب آخر يقبل الإجراء,إطلاق حملات توعية وطنية شاملة في الإعلام والمدارس ودور العبادة,انتهاك صارخ لمبدأ العدالة والمساواة في تقديم الرعاية الصحية,نقص الوعي العام بأهمية التبرع وانتشار مفاهيم خاطئة حوله,زيادة عدد المستشفيات التي تقدم الفحوصات وملاحظة الإقبال,تطبيق نظام 'فرز طبي' واضح يعتمد فقط على الحاجة الطبية وخطورة الحالة,وضع سياسات صارمة وإنشاء 'لجنة أخلاقيات بحث' تراجع كل الأبحاث وتضمن موافقة واضحة
3/14/2026 17:33:46,25 / 30,walaa.hassan.k@gmail.com,ضرورة وضع معايير أخلاقية ومنصفة لتحديد أولوية الحصول على الموارد,وجود معتقدات دينية أو ثقافية راسخة تمنع المساس بالجسد بعد الوفاة,إجراء دراسة مسحية تقارن معدلات الموافقة لدى مجموعات بخلفيات دينية مختلفة,انتهاك مبدأ الموافقة المستنيرة وخداع المشاركين,إغلاق جميع مراكز زراعة الأعضاء لتجنب الجدل,انعدام العدالة في توزيع الموارد الصحية مما يمنع البعض من حقه في الرعاية,ارتفاع التكلفة المالية للاشتراك في هذه التجارب,إجراء مقابلات معمقة واستبيانات مجهولة الهوية مع المرضى الرافضين لسؤالهم عن أسباب رفضهم,زيادة عدد المستشفيات الخاصة التي تجري عمليات الزرع,تطبيق 'الموافقة المستنيرة' بصرامة، وشرح الفوائد والمخاطر بشفافية كاملة,التعارض بين احترام استقلالية المريضة وواجب الطبيب الأخلاقي في الحفاظ على الحياة,تعارض فكرة موت الدماغ مع معتقداتهم الدينية أو أملهم في حدوث معجزة,إجراء دراسة ميدانية لتحليل الوضع الاقتصادي والاجتماعي لضحايا بيع الأعضاء,سؤال طاقم الممرضين عن انطباعاتهم حول العائلات,تشديد العقوبات القانونية على السماسرة بالتزامن مع توفير برامج دعم اقتصادي للفقراء,الصراع بين حاجة الشخص للمال وخطر تحويل جسد الإنسان إلى سلعة تُباع وتُشترى,ضغط العمل الشديد ونظام المواعيد الذي يخصص وقتاً قصيراً لكل مريض,مراقبة جداول عمل الأطباء وحساب متوسط الوقت المخصص لكل مريض ومقارنته بمستوى رضا المرضى,إطلاق حملات توعية عامة وشرح المعايير الطبية بدقة مع تقديم دعم نفسي للعائلات,عقد ورش عمل لتدريب الأطباء على مهارات التواصل الفعال وتخصيص وقت كافٍ للشرح,انتهاك المعايير الأخلاقية الطبية وحق المريض الأساسي في الموافقة المستنيرة,تعارض هذا الإجراء مع قَسَم أبقراط ومعتقداتهم الأخلاقية والدينية العميقة,إجراء استبيان مجهول الهوية يقدم سيناريوهات أخلاقية للأطباء ويسألهم عن قيمهم,إجراء حوار شامل مع المريض، وإذا استمر التعارض، يتم تحويل رعاية المريض لطبيب آخر يقبل الإجراء,إطلاق حملات توعية وطنية شاملة في الإعلام والمدارس ودور العبادة,انتهاك صارخ لمبدأ العدالة والمساواة في تقديم الرعاية الصحية,نقص الوعي العام بأهمية التبرع وانتشار مفاهيم خاطئة حوله,مقارنة عدد الفحوصات التي تتم للأمراض البسيطة مقابل الخطيرة,تطبيق نظام 'فرز طبي' واضح يعتمد فقط على الحاجة الطبية وخطورة الحالة,وضع سياسات صارمة وإنشاء 'لجنة أخلاقيات بحث' تراجع كل الأبحاث وتضمن موافقة واضحة
3/14/2026 17:34:04,16 / 30,doha.abdelnaser@gmail.com,ضرورة وضع معايير أخلاقية ومنصفة لتحديد أولوية الحصول على الموارد,وجود معتقدات دينية أو ثقافية راسخة تمنع المساس بالجسد بعد الوفاة,سؤال الأطباء عن انطباعاتهم الشخصية حول المرضى,انتهاك مبدأ الموافقة المستنيرة وخداع المشاركين,إصدار قانون يجبر جميع المواطنين على التبرع بأعضائهم,عدم وجود عدد كافٍ من الأطباء المتخصصين في هذا المجال,الخوف من الأعراض الجانبية غير المعروفة أو من كونهم 'فئران تجارب',إجراء مقابلات معمقة واستبيانات مجهولة الهوية مع المرضى الرافضين لسؤالهم عن أسباب رفضهم,نقص الوعي التعليمي العام بمخاطر هذه العمليات,تطبيق 'الموافقة المستنيرة' بصرامة، وشرح الفوائد والمخاطر بشفافية كاملة,اعتراض أسرة المريضة على قرارها بسبب تعلقهم بها,تعارض فكرة موت الدماغ مع معتقداتهم الدينية أو أملهم في حدوث معجزة,إجراء دراسة ميدانية لتحليل الوضع الاقتصادي والاجتماعي لضحايا بيع الأعضاء,سؤال طاقم الممرضين عن انطباعاتهم حول العائلات,منع جميع عمليات زراعة الأعضاء في الدولة,الصراع بين حاجة الشخص للمال وخطر تحويل جسد الإنسان إلى سلعة تُباع وتُشترى,ضغط العمل الشديد ونظام المواعيد الذي يخصص وقتاً قصيراً لكل مريض,تقليل عدد المرضى المسموح به لكل طبيب بشكل مؤقت,إلغاء معيار موت الدماغ والعودة لمعيار توقف القلب فقط,عقد ورش عمل لتدريب الأطباء على مهارات التواصل الفعال وتخصيص وقت كافٍ للشرح,نقص الوقت المتاح للأطباء بسبب ضغط العمل,الخوف من المسؤولية القانونية رغم أن الإجراء قانوني,إجراء استبيان مجهول الهوية يقدم سيناريوهات أخلاقية للأطباء ويسألهم عن قيمهم,إجراء حوار شامل مع المريض، وإذا استمر التعارض، يتم تحويل رعاية المريض لطبيب آخر يقبل الإجراء,إطلاق حملات توعية وطنية شاملة في الإعلام والمدارس ودور العبادة,ارتفاع أعداد المرضى الوافدين إلى المستشفى يوميًا,كراهية عامة لفكرة المستشفيات والعمليات الجراحية,زيادة عدد المستشفيات التي تقدم الفحوصات وملاحظة الإقبال,تطبيق نظام 'فرز طبي' واضح يعتمد فقط على الحاجة الطبية وخطورة الحالة,وضع سياسات صارمة وإنشاء 'لجنة أخلاقيات بحث' تراجع كل الأبحاث وتضمن موافقة واضحة
3/14/2026 18:18:56,18 / 30,noha.adel.m@gmail.com,ضرورة وضع معايير أخلاقية ومنصفة لتحديد أولوية الحصول على الموارد,عدم معرفة الأغلبية بالطريقة الصحيحة للتسجيل في قوائم التبرع,مراجعة قوانين التبرع بالأعضاء في الدول المجاورة,انتهاك مبدأ الموافقة المستنيرة وخداع المشاركين,إصدار قانون يجبر جميع المواطنين على التبرع بأعضائهم,انعدام العدالة في توزيع الموارد الصحية مما يمنع البعض من حقه في الرعاية,الخوف من الأعراض الجانبية غير المعروفة أو من كونهم 'فئران تجارب',قراءة المقالات الطبية المنشورة عن الدواء الجديد,انتشار الفقر الشديد بالتزامن مع ضعف الرقابة القانونية,تقديم مبالغ مالية ضخمة للمشاركين لجذبهم,اعتراض أسرة المريضة على قرارها بسبب تعلقهم بها,تعارض فكرة موت الدماغ مع معتقداتهم الدينية أو أملهم في حدوث معجزة,سؤال الأثرياء الذين قاموا بشراء الأعضاء عن دوافعهم,قياس ضغط الدم ومعدل نبضات قلب أفراد العائلة,تشديد العقوبات القانونية على السماسرة بالتزامن مع توفير برامج دعم اقتصادي للفقراء,الصراع بين حاجة الشخص للمال وخطر تحويل جسد الإنسان إلى سلعة تُباع وتُشترى,ضغط العمل الشديد ونظام المواعيد الذي يخصص وقتاً قصيراً لكل مريض,زيادة عدد المستشفيات في المدينة لملاحظة الفرق,إطلاق حملات توعية عامة وشرح المعايير الطبية بدقة مع تقديم دعم نفسي للعائلات,عقد ورش عمل لتدريب الأطباء على مهارات التواصل الفعال وتخصيص وقت كافٍ للشرح,انتهاك المعايير الأخلاقية الطبية وحق المريض الأساسي في الموافقة المستنيرة,قلة خبرتهم الطبية في كيفية تنفيذ هذا الإجراء,إجراء استبيان مجهول الهوية يقدم سيناريوهات أخلاقية للأطباء ويسألهم عن قيمهم,إجراء حوار شامل مع المريض، وإذا استمر التعارض، يتم تحويل رعاية المريض لطبيب آخر يقبل الإجراء,إطلاق حملات توعية وطنية شاملة في الإعلام والمدارس ودور العبادة,انتهاك صارخ لمبدأ العدالة والمساواة في تقديم الرعاية الصحية,نقص الوعي العام بأهمية التبرع وانتشار مفاهيم خاطئة حوله,تحليل المقالات الصحفية التي تتحدث عن خطورة الأمراض,تطبيق نظام 'فرز طبي' واضح يعتمد فقط على الحاجة الطبية وخطورة الحالة,تجاهل الموضوع طالما لم يصب أحد بأذى
3/14/2026 18:38:50,19 / 30,nesma.anwar.r@gmail.com,ضرورة وضع معايير أخلاقية ومنصفة لتحديد أولوية الحصول على الموارد,عدم معرفة الأغلبية بالطريقة الصحيحة للتسجيل في قوائم التبرع,سؤال الأطباء عن انطباعاتهم الشخصية حول المرضى,انتهاك مبدأ الموافقة المستنيرة وخداع المشاركين,إصدار قانون يجبر جميع المواطنين على التبرع بأعضائهم,انعدام العدالة في توزيع الموارد الصحية مما يمنع البعض من حقه في الرعاية,الخوف من الأعراض الجانبية غير المعروفة أو من كونهم 'فئران تجارب',سؤال الصيادلة في المستشفى عن رأيهم في التجارب,انتشار الفقر الشديد بالتزامن مع ضعف الرقابة القانونية,إخفاء المخاطر المحتملة والتركيز على الفوائد فقط,التعارض بين احترام استقلالية المريضة وواجب الطبيب الأخلاقي في الحفاظ على الحياة,تعارض فكرة موت الدماغ مع معتقداتهم الدينية أو أملهم في حدوث معجزة,إجراء دراسة ميدانية لتحليل الوضع الاقتصادي والاجتماعي لضحايا بيع الأعضاء,سؤال طاقم الممرضين عن انطباعاتهم حول العائلات,تشديد العقوبات القانونية على السماسرة بالتزامن مع توفير برامج دعم اقتصادي للفقراء,نقص الأطباء المتخصصين في جراحات زراعة الأعضاء,ضغط العمل الشديد ونظام المواعيد الذي يخصص وقتاً قصيراً لكل مريض,زيادة عدد المستشفيات في المدينة لملاحظة الفرق,إطلاق حملات توعية عامة وشرح المعايير الطبية بدقة مع تقديم دعم نفسي للعائلات,عقد ورش عمل لتدريب الأطباء على مهارات التواصل الفعال وتخصيص وقت كافٍ للشرح,ارتفاع عدد العمليات الجراحية التي يجريها القسم,تعارض هذا الإجراء مع قَسَم أبقراط ومعتقداتهم الأخلاقية والدينية العميقة,إجراء استبيان مجهول الهوية يقدم سيناريوهات أخلاقية للأطباء ويسألهم عن قيمهم,أن يتجاهل الطبيب رغبة المريض تمامًا ويستمر في العلاج,إطلاق حملات توعية وطنية شاملة في الإعلام والمدارس ودور العبادة,انتهاك صارخ لمبدأ العدالة والمساواة في تقديم الرعاية الصحية,نقص الوعي العام بأهمية التبرع وانتشار مفاهيم خاطئة حوله,مقارنة عدد الفحوصات التي تتم للأمراض البسيطة مقابل الخطيرة,تطبيق نظام 'فرز طبي' واضح يعتمد فقط على الحاجة الطبية وخطورة الحالة,وضع سياسات صارمة وإنشاء 'لجنة أخلاقيات بحث' تراجع كل الأبحاث وتضمن موافقة واضحة
3/14/2026 19:58:46,16 / 30,seham.abdelhamid@gmail.com,ضرورة وضع معايير أخلاقية ومنصفة لتحديد أولوية الحصول على الموارد,وجود معتقدات دينية أو ثقافية راسخة تمنع المساس بالجسد بعد الوفاة,مراجعة قوانين التبرع بالأعضاء في الدول المجاورة,انتهاك مبدأ الموافقة المستنيرة وخداع المشاركين,إصدار قانون يجبر جميع المواطنين على التبرع بأعضائهم,انعدام العدالة في توزيع الموارد الصحية مما يمنع البعض من حقه في الرعاية,الخوف من الأعراض الجانبية غير المعروفة أو من كونهم 'فئران تجارب',سؤال الصيادلة في المستشفى عن رأيهم في التجارب,انتشار الفقر الشديد بالتزامن مع ضعف الرقابة القانونية,تقديم مبالغ مالية ضخمة للمشاركين لجذبهم,التكلفة المالية العالية للأدوية المسكنة,تعارض فكرة موت الدماغ مع معتقداتهم الدينية أو أملهم في حدوث معجزة,مراجعة قوائم الطعام وأسعار السلع الأساسية في الأسواق,مراجعة الميزانية السنوية لقسم العناية المركزة,تشديد العقوبات القانونية على السماسرة بالتزامن مع توفير برامج دعم اقتصادي للفقراء,الصراع بين حاجة الشخص للمال وخطر تحويل جسد الإنسان إلى سلعة تُباع وتُشترى,ضغط العمل الشديد ونظام المواعيد الذي يخصص وقتاً قصيراً لكل مريض,رفع أسعار الكشف الطبي في العيادات الخارجية,منع وسائل الإعلام من التحدث عن حالات موت الدماغ,عقد ورش عمل لتدريب الأطباء على مهارات التواصل الفعال وتخصيص وقت كافٍ للشرح,انتهاك المعايير الأخلاقية الطبية وحق المريض الأساسي في الموافقة المستنيرة,قلة خبرتهم الطبية في كيفية تنفيذ هذا الإجراء,إجراء استبيان مجهول الهوية يقدم سيناريوهات أخلاقية للأطباء ويسألهم عن قيمهم,إجراء حوار شامل مع المريض، وإذا استمر التعارض، يتم تحويل رعاية المريض لطبيب آخر يقبل الإجراء,إطلاق حملات توعية وطنية شاملة في الإعلام والمدارس ودور العبادة,ارتفاع أعداد المرضى الوافدين إلى المستشفى يوميًا,ارتفاع المستوى الصحي العام في المجتمع وقلة الحاجة للزرع,زيادة عدد المستشفيات التي تقدم الفحوصات وملاحظة الإقبال,إعطاء الأولوية للمرضى الأغنياء القادرين على الدفع,وضع سياسات صارمة وإنشاء 'لجنة أخلاقيات بحث' تراجع كل الأبحاث وتضمن موافقة واضحة